Name,ShallowSize,ShallowSizePercent,RetainedSize,RetainedSizePercent
"""function names"" subsection",342954,56.952641595286416,,
"data segment "".rodata""",21130,3.5089525618841066,,
icu_datetime[a89e5169bb62ebbc]::format::datetime::try_write_field::<writeable[b3b2ab86242271a5]::parts_write_adapter::CoreWriteAsPartsWrite<&mut alloc[508e33bd5656020b]::string::String>>,5961,0.9899132144529653,,
<dlmalloc[d2f63edc47c9a479]::dlmalloc::Dlmalloc<dlmalloc[d2f63edc47c9a479]::sys::System>>::malloc,4692,0.7791767827903562,,
"<icu_datetime[a89e5169bb62ebbc]::raw::neo::DateTimeZonePatternSelectionData>::try_new_with_skeleton::<icu_provider[cb9726a465308544]::data_provider::DataProviderWithMarker<icu_datetime[a89e5169bb62ebbc]::provider::semantic_skeletons::DatetimePatternsDateGregorianV1, &icu_datetime[a89e5169bb62ebbc]::provider::compat::CompatProvider<&icu_provider[cb9726a465308544]::buf::serde::DeserializingBufferProvider<icu_provider_blob[7aedd55e3b0a236f]::blob_data_provider::BlobDataProvider>, &&icu_provider_blob[7aedd55e3b0a236f]::blob_data_provider::BlobDataProvider>>, icu_provider[cb9726a465308544]::data_provider::DataProviderWithMarker<icu_datetime[a89e5169bb62ebbc]::provider::semantic_skeletons::DatetimePatternsTimeV1, &icu_datetime[a89e5169bb62ebbc]::provider::compat::CompatProvider<&icu_provider[cb9726a465308544]::buf::serde::DeserializingBufferProvider<icu_provider_blob[7aedd55e3b0a236f]::blob_data_provider::BlobDataProvider>, &&icu_provider_blob[7aedd55e3b0a236f]::blob_data_provider::BlobDataProvider>>, icu_provider[cb9726a465308544]::data_provider::DataProviderWithMarker<icu_datetime[a89e5169bb62ebbc]::provider::semantic_skeletons::DatetimePatternsGlueV1, &icu_datetime[a89e5169bb62ebbc]::provider::compat::CompatProvider<&icu_provider[cb9726a465308544]::buf::serde::DeserializingBufferProvider<icu_provider_blob[7aedd55e3b0a236f]::blob_data_provider::BlobDataProvider>, &&icu_provider_blob[7aedd55e3b0a236f]::blob_data_provider::BlobDataProvider>>>",3414,0.5669457665060265,,
"<icu_datetime[a89e5169bb62ebbc]::pattern::names::RawDateTimeNames<icu_datetime[a89e5169bb62ebbc]::fieldsets::enums::CompositeFieldSet>>::load_for_pattern::<icu_provider[cb9726a465308544]::data_provider::DataProviderWithMarker<icu_datetime[a89e5169bb62ebbc]::provider::names::DatetimeNamesYearGregorianV1, &icu_datetime[a89e5169bb62ebbc]::provider::compat::CompatProvider<&icu_provider[cb9726a465308544]::buf::serde::DeserializingBufferProvider<icu_provider_blob[7aedd55e3b0a236f]::blob_data_provider::BlobDataProvider>, &&icu_provider_blob[7aedd55e3b0a236f]::blob_data_provider::BlobDataProvider>>, icu_provider[cb9726a465308544]::data_provider::DataProviderWithMarker<icu_datetime[a89e5169bb62ebbc]::provider::names::DatetimeNamesMonthGregorianV1, &icu_datetime[a89e5169bb62ebbc]::provider::compat::CompatProvider<&icu_provider[cb9726a465308544]::buf::serde::DeserializingBufferProvider<icu_provider_blob[7aedd55e3b0a236f]::blob_data_provider::BlobDataProvider>, &&icu_provider_blob[7aedd55e3b0a236f]::blob_data_provider::BlobDataProvider>>, icu_provider[cb9726a465308544]::data_provider::DataProviderWithMarker<icu_datetime[a89e5169bb62ebbc]::provider::names::DatetimeNamesWeekdayV1, &icu_datetime[a89e5169bb62ebbc]::provider::compat::CompatProvider<&icu_provider[cb9726a465308544]::buf::serde::DeserializingBufferProvider<icu_provider_blob[7aedd55e3b0a236f]::blob_data_provider::BlobDataProvider>, &&icu_provider_blob[7aedd55e3b0a236f]::blob_data_provider::BlobDataProvider>>, icu_provider[cb9726a465308544]::data_provider::DataProviderWithMarker<icu_datetime[a89e5169bb62ebbc]::provider::names::DatetimeNamesDayperiodV1, &icu_datetime[a89e5169bb62ebbc]::provider::compat::CompatProvider<&icu_provider[cb9726a465308544]::buf::serde::DeserializingBufferProvider<icu_provider_blob[7aedd55e3b0a236f]::blob_data_provider::BlobDataProvider>, &&icu_provider_blob[7aedd55e3b0a236f]::blob_data_provider::BlobDataProvider>>, icu_provider[cb9726a465308544]::data_provider::DataProviderWithMarker<icu_datetime[a89e5169bb62ebbc]::provider::time_zones::TimezoneNamesEssentialsV1, &icu_datetime[a89e5169bb62ebbc]::provider::compat::CompatProvider<&icu_provider[cb9726a465308544]::buf::serde::DeserializingBufferProvider<icu_provider_blob[7aedd55e3b0a236f]::blob_data_provider::BlobDataProvider>, &&icu_provider_blob[7aedd55e3b0a236f]::blob_data_provider::BlobDataProvider>>, icu_provider[cb9726a465308544]::data_provider::DataProviderWithMarker<icu_datetime[a89e5169bb62ebbc]::provider::time_zones::TimezoneNamesLocationsOverrideV1, &icu_datetime[a89e5169bb62ebbc]::provider::compat::CompatProvider<&icu_provider[cb9726a465308544]::buf::serde::DeserializingBufferProvider<icu_provider_blob[7aedd55e3b0a236f]::blob_data_provider::BlobDataProvider>, &&icu_provider_blob[7aedd55e3b0a236f]::blob_data_provider::BlobDataProvider>>, icu_provider[cb9726a465308544]::data_provider::DataProviderWithMarker<icu_datetime[a89e5169bb62ebbc]::provider::time_zones::TimezoneNamesLocationsRootV1, &icu_datetime[a89e5169bb62ebbc]::provider::compat::CompatProvider<&icu_provider[cb9726a465308544]::buf::serde::DeserializingBufferProvider<icu_provider_blob[7aedd55e3b0a236f]::blob_data_provider::BlobDataProvider>, &&icu_provider_blob[7aedd55e3b0a236f]::blob_data_provider::BlobDataProvider>>, icu_provider[cb9726a465308544]::data_provider::DataProviderWithMarker<icu_datetime[a89e5169bb62ebbc]::provider::time_zones::TimezoneNamesCitiesOverrideV1, &icu_datetime[a89e5169bb62ebbc]::provider::compat::CompatProvider<&icu_provider[cb9726a465308544]::buf::serde::DeserializingBufferProvider<icu_provider_blob[7aedd55e3b0a236f]::blob_data_provider::BlobDataProvider>, &&icu_provider_blob[7aedd55e3b0a236f]::blob_data_provider::BlobDataProvider>>, icu_provider[cb9726a465308544]::data_provider::DataProviderWithMarker<icu_datetime[a89e5169bb62ebbc]::provider::time_zones::TimezoneNamesCitiesRootV1, &icu_datetime[a89e5169bb62ebbc]::provider::compat::CompatProvider<&icu_provider[cb9726a465308544]::buf::serde::DeserializingBufferProvider<icu_provider_blob[7aedd55e3b0a236f]::blob_data_provider::BlobDataProvider>, &&icu_provider_blob[7aedd55e3b0a236f]::blob_data_provider::BlobDataProvider>>, icu_provider[cb9726a465308544]::data_provider::DataProviderWithMarker<icu_datetime[a89e5169bb62ebbc]::provider::time_zones::TimezoneNamesGenericLongV1, &icu_datetime[a89e5169bb62ebbc]::provider::compat::CompatProvider<&icu_provider[cb9726a465308544]::buf::serde::DeserializingBufferProvider<icu_provider_blob[7aedd55e3b0a236f]::blob_data_provider::BlobDataProvider>, &&icu_provider_blob[7aedd55e3b0a236f]::blob_data_provider::BlobDataProvider>>, icu_provider[cb9726a465308544]::data_provider::DataProviderWithMarker<icu_datetime[a89e5169bb62ebbc]::provider::time_zones::TimezoneNamesGenericShortV1, &icu_datetime[a89e5169bb62ebbc]::provider::compat::CompatProvider<&icu_provider[cb9726a465308544]::buf::serde::DeserializingBufferProvider<icu_provider_blob[7aedd55e3b0a236f]::blob_data_provider::BlobDataProvider>, &&icu_provider_blob[7aedd55e3b0a236f]::blob_data_provider::BlobDataProvider>>, icu_provider[cb9726a465308544]::data_provider::DataProviderWithMarker<icu_datetime[a89e5169bb62ebbc]::provider::time_zones::TimezoneNamesStandardLongV1, &icu_datetime[a89e5169bb62ebbc]::provider::compat::CompatProvider<&icu_provider[cb9726a465308544]::buf::serde::DeserializingBufferProvider<icu_provider_blob[7aedd55e3b0a236f]::blob_data_provider::BlobDataProvider>, &&icu_provider_blob[7aedd55e3b0a236f]::blob_data_provider::BlobDataProvider>>, icu_provider[cb9726a465308544]::data_provider::DataProviderWithMarker<icu_datetime[a89e5169bb62ebbc]::provider::time_zones::TimezoneNamesSpecificLongV1, &icu_datetime[a89e5169bb62ebbc]::provider::compat::CompatProvider<&icu_provider[cb9726a465308544]::buf::serde::DeserializingBufferProvider<icu_provider_blob[7aedd55e3b0a236f]::blob_data_provider::BlobDataProvider>, &&icu_provider_blob[7aedd55e3b0a236f]::blob_data_provider::BlobDataProvider>>, icu_provider[cb9726a465308544]::data_provider::DataProviderWithMarker<icu_datetime[a89e5169bb62ebbc]::provider::time_zones::TimezoneNamesSpecificShortV1, &icu_datetime[a89e5169bb62ebbc]::provider::compat::CompatProvider<&icu_provider[cb9726a465308544]::buf::serde::DeserializingBufferProvider<icu_provider_blob[7aedd55e3b0a236f]::blob_data_provider::BlobDataProvider>, &&icu_provider_blob[7aedd55e3b0a236f]::blob_data_provider::BlobDataProvider>>, icu_provider[cb9726a465308544]::data_provider::DataProviderWithMarker<icu_time[fb65173487e4cb3a]::provider::TimezonePeriodsV1, &icu_datetime[a89e5169bb62ebbc]::provider::compat::CompatProvider<&icu_provider[cb9726a465308544]::buf::serde::DeserializingBufferProvider<icu_provider_blob[7aedd55e3b0a236f]::blob_data_provider::BlobDataProvider>, &&icu_provider_blob[7aedd55e3b0a236f]::blob_data_provider::BlobDataProvider>>, icu_datetime[a89e5169bb62ebbc]::external_loaders::ExternalLoaderBuffer<icu_provider_blob[7aedd55e3b0a236f]::blob_data_provider::BlobDataProvider>, core[ed718c3d60ebd546]::iter::adapters::chain::Chain<core[ed718c3d60ebd546]::iter::adapters::chain::Chain<core[ed718c3d60ebd546]::iter::adapters::flatten::Flatten<core[ed718c3d60ebd546]::option::IntoIter<zerovec[bebf1a62a3c1fad0]::zerovec::slice::ZeroSliceIter<icu_datetime[a89e5169bb62ebbc]::provider::pattern::item::PatternItem>>>, core[ed718c3d60ebd546]::iter::adapters::flatten::Flatten<core[ed718c3d60ebd546]::option::IntoIter<zerovec[bebf1a62a3c1fad0]::zerovec::slice::ZeroSliceIter<icu_datetime[a89e5169bb62ebbc]::provider::pattern::item::PatternItem>>>>, core[ed718c3d60ebd546]::iter::adapters::flatten::FlatMap<core[ed718c3d60ebd546]::option::Iter<icu_datetime[a89e5169bb62ebbc]::raw::neo::ZonePatternSelectionData>, core[ed718c3d60ebd546]::array::iter::IntoIter<icu_datetime[a89e5169bb62ebbc]::provider::pattern::item::PatternItem, 1usize>, <icu_datetime[a89e5169bb62ebbc]::raw::neo::DateTimeZonePatternSelectionData>::pattern_items_for_data_loading::{closure#0}>>>",3330,0.552996310036634,,
<icu_provider_blob[7aedd55e3b0a236f]::blob_schema::BlobSchema>::load,2776,0.46099632332183055,,
<zerotrie[c520be459a73f88a]::builder::nonconst::builder::ZeroTrieBuilder<alloc[508e33bd5656020b]::collections::vec_deque::VecDeque<u8>>>::create,2093,0.3475739570290315,,
"<icu_datetime[a89e5169bb62ebbc]::pattern::names::RawDateTimeNames<icu_datetime[a89e5169bb62ebbc]::fieldsets::enums::CompositeFieldSet>>::load_time_zone_generic_long_names::<icu_provider[cb9726a465308544]::data_provider::DataProviderWithMarker<icu_datetime[a89e5169bb62ebbc]::provider::time_zones::TimezoneNamesGenericLongV1, &icu_datetime[a89e5169bb62ebbc]::provider::compat::CompatProvider<&icu_provider[cb9726a465308544]::buf::serde::DeserializingBufferProvider<icu_provider_blob[7aedd55e3b0a236f]::blob_data_provider::BlobDataProvider>, &&icu_provider_blob[7aedd55e3b0a236f]::blob_data_provider::BlobDataProvider>>, icu_provider[cb9726a465308544]::data_provider::DataProviderWithMarker<icu_datetime[a89e5169bb62ebbc]::provider::time_zones::TimezoneNamesStandardLongV1, &icu_datetime[a89e5169bb62ebbc]::provider::compat::CompatProvider<&icu_provider[cb9726a465308544]::buf::serde::DeserializingBufferProvider<icu_provider_blob[7aedd55e3b0a236f]::blob_data_provider::BlobDataProvider>, &&icu_provider_blob[7aedd55e3b0a236f]::blob_data_provider::BlobDataProvider>>, icu_provider[cb9726a465308544]::data_provider::DataProviderWithMarker<icu_time[fb65173487e4cb3a]::provider::TimezonePeriodsV1, &icu_datetime[a89e5169bb62ebbc]::provider::compat::CompatProvider<&icu_provider[cb9726a465308544]::buf::serde::DeserializingBufferProvider<icu_provider_blob[7aedd55e3b0a236f]::blob_data_provider::BlobDataProvider>, &&icu_provider_blob[7aedd55e3b0a236f]::blob_data_provider::BlobDataProvider>>>",1799,0.2987508593861575,,
"<icu_datetime[a89e5169bb62ebbc]::pattern::names::RawDateTimeNames<icu_datetime[a89e5169bb62ebbc]::fieldsets::enums::CompositeFieldSet>>::load_time_zone_specific_long_names::<icu_provider[cb9726a465308544]::data_provider::DataProviderWithMarker<icu_datetime[a89e5169bb62ebbc]::provider::time_zones::TimezoneNamesSpecificLongV1, &icu_datetime[a89e5169bb62ebbc]::provider::compat::CompatProvider<&icu_provider[cb9726a465308544]::buf::serde::DeserializingBufferProvider<icu_provider_blob[7aedd55e3b0a236f]::blob_data_provider::BlobDataProvider>, &&icu_provider_blob[7aedd55e3b0a236f]::blob_data_provider::BlobDataProvider>>, icu_provider[cb9726a465308544]::data_provider::DataProviderWithMarker<icu_datetime[a89e5169bb62ebbc]::provider::time_zones::TimezoneNamesStandardLongV1, &icu_datetime[a89e5169bb62ebbc]::provider::compat::CompatProvider<&icu_provider[cb9726a465308544]::buf::serde::DeserializingBufferProvider<icu_provider_blob[7aedd55e3b0a236f]::blob_data_provider::BlobDataProvider>, &&icu_provider_blob[7aedd55e3b0a236f]::blob_data_provider::BlobDataProvider>>, icu_provider[cb9726a465308544]::data_provider::DataProviderWithMarker<icu_time[fb65173487e4cb3a]::provider::TimezonePeriodsV1, &icu_datetime[a89e5169bb62ebbc]::provider::compat::CompatProvider<&icu_provider[cb9726a465308544]::buf::serde::DeserializingBufferProvider<icu_provider_blob[7aedd55e3b0a236f]::blob_data_provider::BlobDataProvider>, &&icu_provider_blob[7aedd55e3b0a236f]::blob_data_provider::BlobDataProvider>>>",1794,0.2979205345963127,,
<zerotrie[c520be459a73f88a]::byte_phf::PerfectByteHashMap<alloc[508e33bd5656020b]::vec::Vec<u8>>>::try_new,1514,0.25142234636500416,,
<icu_locale_core[80ffd7f212f7bd21]::extensions::Extensions>::try_from_iter,1501,0.24926350191140767,,
"<icu_datetime[a89e5169bb62ebbc]::pattern::names::RawDateTimeNames<icu_datetime[a89e5169bb62ebbc]::fieldsets::enums::CompositeFieldSet>>::load_time_zone_generic_short_names::<icu_provider[cb9726a465308544]::data_provider::DataProviderWithMarker<icu_datetime[a89e5169bb62ebbc]::provider::time_zones::TimezoneNamesGenericShortV1, &icu_datetime[a89e5169bb62ebbc]::provider::compat::CompatProvider<&icu_provider[cb9726a465308544]::buf::serde::DeserializingBufferProvider<icu_provider_blob[7aedd55e3b0a236f]::blob_data_provider::BlobDataProvider>, &&icu_provider_blob[7aedd55e3b0a236f]::blob_data_provider::BlobDataProvider>>, icu_provider[cb9726a465308544]::data_provider::DataProviderWithMarker<icu_time[fb65173487e4cb3a]::provider::TimezonePeriodsV1, &icu_datetime[a89e5169bb62ebbc]::provider::compat::CompatProvider<&icu_provider[cb9726a465308544]::buf::serde::DeserializingBufferProvider<icu_provider_blob[7aedd55e3b0a236f]::blob_data_provider::BlobDataProvider>, &&icu_provider_blob[7aedd55e3b0a236f]::blob_data_provider::BlobDataProvider>>>",1274,0.21156675645245393,,
"<icu_datetime[a89e5169bb62ebbc]::pattern::names::RawDateTimeNames<icu_datetime[a89e5169bb62ebbc]::fieldsets::enums::CompositeFieldSet>>::load_time_zone_specific_short_names::<icu_provider[cb9726a465308544]::data_provider::DataProviderWithMarker<icu_datetime[a89e5169bb62ebbc]::provider::time_zones::TimezoneNamesSpecificShortV1, &icu_datetime[a89e5169bb62ebbc]::provider::compat::CompatProvider<&icu_provider[cb9726a465308544]::buf::serde::DeserializingBufferProvider<icu_provider_blob[7aedd55e3b0a236f]::blob_data_provider::BlobDataProvider>, &&icu_provider_blob[7aedd55e3b0a236f]::blob_data_provider::BlobDataProvider>>, icu_provider[cb9726a465308544]::data_provider::DataProviderWithMarker<icu_time[fb65173487e4cb3a]::provider::TimezonePeriodsV1, &icu_datetime[a89e5169bb62ebbc]::provider::compat::CompatProvider<&icu_provider[cb9726a465308544]::buf::serde::DeserializingBufferProvider<icu_provider_blob[7aedd55e3b0a236f]::blob_data_provider::BlobDataProvider>, &&icu_provider_blob[7aedd55e3b0a236f]::blob_data_provider::BlobDataProvider>>>",1270,0.21090249662057808,,
mf2dt[cf7edd48dfb2ab59]::parse_operand,1151,0.19114076662227197,,
"<icu_datetime[a89e5169bb62ebbc]::pattern::names::RawDateTimeNames<icu_datetime[a89e5169bb62ebbc]::fieldsets::enums::CompositeFieldSet>>::load_time_zone_exemplar_city_names::<icu_provider[cb9726a465308544]::data_provider::DataProviderWithMarker<icu_datetime[a89e5169bb62ebbc]::provider::time_zones::TimezoneNamesCitiesOverrideV1, &icu_datetime[a89e5169bb62ebbc]::provider::compat::CompatProvider<&icu_provider[cb9726a465308544]::buf::serde::DeserializingBufferProvider<icu_provider_blob[7aedd55e3b0a236f]::blob_data_provider::BlobDataProvider>, &&icu_provider_blob[7aedd55e3b0a236f]::blob_data_provider::BlobDataProvider>>, icu_provider[cb9726a465308544]::data_provider::DataProviderWithMarker<icu_datetime[a89e5169bb62ebbc]::provider::time_zones::TimezoneNamesCitiesRootV1, &icu_datetime[a89e5169bb62ebbc]::provider::compat::CompatProvider<&icu_provider[cb9726a465308544]::buf::serde::DeserializingBufferProvider<icu_provider_blob[7aedd55e3b0a236f]::blob_data_provider::BlobDataProvider>, &&icu_provider_blob[7aedd55e3b0a236f]::blob_data_provider::BlobDataProvider>>>",1130,0.18765340250492382,,
"<icu_datetime[a89e5169bb62ebbc]::pattern::names::RawDateTimeNames<icu_datetime[a89e5169bb62ebbc]::fieldsets::enums::CompositeFieldSet>>::load_time_zone_location_names::<icu_provider[cb9726a465308544]::data_provider::DataProviderWithMarker<icu_datetime[a89e5169bb62ebbc]::provider::time_zones::TimezoneNamesLocationsOverrideV1, &icu_datetime[a89e5169bb62ebbc]::provider::compat::CompatProvider<&icu_provider[cb9726a465308544]::buf::serde::DeserializingBufferProvider<icu_provider_blob[7aedd55e3b0a236f]::blob_data_provider::BlobDataProvider>, &&icu_provider_blob[7aedd55e3b0a236f]::blob_data_provider::BlobDataProvider>>, icu_provider[cb9726a465308544]::data_provider::DataProviderWithMarker<icu_datetime[a89e5169bb62ebbc]::provider::time_zones::TimezoneNamesLocationsRootV1, &icu_datetime[a89e5169bb62ebbc]::provider::compat::CompatProvider<&icu_provider[cb9726a465308544]::buf::serde::DeserializingBufferProvider<icu_provider_blob[7aedd55e3b0a236f]::blob_data_provider::BlobDataProvider>, &&icu_provider_blob[7aedd55e3b0a236f]::blob_data_provider::BlobDataProvider>>>",1129,0.18748733754695487,,
<icu_datetime[a89e5169bb62ebbc]::pattern::names::RawDateTimeNamesBorrowed>::get_name_for_month,1078,0.17901802469053796,,
<[char; 10usize] as serde_core[a2f16ecbf4bfe085]::de::Deserialize>::deserialize::<&mut postcard[4ec100a46e8476d3]::de::deserializer::Deserializer<postcard[4ec100a46e8476d3]::de::flavors::Slice>>,1069,0.17752344006881732,,
<icu_datetime[a89e5169bb62ebbc]::fieldsets::builder::FieldSetBuilder>::build_composite,1053,0.174866400741314,,
mf2dt[cf7edd48dfb2ab59]::resolve::<w_icu_blob_fixed[5f5d79c9d0a3b9d8]::Errs>,1030,0.1710469067080279,,
"<icu_datetime[a89e5169bb62ebbc]::neo::FixedCalendarDateTimeFormatter<icu_calendar[9ded05a9b369afae]::cal::gregorian::Gregorian, icu_datetime[a89e5169bb62ebbc]::fieldsets::enums::CompositeFieldSet>>::try_new_internal_with_names::<icu_datetime[a89e5169bb62ebbc]::provider::compat::CompatProvider<&icu_provider[cb9726a465308544]::buf::serde::DeserializingBufferProvider<icu_provider_blob[7aedd55e3b0a236f]::blob_data_provider::BlobDataProvider>, &&icu_provider_blob[7aedd55e3b0a236f]::blob_data_provider::BlobDataProvider>, icu_datetime[a89e5169bb62ebbc]::provider::compat::CompatProvider<&icu_provider[cb9726a465308544]::buf::serde::DeserializingBufferProvider<icu_provider_blob[7aedd55e3b0a236f]::blob_data_provider::BlobDataProvider>, &&icu_provider_blob[7aedd55e3b0a236f]::blob_data_provider::BlobDataProvider>, icu_datetime[a89e5169bb62ebbc]::external_loaders::ExternalLoaderBuffer<icu_provider_blob[7aedd55e3b0a236f]::blob_data_provider::BlobDataProvider>>",981,0.16290972376754892,,
"<zerovec[bebf1a62a3c1fad0]::map2d::map::ZeroMap2d<icu_time[fb65173487e4cb3a]::zone::TimeZone, icu_time[fb65173487e4cb3a]::zone::zone_name_timestamp::ZoneNameTimestamp, zerovec[bebf1a62a3c1fad0]::ule::niche::NichedOption<core[ed718c3d60ebd546]::num::nonzero::NonZero<u8>, 1usize>> as serde_core[a2f16ecbf4bfe085]::de::Deserialize>::deserialize::<&mut postcard[4ec100a46e8476d3]::de::deserializer::Deserializer<postcard[4ec100a46e8476d3]::de::flavors::Slice>>",979,0.162577593851611,,
<icu_datetime[a89e5169bb62ebbc]::provider::time_zones::Locations as serde_core[a2f16ecbf4bfe085]::de::Deserialize>::deserialize::<&mut postcard[4ec100a46e8476d3]::de::deserializer::Deserializer<postcard[4ec100a46e8476d3]::de::flavors::Slice>>,949,0.15759564511254223,,
<icu_provider[cb9726a465308544]::buf::serde::DeserializingBufferProvider<icu_provider_blob[7aedd55e3b0a236f]::blob_data_provider::BlobDataProvider> as icu_provider[cb9726a465308544]::data_provider::DynamicDataProvider<icu_datetime[a89e5169bb62ebbc]::provider::time_zones::TimezoneNamesCitiesRootV1>>::load_data,937,0.15560286561691472,,
<icu_provider[cb9726a465308544]::buf::serde::DeserializingBufferProvider<icu_provider_blob[7aedd55e3b0a236f]::blob_data_provider::BlobDataProvider> as icu_provider[cb9726a465308544]::data_provider::DynamicDataProvider<icu_decimal[22a00049869067f7]::provider::DecimalSymbolsV1>>::load_data,911,0.15128517670972177,,
<icu_provider[cb9726a465308544]::buf::serde::DeserializingBufferProvider<icu_provider_blob[7aedd55e3b0a236f]::blob_data_provider::BlobDataProvider> as icu_provider[cb9726a465308544]::data_provider::DynamicDataProvider<icu_datetime[a89e5169bb62ebbc]::provider::semantic_skeletons::DatetimePatternsTimeV1>>::load_data,911,0.15128517670972177,,
<icu_provider[cb9726a465308544]::buf::serde::DeserializingBufferProvider<icu_provider_blob[7aedd55e3b0a236f]::blob_data_provider::BlobDataProvider> as icu_provider[cb9726a465308544]::data_provider::DynamicDataProvider<icu_datetime[a89e5169bb62ebbc]::provider::names::DatetimeNamesYearGregorianV1>>::load_data,911,0.15128517670972177,,
<icu_provider[cb9726a465308544]::buf::serde::DeserializingBufferProvider<icu_provider_blob[7aedd55e3b0a236f]::blob_data_provider::BlobDataProvider> as icu_provider[cb9726a465308544]::data_provider::DynamicDataProvider<icu_datetime[a89e5169bb62ebbc]::provider::names::DatetimeNamesMonthGregorianV1>>::load_data,911,0.15128517670972177,,
icu_locale_core[80ffd7f212f7bd21]::parser::langid::parse_language_identifier_from_iter,894,0.14846207242424947,,
__rustc[100742bb89c490cb]::__rdl_realloc,892,0.14812994250831155,,
core[ed718c3d60ebd546]::str::count::do_count_chars,878,0.1458050330967461,,
<icu_provider[cb9726a465308544]::buf::serde::DeserializingBufferProvider<icu_provider_blob[7aedd55e3b0a236f]::blob_data_provider::BlobDataProvider> as icu_provider[cb9726a465308544]::data_provider::DynamicDataProvider<icu_datetime[a89e5169bb62ebbc]::provider::semantic_skeletons::DatetimePatternsGlueV1>>::load_data,869,0.1443104484750255,,
<icu_provider[cb9726a465308544]::buf::serde::DeserializingBufferProvider<icu_provider_blob[7aedd55e3b0a236f]::blob_data_provider::BlobDataProvider> as icu_provider[cb9726a465308544]::data_provider::DynamicDataProvider<icu_datetime[a89e5169bb62ebbc]::provider::names::DatetimeNamesWeekdayV1>>::load_data,869,0.1443104484750255,,
<icu_provider[cb9726a465308544]::buf::serde::DeserializingBufferProvider<icu_provider_blob[7aedd55e3b0a236f]::blob_data_provider::BlobDataProvider> as icu_provider[cb9726a465308544]::data_provider::DynamicDataProvider<icu_datetime[a89e5169bb62ebbc]::provider::names::DatetimeNamesDayperiodV1>>::load_data,869,0.1443104484750255,,
<icu_locale_core[80ffd7f212f7bd21]::extensions::transform::Transform>::try_from_iter,864,0.1434801236851807,,
<icu_provider[cb9726a465308544]::buf::serde::DeserializingBufferProvider<icu_provider_blob[7aedd55e3b0a236f]::blob_data_provider::BlobDataProvider> as icu_provider[cb9726a465308544]::data_provider::DynamicDataProvider<icu_datetime[a89e5169bb62ebbc]::provider::time_zones::TimezoneNamesSpecificLongV1>>::load_data,832,0.138166045030174,,
<icu_provider[cb9726a465308544]::buf::serde::DeserializingBufferProvider<icu_provider_blob[7aedd55e3b0a236f]::blob_data_provider::BlobDataProvider> as icu_provider[cb9726a465308544]::data_provider::DynamicDataProvider<icu_datetime[a89e5169bb62ebbc]::provider::time_zones::TimezoneNamesLocationsRootV1>>::load_data,832,0.138166045030174,,
"<icu_datetime[a89e5169bb62ebbc]::raw::neo::TimePatternSelectionData>::try_new_with_skeleton::<icu_provider[cb9726a465308544]::data_provider::DataProviderWithMarker<icu_datetime[a89e5169bb62ebbc]::provider::semantic_skeletons::DatetimePatternsTimeV1, &icu_datetime[a89e5169bb62ebbc]::provider::compat::CompatProvider<&icu_provider[cb9726a465308544]::buf::serde::DeserializingBufferProvider<icu_provider_blob[7aedd55e3b0a236f]::blob_data_provider::BlobDataProvider>, &&icu_provider_blob[7aedd55e3b0a236f]::blob_data_provider::BlobDataProvider>>>",832,0.138166045030174,,
<icu_provider[cb9726a465308544]::buf::serde::DeserializingBufferProvider<&&icu_provider_blob[7aedd55e3b0a236f]::blob_data_provider::BlobDataProvider> as icu_provider[cb9726a465308544]::data_provider::DynamicDataProvider<icu_datetime[a89e5169bb62ebbc]::provider::time_zones::legacy::TimezoneMetazonePeriodsV1>>::load_data,829,0.13766785015626712,,
<icu_provider[cb9726a465308544]::buf::serde::DeserializingBufferProvider<icu_provider_blob[7aedd55e3b0a236f]::blob_data_provider::BlobDataProvider> as icu_provider[cb9726a465308544]::data_provider::DynamicDataProvider<icu_decimal[22a00049869067f7]::provider::DecimalDigitsV1>>::load_data,823,0.13667146040845338,,
<icu_provider[cb9726a465308544]::buf::serde::DeserializingBufferProvider<icu_provider_blob[7aedd55e3b0a236f]::blob_data_provider::BlobDataProvider> as icu_provider[cb9726a465308544]::data_provider::DynamicDataProvider<icu_time[fb65173487e4cb3a]::provider::TimezonePeriodsV1>>::load_data,823,0.13667146040845338,,
<icu_provider[cb9726a465308544]::buf::serde::DeserializingBufferProvider<icu_provider_blob[7aedd55e3b0a236f]::blob_data_provider::BlobDataProvider> as icu_provider[cb9726a465308544]::data_provider::DynamicDataProvider<icu_datetime[a89e5169bb62ebbc]::provider::time_zones::TimezoneNamesEssentialsV1>>::load_data,823,0.13667146040845338,,
<icu_provider[cb9726a465308544]::buf::serde::DeserializingBufferProvider<icu_provider_blob[7aedd55e3b0a236f]::blob_data_provider::BlobDataProvider> as icu_provider[cb9726a465308544]::data_provider::DynamicDataProvider<icu_datetime[a89e5169bb62ebbc]::provider::time_zones::TimezoneNamesGenericLongV1>>::load_data,823,0.13667146040845338,,
<dlmalloc[d2f63edc47c9a479]::dlmalloc::Dlmalloc<dlmalloc[d2f63edc47c9a479]::sys::System>>::free,804,0.13351622620704315,,
icu_datetime[a89e5169bb62ebbc]::provider::time_zones::legacy::metazone_timezone_compat::<&&icu_provider_blob[7aedd55e3b0a236f]::blob_data_provider::BlobDataProvider>,802,0.13318409629110523,,
<icu_datetime[a89e5169bb62ebbc]::pattern::names::RawDateTimeNames<icu_datetime[a89e5169bb62ebbc]::fieldsets::enums::CompositeFieldSet>>::as_borrowed,775,0.12870034242594333,,
<icu_datetime[a89e5169bb62ebbc]::format::time_zone::SpecificNonLocationFormat as icu_datetime[a89e5169bb62ebbc]::format::time_zone::FormatTimeZone>::format::<writeable[b3b2ab86242271a5]::parts_write_adapter::CoreWriteAsPartsWrite<&mut alloc[508e33bd5656020b]::string::String>>,750,0.12454871847671935,,
"<zerovec[bebf1a62a3c1fad0]::varzerovec::owned::VarZeroVecOwned<zerovec[bebf1a62a3c1fad0]::ule::vartuple::VarTupleULE<(u8, zerovec[bebf1a62a3c1fad0]::ule::niche::NichedOption<core[ed718c3d60ebd546]::num::nonzero::NonZero<u8>, 1usize>), zerovec[bebf1a62a3c1fad0]::zerovec::slice::ZeroSlice<(icu_time[fb65173487e4cb3a]::provider::Timestamp24, u8, zerovec[bebf1a62a3c1fad0]::ule::niche::NichedOption<core[ed718c3d60ebd546]::num::nonzero::NonZero<u8>, 1usize>)>>>>::shift",747,0.12405052360281248,,
<icu_locale_core[80ffd7f212f7bd21]::preferences::extensions::unicode::keywords::calendar::CalendarAlgorithm as core[ed718c3d60ebd546]::convert::TryFrom<&icu_locale_core[80ffd7f212f7bd21]::extensions::unicode::value::Value>>::try_from,744,0.12355232872890559,,
<core[ed718c3d60ebd546]::fmt::Formatter>::pad_integral,735,0.12205774410718497,,
<zerotrie[c520be459a73f88a]::zerotrie::ZeroTrieSimpleAscii<&[u8]>>::get::<&[u8]>,719,0.11940070477968162,,
<icu_datetime[a89e5169bb62ebbc]::fieldsets::builder::FieldSetBuilder>::build_date_or_calendar_period_without_checking_options,706,0.11724186032608516,,
core[ed718c3d60ebd546]::str::converts::from_utf8,695,0.1154151457884266,,
<icu_decimal[22a00049869067f7]::decimal_formatter::DecimalFormatter>::try_new_unstable::<icu_provider[cb9726a465308544]::buf::serde::DeserializingBufferProvider<icu_provider_blob[7aedd55e3b0a236f]::blob_data_provider::BlobDataProvider>>,688,0.11425269108264388,,
<icu_datetime[a89e5169bb62ebbc]::format::time_zone::GenericNonLocationFormat as icu_datetime[a89e5169bb62ebbc]::format::time_zone::FormatTimeZone>::format::<writeable[b3b2ab86242271a5]::parts_write_adapter::CoreWriteAsPartsWrite<&mut alloc[508e33bd5656020b]::string::String>>,675,0.11209384662904742,,
"<icu_datetime[a89e5169bb62ebbc]::pattern::names::RawDateTimeNames<icu_datetime[a89e5169bb62ebbc]::fieldsets::enums::CompositeFieldSet>>::load_year_names::<icu_provider[cb9726a465308544]::data_provider::DataProviderWithMarker<icu_datetime[a89e5169bb62ebbc]::provider::names::DatetimeNamesYearGregorianV1, &icu_datetime[a89e5169bb62ebbc]::provider::compat::CompatProvider<&icu_provider[cb9726a465308544]::buf::serde::DeserializingBufferProvider<icu_provider_blob[7aedd55e3b0a236f]::blob_data_provider::BlobDataProvider>, &&icu_provider_blob[7aedd55e3b0a236f]::blob_data_provider::BlobDataProvider>>>",675,0.11209384662904742,,
"<icu_datetime[a89e5169bb62ebbc]::pattern::names::RawDateTimeNames<icu_datetime[a89e5169bb62ebbc]::fieldsets::enums::CompositeFieldSet>>::load_month_names::<icu_provider[cb9726a465308544]::data_provider::DataProviderWithMarker<icu_datetime[a89e5169bb62ebbc]::provider::names::DatetimeNamesMonthGregorianV1, &icu_datetime[a89e5169bb62ebbc]::provider::compat::CompatProvider<&icu_provider[cb9726a465308544]::buf::serde::DeserializingBufferProvider<icu_provider_blob[7aedd55e3b0a236f]::blob_data_provider::BlobDataProvider>, &&icu_provider_blob[7aedd55e3b0a236f]::blob_data_provider::BlobDataProvider>>>",675,0.11209384662904742,,
"<icu_datetime[a89e5169bb62ebbc]::pattern::names::RawDateTimeNames<icu_datetime[a89e5169bb62ebbc]::fieldsets::enums::CompositeFieldSet>>::load_weekday_names::<icu_provider[cb9726a465308544]::data_provider::DataProviderWithMarker<icu_datetime[a89e5169bb62ebbc]::provider::names::DatetimeNamesWeekdayV1, &icu_datetime[a89e5169bb62ebbc]::provider::compat::CompatProvider<&icu_provider[cb9726a465308544]::buf::serde::DeserializingBufferProvider<icu_provider_blob[7aedd55e3b0a236f]::blob_data_provider::BlobDataProvider>, &&icu_provider_blob[7aedd55e3b0a236f]::blob_data_provider::BlobDataProvider>>>",675,0.11209384662904742,,
"<icu_datetime[a89e5169bb62ebbc]::pattern::names::RawDateTimeNames<icu_datetime[a89e5169bb62ebbc]::fieldsets::enums::CompositeFieldSet>>::load_day_period_names::<icu_provider[cb9726a465308544]::data_provider::DataProviderWithMarker<icu_datetime[a89e5169bb62ebbc]::provider::names::DatetimeNamesDayperiodV1, &icu_datetime[a89e5169bb62ebbc]::provider::compat::CompatProvider<&icu_provider[cb9726a465308544]::buf::serde::DeserializingBufferProvider<icu_provider_blob[7aedd55e3b0a236f]::blob_data_provider::BlobDataProvider>, &&icu_provider_blob[7aedd55e3b0a236f]::blob_data_provider::BlobDataProvider>>>",675,0.11209384662904742,,
<char>::escape_debug_ext,675,0.11209384662904742,,
<icu_locale_core[80ffd7f212f7bd21]::locale::Locale>::try_from_utf8,672,0.11159565175514054,,
"<icu_locale_core[80ffd7f212f7bd21]::shortvec::ShortBoxSlice<(icu_locale_core[80ffd7f212f7bd21]::extensions::unicode::key::Key, icu_locale_core[80ffd7f212f7bd21]::extensions::unicode::value::Value)>>::insert",645,0.10711189788997863,,
"core[ed718c3d60ebd546]::slice::sort::stable::quicksort::stable_partition::<(usize, alloc[508e33bd5656020b]::vec::Vec<u8>), core[ed718c3d60ebd546]::slice::sort::stable::quicksort::quicksort<(usize, alloc[508e33bd5656020b]::vec::Vec<u8>), <[(usize, alloc[508e33bd5656020b]::vec::Vec<u8>)]>::sort_by_key<isize, zerotrie[c520be459a73f88a]::byte_phf::builder::find::{closure#1}>::{closure#0}>::{closure#0}>",643,0.10677976797404073,,
"core[ed718c3d60ebd546]::slice::sort::stable::quicksort::stable_partition::<(usize, alloc[508e33bd5656020b]::vec::Vec<u8>), <[(usize, alloc[508e33bd5656020b]::vec::Vec<u8>)]>::sort_by_key<isize, zerotrie[c520be459a73f88a]::byte_phf::builder::find::{closure#1}>::{closure#0}>",643,0.10677976797404073,,
<core[ed718c3d60ebd546]::fmt::Formatter>::pad,637,0.10578337822622697,,
<icu_datetime[a89e5169bb62ebbc]::fieldsets::builder::FieldSetBuilder>::build_date_and_time,635,0.10545124831028904,,
"<icu_datetime[a89e5169bb62ebbc]::pattern::names::RawDateTimeNames<icu_datetime[a89e5169bb62ebbc]::fieldsets::enums::CompositeFieldSet>>::load_time_zone_essentials::<icu_provider[cb9726a465308544]::data_provider::DataProviderWithMarker<icu_datetime[a89e5169bb62ebbc]::provider::time_zones::TimezoneNamesEssentialsV1, &icu_datetime[a89e5169bb62ebbc]::provider::compat::CompatProvider<&icu_provider[cb9726a465308544]::buf::serde::DeserializingBufferProvider<icu_provider_blob[7aedd55e3b0a236f]::blob_data_provider::BlobDataProvider>, &&icu_provider_blob[7aedd55e3b0a236f]::blob_data_provider::BlobDataProvider>>>",635,0.10545124831028904,,
<icu_datetime[a89e5169bb62ebbc]::raw::neo::DateTimeZonePatternSelectionData>::select,626,0.10395666368856842,,
<icu_datetime[a89e5169bb62ebbc]::pattern::names::RawDateTimeNamesBorrowed>::get_name_for_day_period,622,0.10329240385669258,,
icu_datetime[a89e5169bb62ebbc]::format::numeric_override::format_hebrew::format_hebrew_less_than_1000::<writeable[b3b2ab86242271a5]::parts_write_adapter::CoreWriteAsPartsWrite<&mut alloc[508e33bd5656020b]::string::String>>,606,0.10063536452918924,,
<icu_locale_core[80ffd7f212f7bd21]::shortvec::ShortBoxSlice<icu_locale_core[80ffd7f212f7bd21]::subtags::variant::Variant>>::insert,597,0.09914077990746861,,
core[ed718c3d60ebd546]::fmt::write,579,0.09615161066402733,,
<core[ed718c3d60ebd546]::fmt::builders::PadAdapter as core[ed718c3d60ebd546]::fmt::Write>::write_str,571,0.09482309100027567,,
mf2dt[cf7edd48dfb2ab59]::parse_time_zone,560,0.09299637646261712,,
<<icu_datetime[a89e5169bb62ebbc]::provider::time_zones::TimeZoneEssentials as serde_core[a2f16ecbf4bfe085]::de::Deserialize>::deserialize::Raw as serde_core[a2f16ecbf4bfe085]::de::Deserialize>::deserialize::<&mut postcard[4ec100a46e8476d3]::de::deserializer::Deserializer<postcard[4ec100a46e8476d3]::de::flavors::Slice>>,541,0.08984114226120689,,
"core[ed718c3d60ebd546]::slice::sort::stable::drift::sort::<(&[u8], usize), <[(&[u8], usize)]>::sort_by<<zerotrie[c520be459a73f88a]::builder::nonconst::builder::ZeroTrieBuilder<alloc[508e33bd5656020b]::collections::vec_deque::VecDeque<u8>>>::from_bytes_iter<&str, core[ed718c3d60ebd546]::iter::adapters::map::Map<core[ed718c3d60ebd546]::iter::adapters::enumerate::Enumerate<core[ed718c3d60ebd546]::iter::adapters::map::Map<core[ed718c3d60ebd546]::ops::range::Range<usize>, <zerovec[bebf1a62a3c1fad0]::map2d::map::ZeroMap2d<icu_time[fb65173487e4cb3a]::zone::TimeZone, icu_time[fb65173487e4cb3a]::zone::zone_name_timestamp::ZoneNameTimestamp, zerovec[bebf1a62a3c1fad0]::ule::niche::NichedOption<core[ed718c3d60ebd546]::num::nonzero::NonZero<u8>, 1usize>>>::iter0::{closure#0}>>, icu_datetime[a89e5169bb62ebbc]::provider::time_zones::legacy::metazone_timezone_compat<&&icu_provider_blob[7aedd55e3b0a236f]::blob_data_provider::BlobDataProvider>::{closure#0}>>::{closure#1}>::{closure#0}>",531,0.0881804926815173,,
"core[ed718c3d60ebd546]::slice::sort::stable::drift::sort::<(usize, alloc[508e33bd5656020b]::vec::Vec<u8>), <[(usize, alloc[508e33bd5656020b]::vec::Vec<u8>)]>::sort_by_key<isize, zerotrie[c520be459a73f88a]::byte_phf::builder::find::{closure#1}>::{closure#0}>",531,0.0881804926815173,,
"<core[ed718c3d60ebd546]::iter::adapters::flatten::FlatMap<core[ed718c3d60ebd546]::iter::adapters::map::Map<core[ed718c3d60ebd546]::slice::iter::Iter<icu_datetime[a89e5169bb62ebbc]::provider::pattern::item::ule::GenericPatternItemULE>, <icu_datetime[a89e5169bb62ebbc]::raw::neo::DateTimeZonePatternDataBorrowed>::iter_items::{closure#0}>, core[ed718c3d60ebd546]::iter::adapters::map::Map<zerovec[bebf1a62a3c1fad0]::zerovec::slice::ZeroSliceIter<icu_datetime[a89e5169bb62ebbc]::provider::pattern::item::PatternItem>, <icu_datetime[a89e5169bb62ebbc]::raw::neo::ItemsAndOptions>::iter_items::{closure#0}>, <icu_datetime[a89e5169bb62ebbc]::raw::neo::DateTimeZonePatternDataBorrowed>::iter_items::{closure#1}> as core[ed718c3d60ebd546]::iter::traits::iterator::Iterator>::next",530,0.08801442772354834,,
<icu_locale_core[80ffd7f212f7bd21]::preferences::locale::LocalePreferences>::from_locale_strict,522,0.08668590805979666,,
<<icu_datetime[a89e5169bb62ebbc]::provider::names::MonthNames as serde_core[a2f16ecbf4bfe085]::de::Deserialize>::deserialize::__Visitor as serde_core[a2f16ecbf4bfe085]::de::Visitor>::visit_enum::<&mut postcard[4ec100a46e8476d3]::de::deserializer::Deserializer<postcard[4ec100a46e8476d3]::de::flavors::Slice>>,522,0.08668590805979666,,
<dlmalloc[d2f63edc47c9a479]::dlmalloc::Dlmalloc<dlmalloc[d2f63edc47c9a479]::sys::System>>::dispose_chunk,519,0.0861877131858898,,
<icu_decimal[22a00049869067f7]::decimal_formatter::FormattedUnsignedDecimal as writeable[b3b2ab86242271a5]::Writeable>::write_to_parts::<writeable[b3b2ab86242271a5]::parts_write_adapter::CoreWriteAsPartsWrite<&mut alloc[508e33bd5656020b]::string::String>>,512,0.08502525848010707,,
dt_icu[55c8369e3928839]::buffer::format_fixed_buffer::<icu_provider_blob[7aedd55e3b0a236f]::blob_data_provider::BlobDataProvider>,510,0.08469312856416916,,
<icu_datetime[a89e5169bb62ebbc]::neo::DateTimeFormatterPreferences>::from_locale_strict,509,0.0845270636062002,,
"<alloc[508e33bd5656020b]::collections::btree::node::Handle<alloc[508e33bd5656020b]::collections::btree::node::NodeRef<alloc[508e33bd5656020b]::collections::btree::node::marker::Mut, alloc[508e33bd5656020b]::vec::Vec<u8>, zerotrie[c520be459a73f88a]::byte_phf::PerfectByteHashMap<alloc[508e33bd5656020b]::vec::Vec<u8>>, alloc[508e33bd5656020b]::collections::btree::node::marker::Leaf>, alloc[508e33bd5656020b]::collections::btree::node::marker::Edge>>::insert_recursing::<alloc[508e33bd5656020b]::alloc::Global, <alloc[508e33bd5656020b]::collections::btree::map::entry::VacantEntry<alloc[508e33bd5656020b]::vec::Vec<u8>, zerotrie[c520be459a73f88a]::byte_phf::PerfectByteHashMap<alloc[508e33bd5656020b]::vec::Vec<u8>>>>::insert_entry::{closure#0}>",487,0.0808736345308831,,
icu_datetime[a89e5169bb62ebbc]::format::numeric_override::format_romanlow::<writeable[b3b2ab86242271a5]::parts_write_adapter::CoreWriteAsPartsWrite<&mut alloc[508e33bd5656020b]::string::String>>,480,0.07971117982510038,,
<icu_datetime[a89e5169bb62ebbc]::format::time_zone::Iso8601Format>::format_infallible::<writeable[b3b2ab86242271a5]::parts_write_adapter::CoreWriteAsPartsWrite<&mut alloc[508e33bd5656020b]::string::String>>,477,0.07921298495119351,,
<icu_datetime[a89e5169bb62ebbc]::provider::fields::symbols::FieldSymbol>::from_idx,467,0.07755233537150392,,
<icu_decimal[22a00049869067f7]::decimal_formatter::FormattedUnsignedDecimal as writeable[b3b2ab86242271a5]::Writeable>::write_to_parts::<writeable[b3b2ab86242271a5]::parts_write_adapter::CoreWriteAsPartsWrite<&mut writeable[b3b2ab86242271a5]::parts_write_adapter::CoreWriteAsPartsWrite<&mut writeable[b3b2ab86242271a5]::parts_write_adapter::CoreWriteAsPartsWrite<&mut alloc[508e33bd5656020b]::string::String>>>>,464,0.07705414049759704,,
<icu_decimal[22a00049869067f7]::decimal_formatter::FormattedUnsignedDecimal as writeable[b3b2ab86242271a5]::Writeable>::write_to_parts::<writeable[b3b2ab86242271a5]::parts_write_adapter::CoreWriteAsPartsWrite<&mut writeable[b3b2ab86242271a5]::parts_write_adapter::CoreWriteAsPartsWrite<&mut alloc[508e33bd5656020b]::string::String>>>,464,0.07705414049759704,,
"<icu_datetime[a89e5169bb62ebbc]::scaffold::names_storage::DataPayloadWithVariables<icu_provider[cb9726a465308544]::marker_full::ErasedMarker<icu_datetime[a89e5169bb62ebbc]::provider::names::YearNames>, icu_datetime[a89e5169bb62ebbc]::pattern::names::YearNameLength> as icu_datetime[a89e5169bb62ebbc]::scaffold::names_storage::MaybePayload<icu_provider[cb9726a465308544]::marker_full::ErasedMarker<icu_datetime[a89e5169bb62ebbc]::provider::names::YearNames>, icu_datetime[a89e5169bb62ebbc]::pattern::names::YearNameLength>>::load_put::<icu_provider[cb9726a465308544]::data_provider::DataProviderWithMarker<icu_datetime[a89e5169bb62ebbc]::provider::names::DatetimeNamesYearGregorianV1, &icu_datetime[a89e5169bb62ebbc]::provider::compat::CompatProvider<&icu_provider[cb9726a465308544]::buf::serde::DeserializingBufferProvider<icu_provider_blob[7aedd55e3b0a236f]::blob_data_provider::BlobDataProvider>, &&icu_provider_blob[7aedd55e3b0a236f]::blob_data_provider::BlobDataProvider>>>",462,0.07672201058165913,,
"<icu_datetime[a89e5169bb62ebbc]::scaffold::names_storage::DataPayloadWithVariables<icu_provider[cb9726a465308544]::marker_full::ErasedMarker<icu_datetime[a89e5169bb62ebbc]::provider::names::MonthNames>, icu_datetime[a89e5169bb62ebbc]::pattern::names::MonthNameLength> as icu_datetime[a89e5169bb62ebbc]::scaffold::names_storage::MaybePayload<icu_provider[cb9726a465308544]::marker_full::ErasedMarker<icu_datetime[a89e5169bb62ebbc]::provider::names::MonthNames>, icu_datetime[a89e5169bb62ebbc]::pattern::names::MonthNameLength>>::load_put::<icu_provider[cb9726a465308544]::data_provider::DataProviderWithMarker<icu_datetime[a89e5169bb62ebbc]::provider::names::DatetimeNamesMonthGregorianV1, &icu_datetime[a89e5169bb62ebbc]::provider::compat::CompatProvider<&icu_provider[cb9726a465308544]::buf::serde::DeserializingBufferProvider<icu_provider_blob[7aedd55e3b0a236f]::blob_data_provider::BlobDataProvider>, &&icu_provider_blob[7aedd55e3b0a236f]::blob_data_provider::BlobDataProvider>>>",462,0.07672201058165913,,
"core[ed718c3d60ebd546]::slice::sort::stable::drift::create_run::<(usize, alloc[508e33bd5656020b]::vec::Vec<u8>), <[(usize, alloc[508e33bd5656020b]::vec::Vec<u8>)]>::sort_by_key<isize, zerotrie[c520be459a73f88a]::byte_phf::builder::find::{closure#1}>::{closure#0}>",459,0.07622381570775225,,
<<icu_datetime[a89e5169bb62ebbc]::format::time_zone::LocalizedOffsetFormat as icu_datetime[a89e5169bb62ebbc]::format::time_zone::FormatTimeZone>::format::FormattedOffset as writeable[b3b2ab86242271a5]::Writeable>::write_to_parts::<writeable[b3b2ab86242271a5]::parts_write_adapter::CoreWriteAsPartsWrite<&mut writeable[b3b2ab86242271a5]::parts_write_adapter::CoreWriteAsPartsWrite<&mut alloc[508e33bd5656020b]::string::String>>>,457,0.07589168579181434,,
"core[ed718c3d60ebd546]::slice::sort::stable::drift::create_run::<(&[u8], usize), <[(&[u8], usize)]>::sort_by<<zerotrie[c520be459a73f88a]::builder::nonconst::builder::ZeroTrieBuilder<alloc[508e33bd5656020b]::collections::vec_deque::VecDeque<u8>>>::from_bytes_iter<&str, core[ed718c3d60ebd546]::iter::adapters::map::Map<core[ed718c3d60ebd546]::iter::adapters::enumerate::Enumerate<core[ed718c3d60ebd546]::iter::adapters::map::Map<core[ed718c3d60ebd546]::ops::range::Range<usize>, <zerovec[bebf1a62a3c1fad0]::map2d::map::ZeroMap2d<icu_time[fb65173487e4cb3a]::zone::TimeZone, icu_time[fb65173487e4cb3a]::zone::zone_name_timestamp::ZoneNameTimestamp, zerovec[bebf1a62a3c1fad0]::ule::niche::NichedOption<core[ed718c3d60ebd546]::num::nonzero::NonZero<u8>, 1usize>>>::iter0::{closure#0}>>, icu_datetime[a89e5169bb62ebbc]::provider::time_zones::legacy::metazone_timezone_compat<&&icu_provider_blob[7aedd55e3b0a236f]::blob_data_provider::BlobDataProvider>::{closure#0}>>::{closure#1}>::{closure#0}>",456,0.07572562083384538,,
"<icu_locale_core[80ffd7f212f7bd21]::langid::LanguageIdentifier>::for_each_subtag_str_lowercased::<core[ed718c3d60ebd546]::fmt::Error, <icu_locale_core[80ffd7f212f7bd21]::data::DataLocale as writeable[b3b2ab86242271a5]::Writeable>::write_to<zerotrie[c520be459a73f88a]::cursor::ZeroTrieSimpleAsciiCursor>::{closure#0}>",456,0.07572562083384538,,
w_icu_blob_fixed[5f5d79c9d0a3b9d8]::fmt,455,0.0755595558758764,,
<icu_time[fb65173487e4cb3a]::provider::TimezonePeriods>::get,453,0.07522742595993849,,
<zerotrie[c520be459a73f88a]::cursor::ZeroTrieSimpleAsciiCursor>::probe,446,0.07406497125415577,,
<icu_datetime[a89e5169bb62ebbc]::format::time_zone::GenericPartialLocationFormat as icu_datetime[a89e5169bb62ebbc]::format::time_zone::FormatTimeZone>::format::<writeable[b3b2ab86242271a5]::parts_write_adapter::CoreWriteAsPartsWrite<&mut alloc[508e33bd5656020b]::string::String>>,440,0.07306858150634202,,
<icu_datetime[a89e5169bb62ebbc]::provider::time_zones::MetazoneSpecificNames as serde_core[a2f16ecbf4bfe085]::de::Deserialize>::deserialize::<&mut postcard[4ec100a46e8476d3]::de::deserializer::Deserializer<postcard[4ec100a46e8476d3]::de::flavors::Slice>>,429,0.07124186696868347,,
<zerotrie[c520be459a73f88a]::cursor::ZeroTrieSimpleAsciiCursor>::step,428,0.07107580201071452,,
"core[ed718c3d60ebd546]::slice::sort::shared::smallsort::small_sort_general_with_scratch::<(&[u8], usize), <[(&[u8], usize)]>::sort_by<<zerotrie[c520be459a73f88a]::builder::nonconst::builder::ZeroTrieBuilder<alloc[508e33bd5656020b]::collections::vec_deque::VecDeque<u8>>>::from_bytes_iter<&str, core[ed718c3d60ebd546]::iter::adapters::map::Map<core[ed718c3d60ebd546]::iter::adapters::enumerate::Enumerate<core[ed718c3d60ebd546]::iter::adapters::map::Map<core[ed718c3d60ebd546]::ops::range::Range<usize>, <zerovec[bebf1a62a3c1fad0]::map2d::map::ZeroMap2d<icu_time[fb65173487e4cb3a]::zone::TimeZone, icu_time[fb65173487e4cb3a]::zone::zone_name_timestamp::ZoneNameTimestamp, zerovec[bebf1a62a3c1fad0]::ule::niche::NichedOption<core[ed718c3d60ebd546]::num::nonzero::NonZero<u8>, 1usize>>>::iter0::{closure#0}>>, icu_datetime[a89e5169bb62ebbc]::provider::time_zones::legacy::metazone_timezone_compat<&&icu_provider_blob[7aedd55e3b0a236f]::blob_data_provider::BlobDataProvider>::{closure#0}>>::{closure#1}>::{closure#0}>",426,0.07074367209477658,,
"core[ed718c3d60ebd546]::slice::sort::shared::smallsort::small_sort_general_with_scratch::<(usize, alloc[508e33bd5656020b]::vec::Vec<u8>), <[(usize, alloc[508e33bd5656020b]::vec::Vec<u8>)]>::sort_by_key<isize, zerotrie[c520be459a73f88a]::byte_phf::builder::find::{closure#1}>::{closure#0}>",426,0.07074367209477658,,
<zerotrie[c520be459a73f88a]::zerotrie::ZeroTrieSimpleAscii<zerovec[bebf1a62a3c1fad0]::zerovec::ZeroVec<u8>>>::get::<&str>,425,0.07057760713680764,,
<icu_locale_core[80ffd7f212f7bd21]::extensions::unicode::keywords::Keywords>::try_from_iter,425,0.07057760713680764,,
"icu_decimal[22a00049869067f7]::provider::load_with_fallback::<icu_decimal[22a00049869067f7]::provider::DecimalDigitsV1, icu_provider[cb9726a465308544]::buf::serde::DeserializingBufferProvider<icu_provider_blob[7aedd55e3b0a236f]::blob_data_provider::BlobDataProvider>, core[ed718c3d60ebd546]::iter::adapters::chain::Chain<core[ed718c3d60ebd546]::option::IntoIter<icu_provider[cb9726a465308544]::request::DataIdentifierBorrowed>, core[ed718c3d60ebd546]::array::iter::IntoIter<icu_provider[cb9726a465308544]::request::DataIdentifierBorrowed, 1usize>>>",417,0.06924908747305596,,
"icu_decimal[22a00049869067f7]::provider::load_with_fallback::<icu_decimal[22a00049869067f7]::provider::DecimalSymbolsV1, icu_provider[cb9726a465308544]::buf::serde::DeserializingBufferProvider<icu_provider_blob[7aedd55e3b0a236f]::blob_data_provider::BlobDataProvider>, core[ed718c3d60ebd546]::iter::adapters::chain::Chain<core[ed718c3d60ebd546]::option::IntoIter<icu_provider[cb9726a465308544]::request::DataIdentifierBorrowed>, core[ed718c3d60ebd546]::array::iter::IntoIter<icu_provider[cb9726a465308544]::request::DataIdentifierBorrowed, 1usize>>>",416,0.069083022515087,,
"<icu_datetime[a89e5169bb62ebbc]::scaffold::names_storage::DataPayloadWithVariables<icu_datetime[a89e5169bb62ebbc]::provider::time_zones::TimezoneNamesEssentialsV1, ()> as icu_datetime[a89e5169bb62ebbc]::scaffold::names_storage::MaybePayload<icu_datetime[a89e5169bb62ebbc]::provider::time_zones::TimezoneNamesEssentialsV1, ()>>::load_put::<icu_provider[cb9726a465308544]::data_provider::DataProviderWithMarker<icu_datetime[a89e5169bb62ebbc]::provider::time_zones::TimezoneNamesEssentialsV1, &icu_datetime[a89e5169bb62ebbc]::provider::compat::CompatProvider<&icu_provider[cb9726a465308544]::buf::serde::DeserializingBufferProvider<icu_provider_blob[7aedd55e3b0a236f]::blob_data_provider::BlobDataProvider>, &&icu_provider_blob[7aedd55e3b0a236f]::blob_data_provider::BlobDataProvider>>>",414,0.06875089259914909,,
"<icu_datetime[a89e5169bb62ebbc]::scaffold::names_storage::DataPayloadWithVariables<icu_time[fb65173487e4cb3a]::provider::TimezonePeriodsV1, ()> as icu_datetime[a89e5169bb62ebbc]::scaffold::names_storage::MaybePayload<icu_time[fb65173487e4cb3a]::provider::TimezonePeriodsV1, ()>>::load_put::<icu_provider[cb9726a465308544]::data_provider::DataProviderWithMarker<icu_time[fb65173487e4cb3a]::provider::TimezonePeriodsV1, &icu_datetime[a89e5169bb62ebbc]::provider::compat::CompatProvider<&icu_provider[cb9726a465308544]::buf::serde::DeserializingBufferProvider<icu_provider_blob[7aedd55e3b0a236f]::blob_data_provider::BlobDataProvider>, &&icu_provider_blob[7aedd55e3b0a236f]::blob_data_provider::BlobDataProvider>>>",414,0.06875089259914909,,
"<icu_datetime[a89e5169bb62ebbc]::scaffold::names_storage::DataPayloadWithVariables<icu_datetime[a89e5169bb62ebbc]::provider::names::DatetimeNamesWeekdayV1, icu_datetime[a89e5169bb62ebbc]::pattern::names::WeekdayNameLength> as icu_datetime[a89e5169bb62ebbc]::scaffold::names_storage::MaybePayload<icu_datetime[a89e5169bb62ebbc]::provider::names::DatetimeNamesWeekdayV1, icu_datetime[a89e5169bb62ebbc]::pattern::names::WeekdayNameLength>>::load_put::<icu_provider[cb9726a465308544]::data_provider::DataProviderWithMarker<icu_datetime[a89e5169bb62ebbc]::provider::names::DatetimeNamesWeekdayV1, &icu_datetime[a89e5169bb62ebbc]::provider::compat::CompatProvider<&icu_provider[cb9726a465308544]::buf::serde::DeserializingBufferProvider<icu_provider_blob[7aedd55e3b0a236f]::blob_data_provider::BlobDataProvider>, &&icu_provider_blob[7aedd55e3b0a236f]::blob_data_provider::BlobDataProvider>>>",412,0.06841876268321116,,
"<icu_datetime[a89e5169bb62ebbc]::scaffold::names_storage::DataPayloadWithVariables<icu_datetime[a89e5169bb62ebbc]::provider::names::DatetimeNamesDayperiodV1, icu_datetime[a89e5169bb62ebbc]::pattern::names::DayPeriodNameLength> as icu_datetime[a89e5169bb62ebbc]::scaffold::names_storage::MaybePayload<icu_datetime[a89e5169bb62ebbc]::provider::names::DatetimeNamesDayperiodV1, icu_datetime[a89e5169bb62ebbc]::pattern::names::DayPeriodNameLength>>::load_put::<icu_provider[cb9726a465308544]::data_provider::DataProviderWithMarker<icu_datetime[a89e5169bb62ebbc]::provider::names::DatetimeNamesDayperiodV1, &icu_datetime[a89e5169bb62ebbc]::provider::compat::CompatProvider<&icu_provider[cb9726a465308544]::buf::serde::DeserializingBufferProvider<icu_provider_blob[7aedd55e3b0a236f]::blob_data_provider::BlobDataProvider>, &&icu_provider_blob[7aedd55e3b0a236f]::blob_data_provider::BlobDataProvider>>>",412,0.06841876268321116,,
<icu_time[fb65173487e4cb3a]::provider::TimeZonePeriodsSerde as serde_core[a2f16ecbf4bfe085]::de::Deserialize>::deserialize::<&mut postcard[4ec100a46e8476d3]::de::deserializer::Deserializer<postcard[4ec100a46e8476d3]::de::flavors::Slice>>,410,0.06808663276727325,,
<icu_datetime[a89e5169bb62ebbc]::provider::packed_pattern::GenericPackedPatterns<icu_plurals[993a8e0f08d05f11]::provider::PluralElementsPackedULE<zerovec[bebf1a62a3c1fad0]::zerovec::slice::ZeroSlice<icu_datetime[a89e5169bb62ebbc]::provider::pattern::item::PatternItem>>>>::get,409,0.06792056780930429,,
"<zerovec[bebf1a62a3c1fad0]::map::map::ZeroMap<core[ed718c3d60ebd546]::num::nonzero::NonZero<u8>, str> as serde_core[a2f16ecbf4bfe085]::de::Deserialize>::deserialize::<&mut postcard[4ec100a46e8476d3]::de::deserializer::Deserializer<postcard[4ec100a46e8476d3]::de::flavors::Slice>>",404,0.0670902430194595,,
"<zerovec[bebf1a62a3c1fad0]::map::map::ZeroMap<icu_time[fb65173487e4cb3a]::zone::TimeZone, str> as serde_core[a2f16ecbf4bfe085]::de::Deserialize>::deserialize::<&mut postcard[4ec100a46e8476d3]::de::deserializer::Deserializer<postcard[4ec100a46e8476d3]::de::flavors::Slice>>",404,0.0670902430194595,,
icu_datetime[a89e5169bb62ebbc]::format::numeric_override::format_hanidays::<writeable[b3b2ab86242271a5]::parts_write_adapter::CoreWriteAsPartsWrite<&mut alloc[508e33bd5656020b]::string::String>>,399,0.0662599182296147,,
dt_icu[55c8369e3928839]::time_zone_input,399,0.0662599182296147,,
<icu_datetime[a89e5169bb62ebbc]::pattern::names::RawDateTimeNamesBorrowed>::get_name_for_era,397,0.06592778831367678,,
<dlmalloc[d2f63edc47c9a479]::dlmalloc::Dlmalloc<dlmalloc[d2f63edc47c9a479]::sys::System>>::unlink_chunk,396,0.06576172335570782,,
"core[ed718c3d60ebd546]::slice::sort::stable::quicksort::quicksort::<(&[u8], usize), <[(&[u8], usize)]>::sort_by<<zerotrie[c520be459a73f88a]::builder::nonconst::builder::ZeroTrieBuilder<alloc[508e33bd5656020b]::collections::vec_deque::VecDeque<u8>>>::from_bytes_iter<&str, core[ed718c3d60ebd546]::iter::adapters::map::Map<core[ed718c3d60ebd546]::iter::adapters::enumerate::Enumerate<core[ed718c3d60ebd546]::iter::adapters::map::Map<core[ed718c3d60ebd546]::ops::range::Range<usize>, <zerovec[bebf1a62a3c1fad0]::map2d::map::ZeroMap2d<icu_time[fb65173487e4cb3a]::zone::TimeZone, icu_time[fb65173487e4cb3a]::zone::zone_name_timestamp::ZoneNameTimestamp, zerovec[bebf1a62a3c1fad0]::ule::niche::NichedOption<core[ed718c3d60ebd546]::num::nonzero::NonZero<u8>, 1usize>>>::iter0::{closure#0}>>, icu_datetime[a89e5169bb62ebbc]::provider::time_zones::legacy::metazone_timezone_compat<&&icu_provider_blob[7aedd55e3b0a236f]::blob_data_provider::BlobDataProvider>::{closure#0}>>::{closure#1}>::{closure#0}>",395,0.06559565839773886,,
"<zerovec[bebf1a62a3c1fad0]::map::map::ZeroMap<(core[ed718c3d60ebd546]::num::nonzero::NonZero<u8>, icu_time[fb65173487e4cb3a]::provider::TimeZoneVariant), str> as serde_core[a2f16ecbf4bfe085]::de::Deserialize>::deserialize::<&mut postcard[4ec100a46e8476d3]::de::deserializer::Deserializer<postcard[4ec100a46e8476d3]::de::flavors::Slice>>",395,0.06559565839773886,,
"<zerovec[bebf1a62a3c1fad0]::map::map::ZeroMap<(icu_time[fb65173487e4cb3a]::zone::TimeZone, icu_time[fb65173487e4cb3a]::provider::TimeZoneVariant), str> as serde_core[a2f16ecbf4bfe085]::de::Deserialize>::deserialize::<&mut postcard[4ec100a46e8476d3]::de::deserializer::Deserializer<postcard[4ec100a46e8476d3]::de::flavors::Slice>>",395,0.06559565839773886,,
<icu_locale_core[80ffd7f212f7bd21]::shortvec::ShortBoxSlice<icu_locale_core[80ffd7f212f7bd21]::subtags::Subtag>>::push,391,0.06493139856586302,,
"<icu_datetime[a89e5169bb62ebbc]::scaffold::names_storage::DataPayloadWithVariables<icu_datetime[a89e5169bb62ebbc]::provider::time_zones::TimezoneNamesCitiesRootV1, ()> as icu_datetime[a89e5169bb62ebbc]::scaffold::names_storage::MaybePayload<icu_datetime[a89e5169bb62ebbc]::provider::time_zones::TimezoneNamesCitiesRootV1, ()>>::load_put::<icu_provider[cb9726a465308544]::data_provider::DataProviderWithMarker<icu_datetime[a89e5169bb62ebbc]::provider::time_zones::TimezoneNamesCitiesRootV1, &icu_datetime[a89e5169bb62ebbc]::provider::compat::CompatProvider<&icu_provider[cb9726a465308544]::buf::serde::DeserializingBufferProvider<icu_provider_blob[7aedd55e3b0a236f]::blob_data_provider::BlobDataProvider>, &&icu_provider_blob[7aedd55e3b0a236f]::blob_data_provider::BlobDataProvider>>>",390,0.06476533360789406,,
"<icu_datetime[a89e5169bb62ebbc]::scaffold::names_storage::DataPayloadWithVariables<icu_datetime[a89e5169bb62ebbc]::provider::time_zones::TimezoneNamesCitiesOverrideV1, ()> as icu_datetime[a89e5169bb62ebbc]::scaffold::names_storage::MaybePayload<icu_datetime[a89e5169bb62ebbc]::provider::time_zones::TimezoneNamesCitiesOverrideV1, ()>>::load_put::<icu_provider[cb9726a465308544]::data_provider::DataProviderWithMarker<icu_datetime[a89e5169bb62ebbc]::provider::time_zones::TimezoneNamesCitiesOverrideV1, &icu_datetime[a89e5169bb62ebbc]::provider::compat::CompatProvider<&icu_provider[cb9726a465308544]::buf::serde::DeserializingBufferProvider<icu_provider_blob[7aedd55e3b0a236f]::blob_data_provider::BlobDataProvider>, &&icu_provider_blob[7aedd55e3b0a236f]::blob_data_provider::BlobDataProvider>>>",390,0.06476533360789406,,
"core[ed718c3d60ebd546]::slice::sort::stable::quicksort::quicksort::<(usize, alloc[508e33bd5656020b]::vec::Vec<u8>), <[(usize, alloc[508e33bd5656020b]::vec::Vec<u8>)]>::sort_by_key<isize, zerotrie[c520be459a73f88a]::byte_phf::builder::find::{closure#1}>::{closure#0}>",384,0.06376894386008031,,
<icu_pattern[44006f5ff0e3d39e]::double::DoublePlaceholderPatternIterator as core[ed718c3d60ebd546]::iter::traits::iterator::Iterator>::next,383,0.06360287890211135,,
"core[ed718c3d60ebd546]::slice::sort::stable::quicksort::stable_partition::<(&[u8], usize), core[ed718c3d60ebd546]::slice::sort::stable::quicksort::quicksort<(&[u8], usize), <[(&[u8], usize)]>::sort_by<<zerotrie[c520be459a73f88a]::builder::nonconst::builder::ZeroTrieBuilder<alloc[508e33bd5656020b]::collections::vec_deque::VecDeque<u8>>>::from_bytes_iter<&str, core[ed718c3d60ebd546]::iter::adapters::map::Map<core[ed718c3d60ebd546]::iter::adapters::enumerate::Enumerate<core[ed718c3d60ebd546]::iter::adapters::map::Map<core[ed718c3d60ebd546]::ops::range::Range<usize>, <zerovec[bebf1a62a3c1fad0]::map2d::map::ZeroMap2d<icu_time[fb65173487e4cb3a]::zone::TimeZone, icu_time[fb65173487e4cb3a]::zone::zone_name_timestamp::ZoneNameTimestamp, zerovec[bebf1a62a3c1fad0]::ule::niche::NichedOption<core[ed718c3d60ebd546]::num::nonzero::NonZero<u8>, 1usize>>>::iter0::{closure#0}>>, icu_datetime[a89e5169bb62ebbc]::provider::time_zones::legacy::metazone_timezone_compat<&&icu_provider_blob[7aedd55e3b0a236f]::blob_data_provider::BlobDataProvider>::{closure#0}>>::{closure#1}>::{closure#0}>::{closure#0}>",378,0.06277255411226655,,
"core[ed718c3d60ebd546]::slice::sort::stable::quicksort::stable_partition::<(&[u8], usize), <[(&[u8], usize)]>::sort_by<<zerotrie[c520be459a73f88a]::builder::nonconst::builder::ZeroTrieBuilder<alloc[508e33bd5656020b]::collections::vec_deque::VecDeque<u8>>>::from_bytes_iter<&str, core[ed718c3d60ebd546]::iter::adapters::map::Map<core[ed718c3d60ebd546]::iter::adapters::enumerate::Enumerate<core[ed718c3d60ebd546]::iter::adapters::map::Map<core[ed718c3d60ebd546]::ops::range::Range<usize>, <zerovec[bebf1a62a3c1fad0]::map2d::map::ZeroMap2d<icu_time[fb65173487e4cb3a]::zone::TimeZone, icu_time[fb65173487e4cb3a]::zone::zone_name_timestamp::ZoneNameTimestamp, zerovec[bebf1a62a3c1fad0]::ule::niche::NichedOption<core[ed718c3d60ebd546]::num::nonzero::NonZero<u8>, 1usize>>>::iter0::{closure#0}>>, icu_datetime[a89e5169bb62ebbc]::provider::time_zones::legacy::metazone_timezone_compat<&&icu_provider_blob[7aedd55e3b0a236f]::blob_data_provider::BlobDataProvider>::{closure#0}>>::{closure#1}>::{closure#0}>",378,0.06277255411226655,,
mf2dt[cf7edd48dfb2ab59]::harness::plan::<w_icu_blob_fixed[5f5d79c9d0a3b9d8]::Errs>,378,0.06277255411226655,,
<icu_datetime[a89e5169bb62ebbc]::unchecked::FormattedDateTimeUnchecked as writeable[b3b2ab86242271a5]::try_writeable::TryWriteable>::try_write_to_parts::<writeable[b3b2ab86242271a5]::parts_write_adapter::CoreWriteAsPartsWrite<&mut alloc[508e33bd5656020b]::string::String>>,375,0.062274359238359674,,
"<icu_datetime[a89e5169bb62ebbc]::raw::neo::DatePatternSelectionData>::try_new_with_skeleton::<icu_provider[cb9726a465308544]::data_provider::DataProviderWithMarker<icu_datetime[a89e5169bb62ebbc]::provider::semantic_skeletons::DatetimePatternsDateGregorianV1, &icu_datetime[a89e5169bb62ebbc]::provider::compat::CompatProvider<&icu_provider[cb9726a465308544]::buf::serde::DeserializingBufferProvider<icu_provider_blob[7aedd55e3b0a236f]::blob_data_provider::BlobDataProvider>, &&icu_provider_blob[7aedd55e3b0a236f]::blob_data_provider::BlobDataProvider>>>",372,0.061776164364452796,,
"<icu_datetime[a89e5169bb62ebbc]::raw::neo::TimePatternSelectionData>::try_new_overlap_with_skeleton::<icu_provider[cb9726a465308544]::data_provider::DataProviderWithMarker<icu_datetime[a89e5169bb62ebbc]::provider::semantic_skeletons::DatetimePatternsDateGregorianV1, &icu_datetime[a89e5169bb62ebbc]::provider::compat::CompatProvider<&icu_provider[cb9726a465308544]::buf::serde::DeserializingBufferProvider<icu_provider_blob[7aedd55e3b0a236f]::blob_data_provider::BlobDataProvider>, &&icu_provider_blob[7aedd55e3b0a236f]::blob_data_provider::BlobDataProvider>>>",372,0.061776164364452796,,
<dlmalloc[d2f63edc47c9a479]::dlmalloc::Dlmalloc<dlmalloc[d2f63edc47c9a479]::sys::System>>::memalign,370,0.06144403444851488,,
<icu_decimal[22a00049869067f7]::decimal_formatter::DecimalFormatter>::format,370,0.06144403444851488,,
<core[ed718c3d60ebd546]::marker::PhantomData<char> as serde_core[a2f16ecbf4bfe085]::de::DeserializeSeed>::deserialize::<&mut postcard[4ec100a46e8476d3]::de::deserializer::Deserializer<postcard[4ec100a46e8476d3]::de::flavors::Slice>>,369,0.06127796949054592,,
"<icu_datetime[a89e5169bb62ebbc]::provider::compat::CompatProvider<&icu_provider[cb9726a465308544]::buf::serde::DeserializingBufferProvider<icu_provider_blob[7aedd55e3b0a236f]::blob_data_provider::BlobDataProvider>, &&icu_provider_blob[7aedd55e3b0a236f]::blob_data_provider::BlobDataProvider> as icu_provider[cb9726a465308544]::data_provider::DataProvider<icu_time[fb65173487e4cb3a]::provider::TimezonePeriodsV1>>::load",364,0.060447644700701124,,
"<icu_locale_core[80ffd7f212f7bd21]::shortvec::ShortBoxSlice<icu_locale_core[80ffd7f212f7bd21]::extensions::private::other::Subtag> as core[ed718c3d60ebd546]::iter::traits::collect::FromIterator<icu_locale_core[80ffd7f212f7bd21]::extensions::private::other::Subtag>>::from_iter::<core[ed718c3d60ebd546]::iter::adapters::GenericShunt<core[ed718c3d60ebd546]::iter::adapters::map::Map<&mut icu_locale_core[80ffd7f212f7bd21]::parser::SubtagIterator, <icu_locale_core[80ffd7f212f7bd21]::extensions::private::other::Subtag>::try_from_utf8>, core[ed718c3d60ebd546]::result::Result<core[ed718c3d60ebd546]::convert::Infallible, icu_locale_core[80ffd7f212f7bd21]::parser::errors::ParseError>>>",364,0.060447644700701124,,
"<icu_datetime[a89e5169bb62ebbc]::scaffold::names_storage::DataPayloadWithVariables<icu_datetime[a89e5169bb62ebbc]::provider::time_zones::TimezoneNamesSpecificLongV1, ()> as icu_datetime[a89e5169bb62ebbc]::scaffold::names_storage::MaybePayload<icu_datetime[a89e5169bb62ebbc]::provider::time_zones::TimezoneNamesSpecificLongV1, ()>>::load_put::<icu_provider[cb9726a465308544]::data_provider::DataProviderWithMarker<icu_datetime[a89e5169bb62ebbc]::provider::time_zones::TimezoneNamesSpecificLongV1, &icu_datetime[a89e5169bb62ebbc]::provider::compat::CompatProvider<&icu_provider[cb9726a465308544]::buf::serde::DeserializingBufferProvider<icu_provider_blob[7aedd55e3b0a236f]::blob_data_provider::BlobDataProvider>, &&icu_provider_blob[7aedd55e3b0a236f]::blob_data_provider::BlobDataProvider>>>",363,0.06028157974273217,,
"<icu_datetime[a89e5169bb62ebbc]::scaffold::names_storage::DataPayloadWithVariables<icu_datetime[a89e5169bb62ebbc]::provider::time_zones::TimezoneNamesSpecificShortV1, ()> as icu_datetime[a89e5169bb62ebbc]::scaffold::names_storage::MaybePayload<icu_datetime[a89e5169bb62ebbc]::provider::time_zones::TimezoneNamesSpecificShortV1, ()>>::load_put::<icu_provider[cb9726a465308544]::data_provider::DataProviderWithMarker<icu_datetime[a89e5169bb62ebbc]::provider::time_zones::TimezoneNamesSpecificShortV1, &icu_datetime[a89e5169bb62ebbc]::provider::compat::CompatProvider<&icu_provider[cb9726a465308544]::buf::serde::DeserializingBufferProvider<icu_provider_blob[7aedd55e3b0a236f]::blob_data_provider::BlobDataProvider>, &&icu_provider_blob[7aedd55e3b0a236f]::blob_data_provider::BlobDataProvider>>>",363,0.06028157974273217,,
"<icu_datetime[a89e5169bb62ebbc]::scaffold::names_storage::DataPayloadWithVariables<icu_datetime[a89e5169bb62ebbc]::provider::time_zones::TimezoneNamesLocationsRootV1, ()> as icu_datetime[a89e5169bb62ebbc]::scaffold::names_storage::MaybePayload<icu_datetime[a89e5169bb62ebbc]::provider::time_zones::TimezoneNamesLocationsRootV1, ()>>::load_put::<icu_provider[cb9726a465308544]::data_provider::DataProviderWithMarker<icu_datetime[a89e5169bb62ebbc]::provider::time_zones::TimezoneNamesLocationsRootV1, &icu_datetime[a89e5169bb62ebbc]::provider::compat::CompatProvider<&icu_provider[cb9726a465308544]::buf::serde::DeserializingBufferProvider<icu_provider_blob[7aedd55e3b0a236f]::blob_data_provider::BlobDataProvider>, &&icu_provider_blob[7aedd55e3b0a236f]::blob_data_provider::BlobDataProvider>>>",363,0.06028157974273217,,
"<icu_datetime[a89e5169bb62ebbc]::scaffold::names_storage::DataPayloadWithVariables<icu_datetime[a89e5169bb62ebbc]::provider::time_zones::TimezoneNamesLocationsOverrideV1, ()> as icu_datetime[a89e5169bb62ebbc]::scaffold::names_storage::MaybePayload<icu_datetime[a89e5169bb62ebbc]::provider::time_zones::TimezoneNamesLocationsOverrideV1, ()>>::load_put::<icu_provider[cb9726a465308544]::data_provider::DataProviderWithMarker<icu_datetime[a89e5169bb62ebbc]::provider::time_zones::TimezoneNamesLocationsOverrideV1, &icu_datetime[a89e5169bb62ebbc]::provider::compat::CompatProvider<&icu_provider[cb9726a465308544]::buf::serde::DeserializingBufferProvider<icu_provider_blob[7aedd55e3b0a236f]::blob_data_provider::BlobDataProvider>, &&icu_provider_blob[7aedd55e3b0a236f]::blob_data_provider::BlobDataProvider>>>",363,0.06028157974273217,,
<icu_locale_core[80ffd7f212f7bd21]::data::DataLocale>::extensions,362,0.06011551478476321,,
"<icu_datetime[a89e5169bb62ebbc]::scaffold::names_storage::DataPayloadWithVariables<icu_datetime[a89e5169bb62ebbc]::provider::time_zones::TimezoneNamesGenericLongV1, ()> as icu_datetime[a89e5169bb62ebbc]::scaffold::names_storage::MaybePayload<icu_datetime[a89e5169bb62ebbc]::provider::time_zones::TimezoneNamesGenericLongV1, ()>>::load_put::<icu_provider[cb9726a465308544]::data_provider::DataProviderWithMarker<icu_datetime[a89e5169bb62ebbc]::provider::time_zones::TimezoneNamesGenericLongV1, &icu_datetime[a89e5169bb62ebbc]::provider::compat::CompatProvider<&icu_provider[cb9726a465308544]::buf::serde::DeserializingBufferProvider<icu_provider_blob[7aedd55e3b0a236f]::blob_data_provider::BlobDataProvider>, &&icu_provider_blob[7aedd55e3b0a236f]::blob_data_provider::BlobDataProvider>>>",361,0.05994944982679425,,
"<icu_datetime[a89e5169bb62ebbc]::scaffold::names_storage::DataPayloadWithVariables<icu_datetime[a89e5169bb62ebbc]::provider::time_zones::TimezoneNamesStandardLongV1, ()> as icu_datetime[a89e5169bb62ebbc]::scaffold::names_storage::MaybePayload<icu_datetime[a89e5169bb62ebbc]::provider::time_zones::TimezoneNamesStandardLongV1, ()>>::load_put::<icu_provider[cb9726a465308544]::data_provider::DataProviderWithMarker<icu_datetime[a89e5169bb62ebbc]::provider::time_zones::TimezoneNamesStandardLongV1, &icu_datetime[a89e5169bb62ebbc]::provider::compat::CompatProvider<&icu_provider[cb9726a465308544]::buf::serde::DeserializingBufferProvider<icu_provider_blob[7aedd55e3b0a236f]::blob_data_provider::BlobDataProvider>, &&icu_provider_blob[7aedd55e3b0a236f]::blob_data_provider::BlobDataProvider>>>",361,0.05994944982679425,,
"<icu_datetime[a89e5169bb62ebbc]::scaffold::names_storage::DataPayloadWithVariables<icu_datetime[a89e5169bb62ebbc]::provider::time_zones::TimezoneNamesGenericShortV1, ()> as icu_datetime[a89e5169bb62ebbc]::scaffold::names_storage::MaybePayload<icu_datetime[a89e5169bb62ebbc]::provider::time_zones::TimezoneNamesGenericShortV1, ()>>::load_put::<icu_provider[cb9726a465308544]::data_provider::DataProviderWithMarker<icu_datetime[a89e5169bb62ebbc]::provider::time_zones::TimezoneNamesGenericShortV1, &icu_datetime[a89e5169bb62ebbc]::provider::compat::CompatProvider<&icu_provider[cb9726a465308544]::buf::serde::DeserializingBufferProvider<icu_provider_blob[7aedd55e3b0a236f]::blob_data_provider::BlobDataProvider>, &&icu_provider_blob[7aedd55e3b0a236f]::blob_data_provider::BlobDataProvider>>>",361,0.05994944982679425,,
<core[ed718c3d60ebd546]::fmt::builders::DebugStruct>::field,361,0.05994944982679425,,
"<icu_datetime[a89e5169bb62ebbc]::raw::neo::DateTimeZonePatternSelectionData>::load_glue::<icu_provider[cb9726a465308544]::data_provider::DataProviderWithMarker<icu_datetime[a89e5169bb62ebbc]::provider::semantic_skeletons::DatetimePatternsGlueV1, &icu_datetime[a89e5169bb62ebbc]::provider::compat::CompatProvider<&icu_provider[cb9726a465308544]::buf::serde::DeserializingBufferProvider<icu_provider_blob[7aedd55e3b0a236f]::blob_data_provider::BlobDataProvider>, &&icu_provider_blob[7aedd55e3b0a236f]::blob_data_provider::BlobDataProvider>>>",359,0.05961731991085633,,
<fixed_decimal[f190755009246613]::decimal::UnsignedDecimal>::from_ascending::<fixed_decimal[f190755009246613]::uint_iterator::IntIterator<u16>>,358,0.059451254952887375,,
<fixed_decimal[f190755009246613]::decimal::UnsignedDecimal>::from_ascending::<fixed_decimal[f190755009246613]::uint_iterator::IntIterator<u8>>,356,0.05911912503694946,,
<<icu_datetime[a89e5169bb62ebbc]::provider::names::YearNames as serde_core[a2f16ecbf4bfe085]::de::Deserialize>::deserialize::__Visitor as serde_core[a2f16ecbf4bfe085]::de::Visitor>::visit_enum::<&mut postcard[4ec100a46e8476d3]::de::deserializer::Deserializer<postcard[4ec100a46e8476d3]::de::flavors::Slice>>,351,0.05828880024710465,,
<fixed_decimal[f190755009246613]::decimal::UnsignedDecimal>::from_ascending::<fixed_decimal[f190755009246613]::uint_iterator::IntIterator<u64>>,350,0.0581227352891357,,
<icu_datetime[a89e5169bb62ebbc]::format::time_zone::ExemplarCityFormat as icu_datetime[a89e5169bb62ebbc]::format::time_zone::FormatTimeZone>::format::<writeable[b3b2ab86242271a5]::parts_write_adapter::CoreWriteAsPartsWrite<&mut alloc[508e33bd5656020b]::string::String>>,350,0.0581227352891357,,
dt_icu[55c8369e3928839]::prefs,349,0.057956670331166735,,
<fixed_decimal[f190755009246613]::decimal::UnsignedDecimal>::from_ascending::<fixed_decimal[f190755009246613]::uint_iterator::IntIterator<usize>>,346,0.05745847545725986,,
mf2dt[cf7edd48dfb2ab59]::resolve_zone::<w_icu_blob_fixed[5f5d79c9d0a3b9d8]::Errs>,342,0.056794215625384024,,
<zerovec[bebf1a62a3c1fad0]::zerovec::slice::ZeroSliceIter<icu_datetime[a89e5169bb62ebbc]::provider::pattern::item::PatternItem> as core[ed718c3d60ebd546]::iter::traits::iterator::Iterator>::next,339,0.05629602075147715,,
<icu_provider_blob[7aedd55e3b0a236f]::blob_schema::BlobSchemaV1<zerovec[bebf1a62a3c1fad0]::varzerovec::components::Index16> as serde_core[a2f16ecbf4bfe085]::de::Deserialize>::deserialize::<&mut postcard[4ec100a46e8476d3]::de::deserializer::Deserializer<postcard[4ec100a46e8476d3]::de::flavors::Slice>>,339,0.05629602075147715,,
<fixed_decimal[f190755009246613]::decimal::UnsignedDecimal>::concatenate_end,338,0.056129955793508185,,
"<zerovec[bebf1a62a3c1fad0]::varzerovec::owned::VarZeroVecOwned<zerovec[bebf1a62a3c1fad0]::ule::vartuple::VarTupleULE<(u8, zerovec[bebf1a62a3c1fad0]::ule::niche::NichedOption<core[ed718c3d60ebd546]::num::nonzero::NonZero<u8>, 1usize>), zerovec[bebf1a62a3c1fad0]::zerovec::slice::ZeroSlice<(icu_time[fb65173487e4cb3a]::provider::Timestamp24, u8, zerovec[bebf1a62a3c1fad0]::ule::niche::NichedOption<core[ed718c3d60ebd546]::num::nonzero::NonZero<u8>, 1usize>)>>>>::shift_indices",338,0.056129955793508185,,
mf2dt[cf7edd48dfb2ab59]::harness::parse_opts,335,0.055631760919601314,,
core[ed718c3d60ebd546]::unicode::unicode_data::cn_planes_0_3::lookup_slow,334,0.05546569596163235,,
core[ed718c3d60ebd546]::unicode::unicode_data::grapheme_extend::lookup_slow,334,0.05546569596163235,,
fmt,334,0.05546569596163235,,
<dlmalloc[d2f63edc47c9a479]::dlmalloc::Dlmalloc<dlmalloc[d2f63edc47c9a479]::sys::System>>::insert_large_chunk,330,0.05480143612975652,,
"<icu_provider[cb9726a465308544]::response::DataPayload<icu_provider[cb9726a465308544]::buf::BufferMarker>>::try_map_project::<icu_datetime[a89e5169bb62ebbc]::provider::time_zones::TimezoneNamesSpecificLongV1, <icu_provider[cb9726a465308544]::response::DataPayload<icu_provider[cb9726a465308544]::buf::BufferMarker>>::into_deserialized<icu_datetime[a89e5169bb62ebbc]::provider::time_zones::TimezoneNamesSpecificLongV1>::{closure#0}, icu_provider[cb9726a465308544]::error::DataError>",330,0.05480143612975652,,
<icu_provider_blob[7aedd55e3b0a236f]::blob_schema::BlobSchemaV1<zerovec[bebf1a62a3c1fad0]::varzerovec::components::Index32> as serde_core[a2f16ecbf4bfe085]::de::Deserialize>::deserialize::<&mut postcard[4ec100a46e8476d3]::de::deserializer::Deserializer<postcard[4ec100a46e8476d3]::de::flavors::Slice>>,329,0.05463537117178756,,
<<icu_provider_blob[7aedd55e3b0a236f]::blob_schema::BlobSchema as serde_core[a2f16ecbf4bfe085]::de::Deserialize>::deserialize::__Visitor as serde_core[a2f16ecbf4bfe085]::de::Visitor>::visit_enum::<&mut postcard[4ec100a46e8476d3]::de::deserializer::Deserializer<postcard[4ec100a46e8476d3]::de::flavors::Slice>>,328,0.0544693062138186,,
"<icu_provider[cb9726a465308544]::response::DataPayload<icu_provider[cb9726a465308544]::buf::BufferMarker>>::try_map_project::<icu_datetime[a89e5169bb62ebbc]::provider::time_zones::TimezoneNamesCitiesRootV1, <icu_provider[cb9726a465308544]::response::DataPayload<icu_provider[cb9726a465308544]::buf::BufferMarker>>::into_deserialized<icu_datetime[a89e5169bb62ebbc]::provider::time_zones::TimezoneNamesCitiesRootV1>::{closure#0}, icu_provider[cb9726a465308544]::error::DataError>",328,0.0544693062138186,,
<icu_datetime[a89e5169bb62ebbc]::provider::time_zones::MetazoneGenericNames as serde_core[a2f16ecbf4bfe085]::de::Deserialize>::deserialize::<&mut postcard[4ec100a46e8476d3]::de::deserializer::Deserializer<postcard[4ec100a46e8476d3]::de::flavors::Slice>>,324,0.053805046381942764,,
<icu_datetime[a89e5169bb62ebbc]::provider::pattern::item::ule::PatternItemULE as zerovec[bebf1a62a3c1fad0]::ule::ULE>::validate_bytes,320,0.05314078655006692,,
"core[ed718c3d60ebd546]::iter::adapters::flatten::and_then_or_clear::<core[ed718c3d60ebd546]::iter::adapters::map::Map<zerovec[bebf1a62a3c1fad0]::zerovec::slice::ZeroSliceIter<icu_datetime[a89e5169bb62ebbc]::provider::pattern::item::PatternItem>, <icu_datetime[a89e5169bb62ebbc]::raw::neo::ItemsAndOptions>::iter_items::{closure#0}>, icu_datetime[a89e5169bb62ebbc]::provider::pattern::item::PatternItem, <core[ed718c3d60ebd546]::iter::adapters::map::Map<zerovec[bebf1a62a3c1fad0]::zerovec::slice::ZeroSliceIter<icu_datetime[a89e5169bb62ebbc]::provider::pattern::item::PatternItem>, <icu_datetime[a89e5169bb62ebbc]::raw::neo::ItemsAndOptions>::iter_items::{closure#0}> as core[ed718c3d60ebd546]::iter::traits::iterator::Iterator>::next>",319,0.05297472159209797,,
"core[ed718c3d60ebd546]::slice::sort::shared::smallsort::bidirectional_merge::<(usize, alloc[508e33bd5656020b]::vec::Vec<u8>), <[(usize, alloc[508e33bd5656020b]::vec::Vec<u8>)]>::sort_by_key<isize, zerotrie[c520be459a73f88a]::byte_phf::builder::find::{closure#1}>::{closure#0}>",316,0.052476526718191085,,
<icu_datetime[a89e5169bb62ebbc]::format::time_zone::GenericLocationFormat as icu_datetime[a89e5169bb62ebbc]::format::time_zone::FormatTimeZone>::format::<writeable[b3b2ab86242271a5]::parts_write_adapter::CoreWriteAsPartsWrite<&mut alloc[508e33bd5656020b]::string::String>>,316,0.052476526718191085,,
"<alloc[508e33bd5656020b]::collections::btree::node::Handle<alloc[508e33bd5656020b]::collections::btree::node::NodeRef<alloc[508e33bd5656020b]::collections::btree::node::marker::Mut, alloc[508e33bd5656020b]::vec::Vec<u8>, zerotrie[c520be459a73f88a]::byte_phf::PerfectByteHashMap<alloc[508e33bd5656020b]::vec::Vec<u8>>, alloc[508e33bd5656020b]::collections::btree::node::marker::Leaf>, alloc[508e33bd5656020b]::collections::btree::node::marker::Edge>>::insert::<alloc[508e33bd5656020b]::alloc::Global>",315,0.052310461760222124,,
<smallvec[a949934cda03ae4d]::SmallVec<[u8; 8usize]>>::try_grow,314,0.05214439680225317,,
"<icu_provider[cb9726a465308544]::response::DataPayload<icu_provider[cb9726a465308544]::buf::BufferMarker>>::try_map_project::<icu_datetime[a89e5169bb62ebbc]::provider::time_zones::TimezoneNamesGenericLongV1, <icu_provider[cb9726a465308544]::response::DataPayload<icu_provider[cb9726a465308544]::buf::BufferMarker>>::into_deserialized<icu_datetime[a89e5169bb62ebbc]::provider::time_zones::TimezoneNamesGenericLongV1>::{closure#0}, icu_provider[cb9726a465308544]::error::DataError>",313,0.05197833184428421,,
"<icu_provider[cb9726a465308544]::response::DataPayload<icu_provider[cb9726a465308544]::buf::BufferMarker>>::try_map_project::<icu_datetime[a89e5169bb62ebbc]::provider::time_zones::legacy::TimezoneMetazonePeriodsV1, <icu_provider[cb9726a465308544]::response::DataPayload<icu_provider[cb9726a465308544]::buf::BufferMarker>>::into_deserialized<icu_datetime[a89e5169bb62ebbc]::provider::time_zones::legacy::TimezoneMetazonePeriodsV1>::{closure#0}, icu_provider[cb9726a465308544]::error::DataError>",313,0.05197833184428421,,
"<icu_provider[cb9726a465308544]::response::DataPayload<icu_provider[cb9726a465308544]::buf::BufferMarker>>::try_map_project::<icu_decimal[22a00049869067f7]::provider::DecimalSymbolsV1, <icu_provider[cb9726a465308544]::response::DataPayload<icu_provider[cb9726a465308544]::buf::BufferMarker>>::into_deserialized<icu_decimal[22a00049869067f7]::provider::DecimalSymbolsV1>::{closure#0}, icu_provider[cb9726a465308544]::error::DataError>",309,0.051314072012408375,,
"<icu_provider[cb9726a465308544]::response::DataPayload<icu_provider[cb9726a465308544]::buf::BufferMarker>>::try_map_project::<icu_datetime[a89e5169bb62ebbc]::provider::semantic_skeletons::DatetimePatternsTimeV1, <icu_provider[cb9726a465308544]::response::DataPayload<icu_provider[cb9726a465308544]::buf::BufferMarker>>::into_deserialized<icu_datetime[a89e5169bb62ebbc]::provider::semantic_skeletons::DatetimePatternsTimeV1>::{closure#0}, icu_provider[cb9726a465308544]::error::DataError>",309,0.051314072012408375,,
"<icu_provider[cb9726a465308544]::response::DataPayload<icu_provider[cb9726a465308544]::buf::BufferMarker>>::try_map_project::<icu_datetime[a89e5169bb62ebbc]::provider::names::DatetimeNamesYearGregorianV1, <icu_provider[cb9726a465308544]::response::DataPayload<icu_provider[cb9726a465308544]::buf::BufferMarker>>::into_deserialized<icu_datetime[a89e5169bb62ebbc]::provider::names::DatetimeNamesYearGregorianV1>::{closure#0}, icu_provider[cb9726a465308544]::error::DataError>",309,0.051314072012408375,,
"<icu_provider[cb9726a465308544]::response::DataPayload<icu_provider[cb9726a465308544]::buf::BufferMarker>>::try_map_project::<icu_datetime[a89e5169bb62ebbc]::provider::names::DatetimeNamesMonthGregorianV1, <icu_provider[cb9726a465308544]::response::DataPayload<icu_provider[cb9726a465308544]::buf::BufferMarker>>::into_deserialized<icu_datetime[a89e5169bb62ebbc]::provider::names::DatetimeNamesMonthGregorianV1>::{closure#0}, icu_provider[cb9726a465308544]::error::DataError>",309,0.051314072012408375,,
<icu_time[fb65173487e4cb3a]::types::Time>::try_new,308,0.051148007054439414,,
<icu_datetime[a89e5169bb62ebbc]::fieldsets::enums::CompositeFieldSet>::to_raw_options,307,0.05098194209647045,,
"<icu_provider[cb9726a465308544]::response::DataPayload<icu_provider[cb9726a465308544]::buf::BufferMarker>>::try_map_project::<icu_time[fb65173487e4cb3a]::provider::TimezonePeriodsV1, <icu_provider[cb9726a465308544]::response::DataPayload<icu_provider[cb9726a465308544]::buf::BufferMarker>>::into_deserialized<icu_time[fb65173487e4cb3a]::provider::TimezonePeriodsV1>::{closure#0}, icu_provider[cb9726a465308544]::error::DataError>",307,0.05098194209647045,,
"<icu_provider[cb9726a465308544]::response::DataPayload<icu_provider[cb9726a465308544]::buf::BufferMarker>>::try_map_project::<icu_datetime[a89e5169bb62ebbc]::provider::time_zones::TimezoneNamesEssentialsV1, <icu_provider[cb9726a465308544]::response::DataPayload<icu_provider[cb9726a465308544]::buf::BufferMarker>>::into_deserialized<icu_datetime[a89e5169bb62ebbc]::provider::time_zones::TimezoneNamesEssentialsV1>::{closure#0}, icu_provider[cb9726a465308544]::error::DataError>",307,0.05098194209647045,,
"<icu_provider[cb9726a465308544]::response::DataPayload<icu_provider[cb9726a465308544]::buf::BufferMarker>>::try_map_project::<icu_datetime[a89e5169bb62ebbc]::provider::time_zones::TimezoneNamesLocationsRootV1, <icu_provider[cb9726a465308544]::response::DataPayload<icu_provider[cb9726a465308544]::buf::BufferMarker>>::into_deserialized<icu_datetime[a89e5169bb62ebbc]::provider::time_zones::TimezoneNamesLocationsRootV1>::{closure#0}, icu_provider[cb9726a465308544]::error::DataError>",307,0.05098194209647045,,
"<icu_provider[cb9726a465308544]::response::DataPayload<icu_provider[cb9726a465308544]::buf::BufferMarker>>::try_map_project::<icu_decimal[22a00049869067f7]::provider::DecimalDigitsV1, <icu_provider[cb9726a465308544]::response::DataPayload<icu_provider[cb9726a465308544]::buf::BufferMarker>>::into_deserialized<icu_decimal[22a00049869067f7]::provider::DecimalDigitsV1>::{closure#0}, icu_provider[cb9726a465308544]::error::DataError>",306,0.0508158771385015,,
<core[ed718c3d60ebd546]::fmt::Formatter>::debug_tuple_field1_finish,306,0.0508158771385015,,
<alloc[508e33bd5656020b]::raw_vec::RawVecInner>::finish_grow[1],305,0.050649812180532536,,
"<yoke[28063c787be73a0e]::yoke::Yoke<icu_provider_blob[7aedd55e3b0a236f]::blob_schema::BlobSchema, core[ed718c3d60ebd546]::option::Option<icu_provider[cb9726a465308544]::response::Cart>>>::try_map_project_cloned::<(&[u8], core[ed718c3d60ebd546]::option::Option<u64>), <icu_provider_blob[7aedd55e3b0a236f]::blob_data_provider::BlobDataProvider as icu_provider[cb9726a465308544]::data_provider::DynamicDataProvider<icu_provider[cb9726a465308544]::buf::BufferMarker>>::load_data::{closure#0}, icu_provider[cb9726a465308544]::error::DataError>",305,0.050649812180532536,,
<icu_decimal[22a00049869067f7]::provider::DecimalSymbolsStrs as zerovec[bebf1a62a3c1fad0]::ule::VarULE>::parse_bytes,304,0.05048374722256358,,
"core[ed718c3d60ebd546]::slice::sort::shared::smallsort::bidirectional_merge::<(&[u8], usize), <[(&[u8], usize)]>::sort_by<<zerotrie[c520be459a73f88a]::builder::nonconst::builder::ZeroTrieBuilder<alloc[508e33bd5656020b]::collections::vec_deque::VecDeque<u8>>>::from_bytes_iter<&str, core[ed718c3d60ebd546]::iter::adapters::map::Map<core[ed718c3d60ebd546]::iter::adapters::enumerate::Enumerate<core[ed718c3d60ebd546]::iter::adapters::map::Map<core[ed718c3d60ebd546]::ops::range::Range<usize>, <zerovec[bebf1a62a3c1fad0]::map2d::map::ZeroMap2d<icu_time[fb65173487e4cb3a]::zone::TimeZone, icu_time[fb65173487e4cb3a]::zone::zone_name_timestamp::ZoneNameTimestamp, zerovec[bebf1a62a3c1fad0]::ule::niche::NichedOption<core[ed718c3d60ebd546]::num::nonzero::NonZero<u8>, 1usize>>>::iter0::{closure#0}>>, icu_datetime[a89e5169bb62ebbc]::provider::time_zones::legacy::metazone_timezone_compat<&&icu_provider_blob[7aedd55e3b0a236f]::blob_data_provider::BlobDataProvider>::{closure#0}>>::{closure#1}>::{closure#0}>",303,0.05031768226459462,,
<icu_locale_core[80ffd7f212f7bd21]::subtags::region::Region>::try_from_utf8,302,0.05015161730662566,,
<alloc[508e33bd5656020b]::raw_vec::RawVecInner>::finish_grow,301,0.0499855523486567,,
core[ed718c3d60ebd546]::slice::index::slice_index_fail,300,0.04981948739068774,,
<icu_plurals[993a8e0f08d05f11]::provider::PluralElementsPackedULE<zerovec[bebf1a62a3c1fad0]::zerovec::slice::ZeroSlice<icu_datetime[a89e5169bb62ebbc]::provider::pattern::item::PatternItem>> as zerovec[bebf1a62a3c1fad0]::ule::VarULE>::validate_bytes,300,0.04981948739068774,,
<u32 as core[ed718c3d60ebd546]::fmt::Display>::fmt,298,0.049487357474749825,,
<icu_decimal[22a00049869067f7]::provider::GroupingSizes as serde_core[a2f16ecbf4bfe085]::de::Deserialize>::deserialize::<&mut postcard[4ec100a46e8476d3]::de::deserializer::Deserializer<postcard[4ec100a46e8476d3]::de::flavors::Slice>>,298,0.049487357474749825,,
"<zerovec[bebf1a62a3c1fad0]::varzerovec::owned::VarZeroVecOwned<zerovec[bebf1a62a3c1fad0]::ule::vartuple::VarTupleULE<(u8, zerovec[bebf1a62a3c1fad0]::ule::niche::NichedOption<core[ed718c3d60ebd546]::num::nonzero::NonZero<u8>, 1usize>), zerovec[bebf1a62a3c1fad0]::zerovec::slice::ZeroSlice<(icu_time[fb65173487e4cb3a]::provider::Timestamp24, u8, zerovec[bebf1a62a3c1fad0]::ule::niche::NichedOption<core[ed718c3d60ebd546]::num::nonzero::NonZero<u8>, 1usize>)>>>>::insert::<zerovec[bebf1a62a3c1fad0]::ule::vartuple::VarTuple<(u8, zerovec[bebf1a62a3c1fad0]::ule::niche::NichedOption<core[ed718c3d60ebd546]::num::nonzero::NonZero<u8>, 1usize>), &zerovec[bebf1a62a3c1fad0]::zerovec::slice::ZeroSlice<(icu_time[fb65173487e4cb3a]::provider::Timestamp24, u8, zerovec[bebf1a62a3c1fad0]::ule::niche::NichedOption<core[ed718c3d60ebd546]::num::nonzero::NonZero<u8>, 1usize>)>>>",297,0.049321292516780864,,
<zerotrie[c520be459a73f88a]::builder::nonconst::builder::ZeroTrieBuilder<alloc[508e33bd5656020b]::collections::vec_deque::VecDeque<u8>>>::prepend_ascii,296,0.04915522755881191,,
<icu_calendar[9ded05a9b369afae]::calendar_arithmetic::ArithmeticDate<icu_calendar[9ded05a9b369afae]::cal::abstract_gregorian::AbstractGregorian<icu_calendar[9ded05a9b369afae]::cal::iso::IsoEra>>>::from_year_month_day,294,0.048823097642873986,,
icu_provider[cb9726a465308544]::buf::serde::deserialize_impl::<icu_time[fb65173487e4cb3a]::provider::TimezonePeriodsV1>,291,0.04832490276896711,,
icu_provider[cb9726a465308544]::buf::serde::deserialize_impl::<icu_datetime[a89e5169bb62ebbc]::provider::time_zones::TimezoneNamesEssentialsV1>,291,0.04832490276896711,,
"<icu_provider[cb9726a465308544]::response::DataPayload<icu_provider[cb9726a465308544]::buf::BufferMarker>>::try_map_project::<icu_datetime[a89e5169bb62ebbc]::provider::semantic_skeletons::DatetimePatternsGlueV1, <icu_provider[cb9726a465308544]::response::DataPayload<icu_provider[cb9726a465308544]::buf::BufferMarker>>::into_deserialized<icu_datetime[a89e5169bb62ebbc]::provider::semantic_skeletons::DatetimePatternsGlueV1>::{closure#0}, icu_provider[cb9726a465308544]::error::DataError>",290,0.048158837810998154,,
"<icu_provider[cb9726a465308544]::response::DataPayload<icu_provider[cb9726a465308544]::buf::BufferMarker>>::try_map_project::<icu_datetime[a89e5169bb62ebbc]::provider::names::DatetimeNamesWeekdayV1, <icu_provider[cb9726a465308544]::response::DataPayload<icu_provider[cb9726a465308544]::buf::BufferMarker>>::into_deserialized<icu_datetime[a89e5169bb62ebbc]::provider::names::DatetimeNamesWeekdayV1>::{closure#0}, icu_provider[cb9726a465308544]::error::DataError>",290,0.048158837810998154,,
"<icu_provider[cb9726a465308544]::response::DataPayload<icu_provider[cb9726a465308544]::buf::BufferMarker>>::try_map_project::<icu_datetime[a89e5169bb62ebbc]::provider::names::DatetimeNamesDayperiodV1, <icu_provider[cb9726a465308544]::response::DataPayload<icu_provider[cb9726a465308544]::buf::BufferMarker>>::into_deserialized<icu_datetime[a89e5169bb62ebbc]::provider::names::DatetimeNamesDayperiodV1>::{closure#0}, icu_provider[cb9726a465308544]::error::DataError>",290,0.048158837810998154,,
<icu_decimal[22a00049869067f7]::provider::DecimalSymbols as serde_core[a2f16ecbf4bfe085]::de::Deserialize>::deserialize::<&mut postcard[4ec100a46e8476d3]::de::deserializer::Deserializer<postcard[4ec100a46e8476d3]::de::flavors::Slice>>,289,0.04799277285302919,,
"<alloc[508e33bd5656020b]::collections::btree::node::Handle<alloc[508e33bd5656020b]::collections::btree::node::NodeRef<alloc[508e33bd5656020b]::collections::btree::node::marker::Mut, alloc[508e33bd5656020b]::vec::Vec<u8>, zerotrie[c520be459a73f88a]::byte_phf::PerfectByteHashMap<alloc[508e33bd5656020b]::vec::Vec<u8>>, alloc[508e33bd5656020b]::collections::btree::node::marker::Internal>, alloc[508e33bd5656020b]::collections::btree::node::marker::Edge>>::insert::<alloc[508e33bd5656020b]::alloc::Global>",289,0.04799277285302919,,
icu_datetime[a89e5169bb62ebbc]::format::datetime::perform_timezone_fallback::<writeable[b3b2ab86242271a5]::parts_write_adapter::CoreWriteAsPartsWrite<&mut alloc[508e33bd5656020b]::string::String>>,289,0.04799277285302919,,
<alloc[508e33bd5656020b]::string::String as core[ed718c3d60ebd546]::fmt::Write>::write_char,286,0.047494577979122314,,
<icu_datetime[a89e5169bb62ebbc]::fieldsets::enums::DateAndTimeFieldSet>::to_raw_options,285,0.04732851302115335,,
<icu_datetime[a89e5169bb62ebbc]::pattern::names::RawDateTimeNames<icu_datetime[a89e5169bb62ebbc]::fieldsets::enums::CompositeFieldSet>>::load_decimal_formatter::<icu_datetime[a89e5169bb62ebbc]::external_loaders::ExternalLoaderBuffer<icu_provider_blob[7aedd55e3b0a236f]::blob_data_provider::BlobDataProvider>>,284,0.0471624480631844,,
<icu_pattern[44006f5ff0e3d39e]::double::DoublePlaceholder as icu_pattern[44006f5ff0e3d39e]::common::PatternBackend>::iter_items,282,0.046830318147246475,,
core[ed718c3d60ebd546]::unicode::unicode_data::default_ignorable_code_point::lookup_slow,281,0.04666425318927752,,
core[ed718c3d60ebd546]::unicode::unicode_data::cf::lookup_slow,281,0.04666425318927752,,
<icu_datetime[a89e5169bb62ebbc]::format::time_zone::TimeZoneFormatterUnit as icu_datetime[a89e5169bb62ebbc]::format::time_zone::FormatTimeZone>::format::<writeable[b3b2ab86242271a5]::parts_write_adapter::CoreWriteAsPartsWrite<&mut alloc[508e33bd5656020b]::string::String>>,281,0.04666425318927752,,
icu_provider[cb9726a465308544]::buf::serde::deserialize_impl::<icu_decimal[22a00049869067f7]::provider::DecimalSymbolsV1>,281,0.04666425318927752,,
"wasm_bindgen[3e212429144f4068]::__rt::maybe_catch_unwind::<w_icu_blob_fixed[5f5d79c9d0a3b9d8]::_::__wasm_bindgen_generated_fmt::{closure#0}, alloc[508e33bd5656020b]::string::String>",278,0.04616605831537064,,
"<icu_datetime[a89e5169bb62ebbc]::pattern::names::RawDateTimeNames<icu_datetime[a89e5169bb62ebbc]::fieldsets::enums::CompositeFieldSet>>::load_time_zone_field_zzzz_except_decimals::<icu_provider[cb9726a465308544]::data_provider::DataProviderWithMarker<icu_datetime[a89e5169bb62ebbc]::provider::time_zones::TimezoneNamesEssentialsV1, &icu_datetime[a89e5169bb62ebbc]::provider::compat::CompatProvider<&icu_provider[cb9726a465308544]::buf::serde::DeserializingBufferProvider<icu_provider_blob[7aedd55e3b0a236f]::blob_data_provider::BlobDataProvider>, &&icu_provider_blob[7aedd55e3b0a236f]::blob_data_provider::BlobDataProvider>>, icu_provider[cb9726a465308544]::data_provider::DataProviderWithMarker<icu_datetime[a89e5169bb62ebbc]::provider::time_zones::TimezoneNamesLocationsOverrideV1, &icu_datetime[a89e5169bb62ebbc]::provider::compat::CompatProvider<&icu_provider[cb9726a465308544]::buf::serde::DeserializingBufferProvider<icu_provider_blob[7aedd55e3b0a236f]::blob_data_provider::BlobDataProvider>, &&icu_provider_blob[7aedd55e3b0a236f]::blob_data_provider::BlobDataProvider>>, icu_provider[cb9726a465308544]::data_provider::DataProviderWithMarker<icu_datetime[a89e5169bb62ebbc]::provider::time_zones::TimezoneNamesLocationsRootV1, &icu_datetime[a89e5169bb62ebbc]::provider::compat::CompatProvider<&icu_provider[cb9726a465308544]::buf::serde::DeserializingBufferProvider<icu_provider_blob[7aedd55e3b0a236f]::blob_data_provider::BlobDataProvider>, &&icu_provider_blob[7aedd55e3b0a236f]::blob_data_provider::BlobDataProvider>>, icu_provider[cb9726a465308544]::data_provider::DataProviderWithMarker<icu_datetime[a89e5169bb62ebbc]::provider::time_zones::TimezoneNamesStandardLongV1, &icu_datetime[a89e5169bb62ebbc]::provider::compat::CompatProvider<&icu_provider[cb9726a465308544]::buf::serde::DeserializingBufferProvider<icu_provider_blob[7aedd55e3b0a236f]::blob_data_provider::BlobDataProvider>, &&icu_provider_blob[7aedd55e3b0a236f]::blob_data_provider::BlobDataProvider>>, icu_provider[cb9726a465308544]::data_provider::DataProviderWithMarker<icu_datetime[a89e5169bb62ebbc]::provider::time_zones::TimezoneNamesSpecificLongV1, &icu_datetime[a89e5169bb62ebbc]::provider::compat::CompatProvider<&icu_provider[cb9726a465308544]::buf::serde::DeserializingBufferProvider<icu_provider_blob[7aedd55e3b0a236f]::blob_data_provider::BlobDataProvider>, &&icu_provider_blob[7aedd55e3b0a236f]::blob_data_provider::BlobDataProvider>>, icu_provider[cb9726a465308544]::data_provider::DataProviderWithMarker<icu_time[fb65173487e4cb3a]::provider::TimezonePeriodsV1, &icu_datetime[a89e5169bb62ebbc]::provider::compat::CompatProvider<&icu_provider[cb9726a465308544]::buf::serde::DeserializingBufferProvider<icu_provider_blob[7aedd55e3b0a236f]::blob_data_provider::BlobDataProvider>, &&icu_provider_blob[7aedd55e3b0a236f]::blob_data_provider::BlobDataProvider>>>",276,0.045833928399432726,,
"<icu_datetime[a89e5169bb62ebbc]::pattern::names::RawDateTimeNames<icu_datetime[a89e5169bb62ebbc]::fieldsets::enums::CompositeFieldSet>>::load_time_zone_field_vvvv_except_decimals::<icu_provider[cb9726a465308544]::data_provider::DataProviderWithMarker<icu_datetime[a89e5169bb62ebbc]::provider::time_zones::TimezoneNamesEssentialsV1, &icu_datetime[a89e5169bb62ebbc]::provider::compat::CompatProvider<&icu_provider[cb9726a465308544]::buf::serde::DeserializingBufferProvider<icu_provider_blob[7aedd55e3b0a236f]::blob_data_provider::BlobDataProvider>, &&icu_provider_blob[7aedd55e3b0a236f]::blob_data_provider::BlobDataProvider>>, icu_provider[cb9726a465308544]::data_provider::DataProviderWithMarker<icu_datetime[a89e5169bb62ebbc]::provider::time_zones::TimezoneNamesLocationsOverrideV1, &icu_datetime[a89e5169bb62ebbc]::provider::compat::CompatProvider<&icu_provider[cb9726a465308544]::buf::serde::DeserializingBufferProvider<icu_provider_blob[7aedd55e3b0a236f]::blob_data_provider::BlobDataProvider>, &&icu_provider_blob[7aedd55e3b0a236f]::blob_data_provider::BlobDataProvider>>, icu_provider[cb9726a465308544]::data_provider::DataProviderWithMarker<icu_datetime[a89e5169bb62ebbc]::provider::time_zones::TimezoneNamesLocationsRootV1, &icu_datetime[a89e5169bb62ebbc]::provider::compat::CompatProvider<&icu_provider[cb9726a465308544]::buf::serde::DeserializingBufferProvider<icu_provider_blob[7aedd55e3b0a236f]::blob_data_provider::BlobDataProvider>, &&icu_provider_blob[7aedd55e3b0a236f]::blob_data_provider::BlobDataProvider>>, icu_provider[cb9726a465308544]::data_provider::DataProviderWithMarker<icu_datetime[a89e5169bb62ebbc]::provider::time_zones::TimezoneNamesGenericLongV1, &icu_datetime[a89e5169bb62ebbc]::provider::compat::CompatProvider<&icu_provider[cb9726a465308544]::buf::serde::DeserializingBufferProvider<icu_provider_blob[7aedd55e3b0a236f]::blob_data_provider::BlobDataProvider>, &&icu_provider_blob[7aedd55e3b0a236f]::blob_data_provider::BlobDataProvider>>, icu_provider[cb9726a465308544]::data_provider::DataProviderWithMarker<icu_datetime[a89e5169bb62ebbc]::provider::time_zones::TimezoneNamesStandardLongV1, &icu_datetime[a89e5169bb62ebbc]::provider::compat::CompatProvider<&icu_provider[cb9726a465308544]::buf::serde::DeserializingBufferProvider<icu_provider_blob[7aedd55e3b0a236f]::blob_data_provider::BlobDataProvider>, &&icu_provider_blob[7aedd55e3b0a236f]::blob_data_provider::BlobDataProvider>>, icu_provider[cb9726a465308544]::data_provider::DataProviderWithMarker<icu_time[fb65173487e4cb3a]::provider::TimezonePeriodsV1, &icu_datetime[a89e5169bb62ebbc]::provider::compat::CompatProvider<&icu_provider[cb9726a465308544]::buf::serde::DeserializingBufferProvider<icu_provider_blob[7aedd55e3b0a236f]::blob_data_provider::BlobDataProvider>, &&icu_provider_blob[7aedd55e3b0a236f]::blob_data_provider::BlobDataProvider>>>",276,0.045833928399432726,,
<icu_locale_core[80ffd7f212f7bd21]::extensions::unicode::value::Value>::try_from_utf8,274,0.0455017984834948,,
"<icu_datetime[a89e5169bb62ebbc]::pattern::names::RawDateTimeNames<icu_datetime[a89e5169bb62ebbc]::fieldsets::enums::CompositeFieldSet>>::load_time_zone_field_v_except_decimals::<icu_provider[cb9726a465308544]::data_provider::DataProviderWithMarker<icu_datetime[a89e5169bb62ebbc]::provider::time_zones::TimezoneNamesEssentialsV1, &icu_datetime[a89e5169bb62ebbc]::provider::compat::CompatProvider<&icu_provider[cb9726a465308544]::buf::serde::DeserializingBufferProvider<icu_provider_blob[7aedd55e3b0a236f]::blob_data_provider::BlobDataProvider>, &&icu_provider_blob[7aedd55e3b0a236f]::blob_data_provider::BlobDataProvider>>, icu_provider[cb9726a465308544]::data_provider::DataProviderWithMarker<icu_datetime[a89e5169bb62ebbc]::provider::time_zones::TimezoneNamesLocationsOverrideV1, &icu_datetime[a89e5169bb62ebbc]::provider::compat::CompatProvider<&icu_provider[cb9726a465308544]::buf::serde::DeserializingBufferProvider<icu_provider_blob[7aedd55e3b0a236f]::blob_data_provider::BlobDataProvider>, &&icu_provider_blob[7aedd55e3b0a236f]::blob_data_provider::BlobDataProvider>>, icu_provider[cb9726a465308544]::data_provider::DataProviderWithMarker<icu_datetime[a89e5169bb62ebbc]::provider::time_zones::TimezoneNamesLocationsRootV1, &icu_datetime[a89e5169bb62ebbc]::provider::compat::CompatProvider<&icu_provider[cb9726a465308544]::buf::serde::DeserializingBufferProvider<icu_provider_blob[7aedd55e3b0a236f]::blob_data_provider::BlobDataProvider>, &&icu_provider_blob[7aedd55e3b0a236f]::blob_data_provider::BlobDataProvider>>, icu_provider[cb9726a465308544]::data_provider::DataProviderWithMarker<icu_datetime[a89e5169bb62ebbc]::provider::time_zones::TimezoneNamesGenericShortV1, &icu_datetime[a89e5169bb62ebbc]::provider::compat::CompatProvider<&icu_provider[cb9726a465308544]::buf::serde::DeserializingBufferProvider<icu_provider_blob[7aedd55e3b0a236f]::blob_data_provider::BlobDataProvider>, &&icu_provider_blob[7aedd55e3b0a236f]::blob_data_provider::BlobDataProvider>>, icu_provider[cb9726a465308544]::data_provider::DataProviderWithMarker<icu_time[fb65173487e4cb3a]::provider::TimezonePeriodsV1, &icu_datetime[a89e5169bb62ebbc]::provider::compat::CompatProvider<&icu_provider[cb9726a465308544]::buf::serde::DeserializingBufferProvider<icu_provider_blob[7aedd55e3b0a236f]::blob_data_provider::BlobDataProvider>, &&icu_provider_blob[7aedd55e3b0a236f]::blob_data_provider::BlobDataProvider>>>",274,0.0455017984834948,,
std[5a6270b673d0c64d]::panicking::panic_with_hook,274,0.0455017984834948,,
<icu_locale_core[80ffd7f212f7bd21]::extensions::unicode::Unicode>::try_from_iter,273,0.04533573352552584,,
"icu_datetime[a89e5169bb62ebbc]::format::datetime::try_write_pattern_items::<writeable[b3b2ab86242271a5]::parts_write_adapter::CoreWriteAsPartsWrite<&mut alloc[508e33bd5656020b]::string::String>, core[ed718c3d60ebd546]::iter::adapters::flatten::FlatMap<core[ed718c3d60ebd546]::iter::adapters::map::Map<core[ed718c3d60ebd546]::slice::iter::Iter<icu_datetime[a89e5169bb62ebbc]::provider::pattern::item::ule::GenericPatternItemULE>, <icu_datetime[a89e5169bb62ebbc]::raw::neo::DateTimeZonePatternDataBorrowed>::iter_items::{closure#0}>, core[ed718c3d60ebd546]::iter::adapters::map::Map<zerovec[bebf1a62a3c1fad0]::zerovec::slice::ZeroSliceIter<icu_datetime[a89e5169bb62ebbc]::provider::pattern::item::PatternItem>, <icu_datetime[a89e5169bb62ebbc]::raw::neo::ItemsAndOptions>::iter_items::{closure#0}>, <icu_datetime[a89e5169bb62ebbc]::raw::neo::DateTimeZonePatternDataBorrowed>::iter_items::{closure#1}>>",272,0.045169668567556887,,
"<zerovec[bebf1a62a3c1fad0]::varzerovec::slice::VarZeroSlice<[u8], zerovec[bebf1a62a3c1fad0]::varzerovec::components::Index32> as zerovec[bebf1a62a3c1fad0]::ule::VarULE>::validate_bytes",271,0.045003603609587925,,
icu_provider[cb9726a465308544]::buf::serde::deserialize_impl::<icu_datetime[a89e5169bb62ebbc]::provider::time_zones::TimezoneNamesCitiesRootV1>,271,0.045003603609587925,,
icu_provider[cb9726a465308544]::buf::serde::deserialize_impl::<icu_datetime[a89e5169bb62ebbc]::provider::time_zones::TimezoneNamesGenericLongV1>,270,0.04483753865161896,,
<&mut alloc[508e33bd5656020b]::string::String as core[ed718c3d60ebd546]::fmt::Write>::write_char,268,0.04450540873568105,,
"<icu_datetime[a89e5169bb62ebbc]::neo::FixedCalendarDateTimeFormatter<icu_calendar[9ded05a9b369afae]::cal::gregorian::Gregorian, icu_datetime[a89e5169bb62ebbc]::fieldsets::enums::CompositeFieldSet>>::try_new_internal::<icu_datetime[a89e5169bb62ebbc]::provider::compat::CompatProvider<&icu_provider[cb9726a465308544]::buf::serde::DeserializingBufferProvider<icu_provider_blob[7aedd55e3b0a236f]::blob_data_provider::BlobDataProvider>, &&icu_provider_blob[7aedd55e3b0a236f]::blob_data_provider::BlobDataProvider>, icu_datetime[a89e5169bb62ebbc]::external_loaders::ExternalLoaderBuffer<icu_provider_blob[7aedd55e3b0a236f]::blob_data_provider::BlobDataProvider>>",268,0.04450540873568105,,
<icu_datetime[a89e5169bb62ebbc]::fieldsets::enums::DateAndTimeFieldSet>::to_date_field_set,267,0.04433934377771209,,
<zerotrie[c520be459a73f88a]::zerotrie::ZeroTrieSimpleAscii<zerovec[bebf1a62a3c1fad0]::zerovec::ZeroVec<u8>> as serde_core[a2f16ecbf4bfe085]::de::Deserialize>::deserialize::<&mut postcard[4ec100a46e8476d3]::de::deserializer::Deserializer<postcard[4ec100a46e8476d3]::de::flavors::Slice>>,267,0.04433934377771209,,
icu_provider[cb9726a465308544]::buf::serde::deserialize_impl::<icu_datetime[a89e5169bb62ebbc]::provider::time_zones::TimezoneNamesLocationsRootV1>,267,0.04433934377771209,,
icu_provider[cb9726a465308544]::buf::serde::deserialize_impl::<icu_datetime[a89e5169bb62ebbc]::provider::time_zones::legacy::TimezoneMetazonePeriodsV1>,267,0.04433934377771209,,
"<litemap[3dfd17a1a4f9a878]::map::LiteMap<icu_locale_core[80ffd7f212f7bd21]::extensions::unicode::key::Key, icu_locale_core[80ffd7f212f7bd21]::extensions::unicode::value::Value, icu_locale_core[80ffd7f212f7bd21]::shortvec::ShortBoxSlice<(icu_locale_core[80ffd7f212f7bd21]::extensions::unicode::key::Key, icu_locale_core[80ffd7f212f7bd21]::extensions::unicode::value::Value)>>>::try_insert",266,0.04417327881974313,,
<zerotrie[c520be459a73f88a]::builder::nonconst::store::NonConstLengthsStack>::pop_many_or_panic,266,0.04417327881974313,,
icu_provider[cb9726a465308544]::buf::serde::deserialize_impl::<icu_decimal[22a00049869067f7]::provider::DecimalDigitsV1>,266,0.04417327881974313,,
icu_provider[cb9726a465308544]::buf::serde::deserialize_impl::<icu_datetime[a89e5169bb62ebbc]::provider::time_zones::TimezoneNamesSpecificLongV1>,266,0.04417327881974313,,
<icu_datetime[a89e5169bb62ebbc]::provider::packed_pattern::_serde::GenericPackedPatternsMachine<icu_plurals[993a8e0f08d05f11]::provider::PluralElementsPackedULE<zerovec[bebf1a62a3c1fad0]::zerovec::slice::ZeroSlice<icu_datetime[a89e5169bb62ebbc]::provider::pattern::item::PatternItem>>> as serde_core[a2f16ecbf4bfe085]::de::Deserialize>::deserialize::<&mut postcard[4ec100a46e8476d3]::de::deserializer::Deserializer<postcard[4ec100a46e8476d3]::de::flavors::Slice>>,266,0.04417327881974313,,
<zerovec[bebf1a62a3c1fad0]::varzerovec::slice::VarZeroSlice<icu_plurals[993a8e0f08d05f11]::provider::PluralElementsPackedULE<zerovec[bebf1a62a3c1fad0]::zerovec::slice::ZeroSlice<icu_datetime[a89e5169bb62ebbc]::provider::pattern::item::PatternItem>>> as zerovec[bebf1a62a3c1fad0]::ule::VarULE>::validate_bytes,264,0.043841148903805215,,
"<zerovec[bebf1a62a3c1fad0]::varzerovec::slice::VarZeroSlice<zerovec[bebf1a62a3c1fad0]::ule::vartuple::VarTupleULE<icu_plurals[993a8e0f08d05f11]::provider::PluralCategoryAndMetadata, zerovec[bebf1a62a3c1fad0]::zerovec::slice::ZeroSlice<icu_datetime[a89e5169bb62ebbc]::provider::pattern::item::PatternItem>>> as zerovec[bebf1a62a3c1fad0]::ule::VarULE>::validate_bytes",264,0.043841148903805215,,
"<zerovec[bebf1a62a3c1fad0]::varzerovec::slice::VarZeroSlice<zerovec[bebf1a62a3c1fad0]::ule::vartuple::VarTupleULE<(u8, zerovec[bebf1a62a3c1fad0]::ule::niche::NichedOption<core[ed718c3d60ebd546]::num::nonzero::NonZero<u8>, 1usize>), zerovec[bebf1a62a3c1fad0]::zerovec::slice::ZeroSlice<(icu_time[fb65173487e4cb3a]::provider::Timestamp24, u8, zerovec[bebf1a62a3c1fad0]::ule::niche::NichedOption<core[ed718c3d60ebd546]::num::nonzero::NonZero<u8>, 1usize>)>>> as zerovec[bebf1a62a3c1fad0]::ule::VarULE>::validate_bytes",264,0.043841148903805215,,
"<zerovec[bebf1a62a3c1fad0]::varzerovec::slice::VarZeroSlice<zerovec[bebf1a62a3c1fad0]::ule::vartuple::VarTupleULE<i8, icu_pattern[44006f5ff0e3d39e]::frontend::Pattern<icu_pattern[44006f5ff0e3d39e]::single::SinglePlaceholder>>> as zerovec[bebf1a62a3c1fad0]::ule::VarULE>::validate_bytes",264,0.043841148903805215,,
<zerovec[bebf1a62a3c1fad0]::varzerovec::slice::VarZeroSlice<str> as zerovec[bebf1a62a3c1fad0]::ule::VarULE>::validate_bytes,263,0.04367508394583625,,
<icu_datetime[a89e5169bb62ebbc]::pattern::names::RawDateTimeNamesBorrowed>::get_name_for_cyclic,261,0.04334295402989833,,
icu_provider[cb9726a465308544]::buf::serde::deserialize_impl::<icu_datetime[a89e5169bb62ebbc]::provider::semantic_skeletons::DatetimePatternsTimeV1>,261,0.04334295402989833,,
icu_provider[cb9726a465308544]::buf::serde::deserialize_impl::<icu_datetime[a89e5169bb62ebbc]::provider::names::DatetimeNamesWeekdayV1>,261,0.04334295402989833,,
icu_provider[cb9726a465308544]::buf::serde::deserialize_impl::<icu_datetime[a89e5169bb62ebbc]::provider::names::DatetimeNamesDayperiodV1>,261,0.04334295402989833,,
icu_provider[cb9726a465308544]::buf::serde::deserialize_impl::<icu_datetime[a89e5169bb62ebbc]::provider::names::DatetimeNamesYearGregorianV1>,261,0.04334295402989833,,
icu_provider[cb9726a465308544]::buf::serde::deserialize_impl::<icu_datetime[a89e5169bb62ebbc]::provider::names::DatetimeNamesMonthGregorianV1>,260,0.043176889071929375,,
<fixed_decimal[f190755009246613]::decimal::UnsignedDecimal>::set_max_position,259,0.043010824113960414,,
"<litemap[3dfd17a1a4f9a878]::map::LiteMap<icu_locale_core[80ffd7f212f7bd21]::extensions::transform::key::Key, icu_locale_core[80ffd7f212f7bd21]::extensions::transform::value::Value>>::try_insert",259,0.043010824113960414,,
"<icu_locale_core[80ffd7f212f7bd21]::data::DataLocale>::for_each_subtag_str::<core[ed718c3d60ebd546]::fmt::Error, <icu_locale_core[80ffd7f212f7bd21]::data::DataLocale as writeable[b3b2ab86242271a5]::Writeable>::write_to<zerotrie[c520be459a73f88a]::cursor::ZeroTrieSimpleAsciiCursor>::{closure#0}>",259,0.043010824113960414,,
<alloc[508e33bd5656020b]::collections::vec_deque::VecDeque<u8> as zerotrie[c520be459a73f88a]::builder::nonconst::store::TrieBuilderStore>::atbs_swap_ranges,258,0.04284475915599146,,
<fixed_decimal[f190755009246613]::decimal::UnsignedDecimal>::trunc_to_increment_internal::<fixed_decimal[f190755009246613]::rounding::NoIncrement>,258,0.04284475915599146,,
"<zerovec[bebf1a62a3c1fad0]::ule::tuple::Tuple2ULE<icu_time[fb65173487e4cb3a]::zone::TimeZone, icu_time[fb65173487e4cb3a]::provider::TimeZoneVariantULE> as zerovec[bebf1a62a3c1fad0]::ule::ULE>::validate_bytes",258,0.04284475915599146,,
icu_provider[cb9726a465308544]::buf::serde::deserialize_impl::<icu_datetime[a89e5169bb62ebbc]::provider::semantic_skeletons::DatetimePatternsGlueV1>,258,0.04284475915599146,,
<str>::strip_prefix::<char>,257,0.0426786941980225,,
"<core[ed718c3d60ebd546]::iter::adapters::map::Map<core[ed718c3d60ebd546]::ops::range::Range<usize>, <zerovec[bebf1a62a3c1fad0]::map2d::map::ZeroMap2d<icu_time[fb65173487e4cb3a]::zone::TimeZone, icu_time[fb65173487e4cb3a]::zone::zone_name_timestamp::ZoneNameTimestamp, zerovec[bebf1a62a3c1fad0]::ule::niche::NichedOption<core[ed718c3d60ebd546]::num::nonzero::NonZero<u8>, 1usize>>>::iter0::{closure#0}> as core[ed718c3d60ebd546]::iter::traits::iterator::Iterator>::fold::<(), <core[ed718c3d60ebd546]::iter::adapters::enumerate::Enumerate<_> as core[ed718c3d60ebd546]::iter::traits::iterator::Iterator>::fold::enumerate<zerovec[bebf1a62a3c1fad0]::map2d::cursor::ZeroMap2dCursor<icu_time[fb65173487e4cb3a]::zone::TimeZone, icu_time[fb65173487e4cb3a]::zone::zone_name_timestamp::ZoneNameTimestamp, zerovec[bebf1a62a3c1fad0]::ule::niche::NichedOption<core[ed718c3d60ebd546]::num::nonzero::NonZero<u8>, 1usize>>, (), core[ed718c3d60ebd546]::iter::adapters::map::map_fold<(usize, zerovec[bebf1a62a3c1fad0]::map2d::cursor::ZeroMap2dCursor<icu_time[fb65173487e4cb3a]::zone::TimeZone, icu_time[fb65173487e4cb3a]::zone::zone_name_timestamp::ZoneNameTimestamp, zerovec[bebf1a62a3c1fad0]::ule::niche::NichedOption<core[ed718c3d60ebd546]::num::nonzero::NonZero<u8>, 1usize>>), (&str, usize), (), icu_datetime[a89e5169bb62ebbc]::provider::time_zones::legacy::metazone_timezone_compat<&&icu_provider_blob[7aedd55e3b0a236f]::blob_data_provider::BlobDataProvider>::{closure#0}, core[ed718c3d60ebd546]::iter::traits::iterator::Iterator::for_each::call<(&str, usize), <alloc[508e33bd5656020b]::vec::Vec<(&str, usize)>>::extend_trusted<core[ed718c3d60ebd546]::iter::adapters::map::Map<core[ed718c3d60ebd546]::iter::adapters::enumerate::Enumerate<core[ed718c3d60ebd546]::iter::adapters::map::Map<core[ed718c3d60ebd546]::ops::range::Range<usize>, <zerovec[bebf1a62a3c1fad0]::map2d::map::ZeroMap2d<icu_time[fb65173487e4cb3a]::zone::TimeZone, icu_time[fb65173487e4cb3a]::zone::zone_name_timestamp::ZoneNameTimestamp, zerovec[bebf1a62a3c1fad0]::ule::niche::NichedOption<core[ed718c3d60ebd546]::num::nonzero::NonZero<u8>, 1usize>>>::iter0::{closure#0}>>, icu_datetime[a89e5169bb62ebbc]::provider::time_zones::legacy::metazone_timezone_compat<&&icu_provider_blob[7aedd55e3b0a236f]::blob_data_provider::BlobDataProvider>::{closure#0}>>::{closure#0}>::{closure#0}>::{closure#0}>::{closure#0}>",256,0.042512629240053536,,
<icu_locale_core[80ffd7f212f7bd21]::extensions::unicode::subdivision::SubdivisionId>::try_from_subtag,256,0.042512629240053536,,
<icu_locale_core[80ffd7f212f7bd21]::preferences::extensions::unicode::keywords::hour_cycle::HourCycle as core[ed718c3d60ebd546]::convert::TryFrom<&icu_locale_core[80ffd7f212f7bd21]::extensions::unicode::value::Value>>::try_from,256,0.042512629240053536,,
icu_datetime[a89e5169bb62ebbc]::format::numeric_override::format_hebrew::<writeable[b3b2ab86242271a5]::parts_write_adapter::CoreWriteAsPartsWrite<&mut alloc[508e33bd5656020b]::string::String>>,254,0.04218049932411562,,
core[ed718c3d60ebd546]::ptr::drop_glue::<icu_locale_core[80ffd7f212f7bd21]::extensions::Extensions>,252,0.0418483694081777,,
core[ed718c3d60ebd546]::panicking::assert_failed_inner,250,0.04151623949223979,,
<&usize as core[ed718c3d60ebd546]::fmt::Debug>::fmt[1],249,0.041350174534270825,,
"<zerovec[bebf1a62a3c1fad0]::ule::tuplevar::Tuple2VarULE<zerovec[bebf1a62a3c1fad0]::varzerovec::slice::VarZeroSlice<potential_utf[a470693f0fde25c8]::ustr::PotentialUtf8>, zerovec[bebf1a62a3c1fad0]::varzerovec::slice::VarZeroSlice<str>> as zerovec[bebf1a62a3c1fad0]::ule::VarULE>::validate_bytes",249,0.041350174534270825,,
"<yoke[28063c787be73a0e]::yoke::Yoke<&[u8], yoke[28063c787be73a0e]::cartable_ptr::CartableOptionPointer<alloc[508e33bd5656020b]::rc::Rc<alloc[508e33bd5656020b]::boxed::Box<[u8]>>>>>::try_map_project::<icu_datetime[a89e5169bb62ebbc]::provider::time_zones::MetazoneSpecificNames, <icu_provider[cb9726a465308544]::response::DataPayload<icu_provider[cb9726a465308544]::buf::BufferMarker>>::into_deserialized<icu_datetime[a89e5169bb62ebbc]::provider::time_zones::TimezoneNamesSpecificLongV1>::{closure#0}, icu_provider[cb9726a465308544]::error::DataError>",248,0.041184109576301864,,
"<zerovec[bebf1a62a3c1fad0]::varzerovec::lengthless::VarZeroLengthlessSlice<[u8], zerovec[bebf1a62a3c1fad0]::varzerovec::components::Index16>>::parse_bytes",247,0.04101804461833291,,
"<alloc[508e33bd5656020b]::collections::btree::node::Handle<alloc[508e33bd5656020b]::collections::btree::node::NodeRef<alloc[508e33bd5656020b]::collections::btree::node::marker::Mut, alloc[508e33bd5656020b]::vec::Vec<u8>, zerotrie[c520be459a73f88a]::byte_phf::PerfectByteHashMap<alloc[508e33bd5656020b]::vec::Vec<u8>>, alloc[508e33bd5656020b]::collections::btree::node::marker::Leaf>, alloc[508e33bd5656020b]::collections::btree::node::marker::KV>>::split_leaf_data",244,0.04051984974442603,,
"core[ed718c3d60ebd546]::slice::sort::shared::smallsort::sort4_stable::<(usize, alloc[508e33bd5656020b]::vec::Vec<u8>), <[(usize, alloc[508e33bd5656020b]::vec::Vec<u8>)]>::sort_by_key<isize, zerotrie[c520be459a73f88a]::byte_phf::builder::find::{closure#1}>::{closure#0}>",243,0.04035378478645707,,
<core[ed718c3d60ebd546]::num::nonzero::NonZero<usize> as core[ed718c3d60ebd546]::fmt::Debug>::fmt,243,0.04035378478645707,,
<u32 as core[ed718c3d60ebd546]::fmt::Debug>::fmt,242,0.04018771982848811,,
<icu_datetime[a89e5169bb62ebbc]::provider::pattern::item::ule::GenericPatternItemULE as zerovec[bebf1a62a3c1fad0]::ule::ULE>::validate_bytes,242,0.04018771982848811,,
"<zerovec[bebf1a62a3c1fad0]::zerovec::ZeroVec<(core[ed718c3d60ebd546]::num::nonzero::NonZero<u8>, icu_time[fb65173487e4cb3a]::provider::TimeZoneVariant)> as zerovec[bebf1a62a3c1fad0]::map::vecs::ZeroVecLike<(core[ed718c3d60ebd546]::num::nonzero::NonZero<u8>, icu_time[fb65173487e4cb3a]::provider::TimeZoneVariant)>>::zvl_binary_search",241,0.040021654870519154,,
icu_datetime[a89e5169bb62ebbc]::format::numeric_override::format_hanidec::<writeable[b3b2ab86242271a5]::parts_write_adapter::CoreWriteAsPartsWrite<&mut alloc[508e33bd5656020b]::string::String>>,241,0.040021654870519154,,
core[ed718c3d60ebd546]::ptr::drop_glue::<icu_locale_core[80ffd7f212f7bd21]::locale::Locale>,241,0.040021654870519154,,
"<yoke[28063c787be73a0e]::yoke::Yoke<&[u8], yoke[28063c787be73a0e]::cartable_ptr::CartableOptionPointer<alloc[508e33bd5656020b]::rc::Rc<alloc[508e33bd5656020b]::boxed::Box<[u8]>>>>>::try_map_project::<icu_datetime[a89e5169bb62ebbc]::provider::time_zones::ExemplarCities, <icu_provider[cb9726a465308544]::response::DataPayload<icu_provider[cb9726a465308544]::buf::BufferMarker>>::into_deserialized<icu_datetime[a89e5169bb62ebbc]::provider::time_zones::TimezoneNamesCitiesRootV1>::{closure#0}, icu_provider[cb9726a465308544]::error::DataError>",241,0.040021654870519154,,
"core[ed718c3d60ebd546]::slice::sort::shared::smallsort::sort4_stable::<(&[u8], usize), <[(&[u8], usize)]>::sort_by<<zerotrie[c520be459a73f88a]::builder::nonconst::builder::ZeroTrieBuilder<alloc[508e33bd5656020b]::collections::vec_deque::VecDeque<u8>>>::from_bytes_iter<&str, core[ed718c3d60ebd546]::iter::adapters::map::Map<core[ed718c3d60ebd546]::iter::adapters::enumerate::Enumerate<core[ed718c3d60ebd546]::iter::adapters::map::Map<core[ed718c3d60ebd546]::ops::range::Range<usize>, <zerovec[bebf1a62a3c1fad0]::map2d::map::ZeroMap2d<icu_time[fb65173487e4cb3a]::zone::TimeZone, icu_time[fb65173487e4cb3a]::zone::zone_name_timestamp::ZoneNameTimestamp, zerovec[bebf1a62a3c1fad0]::ule::niche::NichedOption<core[ed718c3d60ebd546]::num::nonzero::NonZero<u8>, 1usize>>>::iter0::{closure#0}>>, icu_datetime[a89e5169bb62ebbc]::provider::time_zones::legacy::metazone_timezone_compat<&&icu_provider_blob[7aedd55e3b0a236f]::blob_data_provider::BlobDataProvider>::{closure#0}>>::{closure#1}>::{closure#0}>",240,0.03985558991255019,,
"<zerovec[bebf1a62a3c1fad0]::ule::tuple::Tuple3ULE<zerovec[bebf1a62a3c1fad0]::ule::plain::RawBytesULE<3usize>, u8, zerovec[bebf1a62a3c1fad0]::ule::niche::NichedOptionULE<core[ed718c3d60ebd546]::num::nonzero::NonZero<u8>, 1usize>> as zerovec[bebf1a62a3c1fad0]::ule::ULE>::validate_bytes",238,0.039523459996612276,,
"<yoke[28063c787be73a0e]::yoke::Yoke<&[u8], yoke[28063c787be73a0e]::cartable_ptr::CartableOptionPointer<alloc[508e33bd5656020b]::rc::Rc<alloc[508e33bd5656020b]::boxed::Box<[u8]>>>>>::try_map_project::<icu_datetime[a89e5169bb62ebbc]::provider::time_zones::MetazoneGenericNames, <icu_provider[cb9726a465308544]::response::DataPayload<icu_provider[cb9726a465308544]::buf::BufferMarker>>::into_deserialized<icu_datetime[a89e5169bb62ebbc]::provider::time_zones::TimezoneNamesGenericLongV1>::{closure#0}, icu_provider[cb9726a465308544]::error::DataError>",238,0.039523459996612276,,
"<core[ed718c3d60ebd546]::iter::adapters::map::Map<core[ed718c3d60ebd546]::ops::range::Range<usize>, <zerovec[bebf1a62a3c1fad0]::map2d::cursor::ZeroMap2dCursor<icu_time[fb65173487e4cb3a]::zone::TimeZone, icu_time[fb65173487e4cb3a]::zone::zone_name_timestamp::ZoneNameTimestamp, zerovec[bebf1a62a3c1fad0]::ule::niche::NichedOption<core[ed718c3d60ebd546]::num::nonzero::NonZero<u8>, 1usize>>>::into_iter1_copied::{closure#0}> as core[ed718c3d60ebd546]::iter::traits::iterator::Iterator>::fold::<(), core[ed718c3d60ebd546]::iter::adapters::map::map_fold<(&zerovec[bebf1a62a3c1fad0]::ule::plain::RawBytesULE<4usize>, zerovec[bebf1a62a3c1fad0]::ule::niche::NichedOption<core[ed718c3d60ebd546]::num::nonzero::NonZero<u8>, 1usize>), (icu_time[fb65173487e4cb3a]::provider::Timestamp24, u8, zerovec[bebf1a62a3c1fad0]::ule::niche::NichedOption<core[ed718c3d60ebd546]::num::nonzero::NonZero<u8>, 1usize>), (), icu_datetime[a89e5169bb62ebbc]::provider::time_zones::legacy::metazone_timezone_compat<&&icu_provider_blob[7aedd55e3b0a236f]::blob_data_provider::BlobDataProvider>::{closure#1}, core[ed718c3d60ebd546]::iter::adapters::map::map_fold<(icu_time[fb65173487e4cb3a]::provider::Timestamp24, u8, zerovec[bebf1a62a3c1fad0]::ule::niche::NichedOption<core[ed718c3d60ebd546]::num::nonzero::NonZero<u8>, 1usize>), zerovec[bebf1a62a3c1fad0]::ule::tuple::Tuple3ULE<zerovec[bebf1a62a3c1fad0]::ule::plain::RawBytesULE<3usize>, u8, zerovec[bebf1a62a3c1fad0]::ule::niche::NichedOptionULE<core[ed718c3d60ebd546]::num::nonzero::NonZero<u8>, 1usize>>, (), <zerovec[bebf1a62a3c1fad0]::zerovec::ZeroVec<(icu_time[fb65173487e4cb3a]::provider::Timestamp24, u8, zerovec[bebf1a62a3c1fad0]::ule::niche::NichedOption<core[ed718c3d60ebd546]::num::nonzero::NonZero<u8>, 1usize>)> as core[ed718c3d60ebd546]::iter::traits::collect::FromIterator<(icu_time[fb65173487e4cb3a]::provider::Timestamp24, u8, zerovec[bebf1a62a3c1fad0]::ule::niche::NichedOption<core[ed718c3d60ebd546]::num::nonzero::NonZero<u8>, 1usize>)>>::from_iter<core[ed718c3d60ebd546]::iter::adapters::map::Map<core[ed718c3d60ebd546]::iter::adapters::map::Map<core[ed718c3d60ebd546]::ops::range::Range<usize>, <zerovec[bebf1a62a3c1fad0]::map2d::cursor::ZeroMap2dCursor<icu_time[fb65173487e4cb3a]::zone::TimeZone, icu_time[fb65173487e4cb3a]::zone::zone_name_timestamp::ZoneNameTimestamp, zerovec[bebf1a62a3c1fad0]::ule::niche::NichedOption<core[ed718c3d60ebd546]::num::nonzero::NonZero<u8>, 1usize>>>::into_iter1_copied::{closure#0}>, icu_datetime[a89e5169bb62ebbc]::provider::time_zones::legacy::metazone_timezone_compat<&&icu_provider_blob[7aedd55e3b0a236f]::blob_data_provider::BlobDataProvider>::{closure#1}>>::{closure#0}, core[ed718c3d60ebd546]::iter::traits::iterator::Iterator::for_each::call<zerovec[bebf1a62a3c1fad0]::ule::tuple::Tuple3ULE<zerovec[bebf1a62a3c1fad0]::ule::plain::RawBytesULE<3usize>, u8, zerovec[bebf1a62a3c1fad0]::ule::niche::NichedOptionULE<core[ed718c3d60ebd546]::num::nonzero::NonZero<u8>, 1usize>>, <alloc[508e33bd5656020b]::vec::Vec<zerovec[bebf1a62a3c1fad0]::ule::tuple::Tuple3ULE<zerovec[bebf1a62a3c1fad0]::ule::plain::RawBytesULE<3usize>, u8, zerovec[bebf1a62a3c1fad0]::ule::niche::NichedOptionULE<core[ed718c3d60ebd546]::num::nonzero::NonZero<u8>, 1usize>>>>::extend_trusted<core[ed718c3d60ebd546]::iter::adapters::map::Map<core[ed718c3d60ebd546]::iter::adapters::map::Map<core[ed718c3d60ebd546]::iter::adapters::map::Map<core[ed718c3d60ebd546]::ops::range::Range<usize>, <zerovec[bebf1a62a3c1fad0]::map2d::cursor::ZeroMap2dCursor<icu_time[fb65173487e4cb3a]::zone::TimeZone, icu_time[fb65173487e4cb3a]::zone::zone_name_timestamp::ZoneNameTimestamp, zerovec[bebf1a62a3c1fad0]::ule::niche::NichedOption<core[ed718c3d60ebd546]::num::nonzero::NonZero<u8>, 1usize>>>::into_iter1_copied::{closure#0}>, icu_datetime[a89e5169bb62ebbc]::provider::time_zones::legacy::metazone_timezone_compat<&&icu_provider_blob[7aedd55e3b0a236f]::blob_data_provider::BlobDataProvider>::{closure#1}>, <zerovec[bebf1a62a3c1fad0]::zerovec::ZeroVec<(icu_time[fb65173487e4cb3a]::provider::Timestamp24, u8, zerovec[bebf1a62a3c1fad0]::ule::niche::NichedOption<core[ed718c3d60ebd546]::num::nonzero::NonZero<u8>, 1usize>)> as core[ed718c3d60ebd546]::iter::traits::collect::FromIterator<(icu_time[fb65173487e4cb3a]::provider::Timestamp24, u8, zerovec[bebf1a62a3c1fad0]::ule::niche::NichedOption<core[ed718c3d60ebd546]::num::nonzero::NonZero<u8>, 1usize>)>>::from_iter<core[ed718c3d60ebd546]::iter::adapters::map::Map<core[ed718c3d60ebd546]::iter::adapters::map::Map<core[ed718c3d60ebd546]::ops::range::Range<usize>, <zerovec[bebf1a62a3c1fad0]::map2d::cursor::ZeroMap2dCursor<icu_time[fb65173487e4cb3a]::zone::TimeZone, icu_time[fb65173487e4cb3a]::zone::zone_name_timestamp::ZoneNameTimestamp, zerovec[bebf1a62a3c1fad0]::ule::niche::NichedOption<core[ed718c3d60ebd546]::num::nonzero::NonZero<u8>, 1usize>>>::into_iter1_copied::{closure#0}>, icu_datetime[a89e5169bb62ebbc]::provider::time_zones::legacy::metazone_timezone_compat<&&icu_provider_blob[7aedd55e3b0a236f]::blob_data_provider::BlobDataProvider>::{closure#1}>>::{closure#0}>>::{closure#0}>::{closure#0}>::{closure#0}>::{closure#0}>",237,0.039357395038643314,,
"<zerovec[bebf1a62a3c1fad0]::ule::tuple::Tuple2ULE<core[ed718c3d60ebd546]::num::nonzero::NonZero<u8>, icu_time[fb65173487e4cb3a]::provider::TimeZoneVariantULE> as zerovec[bebf1a62a3c1fad0]::ule::ULE>::validate_bytes",237,0.039357395038643314,,
"<yoke[28063c787be73a0e]::yoke::Yoke<&[u8], yoke[28063c787be73a0e]::cartable_ptr::CartableOptionPointer<alloc[508e33bd5656020b]::rc::Rc<alloc[508e33bd5656020b]::boxed::Box<[u8]>>>>>::try_map_project::<icu_datetime[a89e5169bb62ebbc]::provider::time_zones::Locations, <icu_provider[cb9726a465308544]::response::DataPayload<icu_provider[cb9726a465308544]::buf::BufferMarker>>::into_deserialized<icu_datetime[a89e5169bb62ebbc]::provider::time_zones::TimezoneNamesLocationsRootV1>::{closure#0}, icu_provider[cb9726a465308544]::error::DataError>",237,0.039357395038643314,,
<std[5a6270b673d0c64d]::panicking::panic_handler::FormatStringPayload as core[ed718c3d60ebd546]::panic::PanicPayload>::take_box,237,0.039357395038643314,,
mf2dt[cf7edd48dfb2ab59]::is_uvalue,235,0.0390252651227054,,
<alloc[508e33bd5656020b]::raw_vec::RawVecInner>::shrink_unchecked[1],235,0.0390252651227054,,
"<yoke[28063c787be73a0e]::yoke::Yoke<&[u8], yoke[28063c787be73a0e]::cartable_ptr::CartableOptionPointer<alloc[508e33bd5656020b]::rc::Rc<alloc[508e33bd5656020b]::boxed::Box<[u8]>>>>>::try_map_project::<icu_datetime[a89e5169bb62ebbc]::provider::time_zones::legacy::MetazonePeriod, <icu_provider[cb9726a465308544]::response::DataPayload<icu_provider[cb9726a465308544]::buf::BufferMarker>>::into_deserialized<icu_datetime[a89e5169bb62ebbc]::provider::time_zones::legacy::TimezoneMetazonePeriodsV1>::{closure#0}, icu_provider[cb9726a465308544]::error::DataError>",235,0.0390252651227054,,
<zerovec[bebf1a62a3c1fad0]::varzerovec::slice::VarZeroSlice<potential_utf[a470693f0fde25c8]::ustr::PotentialUtf8> as zerovec[bebf1a62a3c1fad0]::ule::VarULE>::validate_bytes,234,0.038859200164736436,,
zerotrie[c520be459a73f88a]::reader::get_branch,233,0.03869313520676748,,
zerotrie[c520be459a73f88a]::reader::get_branch[1],233,0.03869313520676748,,
<icu_pattern[44006f5ff0e3d39e]::single::SinglePlaceholderPatternIterator as core[ed718c3d60ebd546]::iter::traits::iterator::Iterator>::next,232,0.03852707024879852,,
"<yoke[28063c787be73a0e]::yoke::Yoke<&[u8], yoke[28063c787be73a0e]::cartable_ptr::CartableOptionPointer<alloc[508e33bd5656020b]::rc::Rc<alloc[508e33bd5656020b]::boxed::Box<[u8]>>>>>::try_map_project::<[char; 10usize], <icu_provider[cb9726a465308544]::response::DataPayload<icu_provider[cb9726a465308544]::buf::BufferMarker>>::into_deserialized<icu_decimal[22a00049869067f7]::provider::DecimalDigitsV1>::{closure#0}, icu_provider[cb9726a465308544]::error::DataError>",232,0.03852707024879852,,
"<zerovec[bebf1a62a3c1fad0]::varzerovec::lengthless::VarZeroLengthlessSlice<[u8], zerovec[bebf1a62a3c1fad0]::varzerovec::components::Index8>>::parse_bytes",230,0.0381949403328606,,
mf2dt[cf7edd48dfb2ab59]::parse_numoffset,229,0.03802887537489164,,
<icu_pattern[44006f5ff0e3d39e]::double::DoublePlaceholder as icu_pattern[44006f5ff0e3d39e]::common::PatternBackend>::validate_store,225,0.0373646155430158,,
<zerotrie[c520be459a73f88a]::builder::nonconst::builder::ZeroTrieBuilder<alloc[508e33bd5656020b]::collections::vec_deque::VecDeque<u8>>>::from_sorted_tuple_slice_impl,225,0.0373646155430158,,
"<yoke[28063c787be73a0e]::yoke::Yoke<&[u8], yoke[28063c787be73a0e]::cartable_ptr::CartableOptionPointer<alloc[508e33bd5656020b]::rc::Rc<alloc[508e33bd5656020b]::boxed::Box<[u8]>>>>>::try_map_project::<icu_decimal[22a00049869067f7]::provider::DecimalSymbols, <icu_provider[cb9726a465308544]::response::DataPayload<icu_provider[cb9726a465308544]::buf::BufferMarker>>::into_deserialized<icu_decimal[22a00049869067f7]::provider::DecimalSymbolsV1>::{closure#0}, icu_provider[cb9726a465308544]::error::DataError>",222,0.03686642066910893,,
"<yoke[28063c787be73a0e]::yoke::Yoke<&[u8], yoke[28063c787be73a0e]::cartable_ptr::CartableOptionPointer<alloc[508e33bd5656020b]::rc::Rc<alloc[508e33bd5656020b]::boxed::Box<[u8]>>>>>::try_map_project::<icu_datetime[a89e5169bb62ebbc]::provider::semantic_skeletons::GluePattern, <icu_provider[cb9726a465308544]::response::DataPayload<icu_provider[cb9726a465308544]::buf::BufferMarker>>::into_deserialized<icu_datetime[a89e5169bb62ebbc]::provider::semantic_skeletons::DatetimePatternsGlueV1>::{closure#0}, icu_provider[cb9726a465308544]::error::DataError>",222,0.03686642066910893,,
"<yoke[28063c787be73a0e]::yoke::Yoke<&[u8], yoke[28063c787be73a0e]::cartable_ptr::CartableOptionPointer<alloc[508e33bd5656020b]::rc::Rc<alloc[508e33bd5656020b]::boxed::Box<[u8]>>>>>::try_map_project::<icu_datetime[a89e5169bb62ebbc]::provider::packed_pattern::GenericPackedPatterns<icu_plurals[993a8e0f08d05f11]::provider::PluralElementsPackedULE<zerovec[bebf1a62a3c1fad0]::zerovec::slice::ZeroSlice<icu_datetime[a89e5169bb62ebbc]::provider::pattern::item::PatternItem>>>, <icu_provider[cb9726a465308544]::response::DataPayload<icu_provider[cb9726a465308544]::buf::BufferMarker>>::into_deserialized<icu_datetime[a89e5169bb62ebbc]::provider::semantic_skeletons::DatetimePatternsTimeV1>::{closure#0}, icu_provider[cb9726a465308544]::error::DataError>",222,0.03686642066910893,,
"<yoke[28063c787be73a0e]::yoke::Yoke<&[u8], yoke[28063c787be73a0e]::cartable_ptr::CartableOptionPointer<alloc[508e33bd5656020b]::rc::Rc<alloc[508e33bd5656020b]::boxed::Box<[u8]>>>>>::try_map_project::<icu_datetime[a89e5169bb62ebbc]::provider::names::WeekdayNames, <icu_provider[cb9726a465308544]::response::DataPayload<icu_provider[cb9726a465308544]::buf::BufferMarker>>::into_deserialized<icu_datetime[a89e5169bb62ebbc]::provider::names::DatetimeNamesWeekdayV1>::{closure#0}, icu_provider[cb9726a465308544]::error::DataError>",222,0.03686642066910893,,
"<yoke[28063c787be73a0e]::yoke::Yoke<&[u8], yoke[28063c787be73a0e]::cartable_ptr::CartableOptionPointer<alloc[508e33bd5656020b]::rc::Rc<alloc[508e33bd5656020b]::boxed::Box<[u8]>>>>>::try_map_project::<icu_datetime[a89e5169bb62ebbc]::provider::names::DayPeriodNames, <icu_provider[cb9726a465308544]::response::DataPayload<icu_provider[cb9726a465308544]::buf::BufferMarker>>::into_deserialized<icu_datetime[a89e5169bb62ebbc]::provider::names::DatetimeNamesDayperiodV1>::{closure#0}, icu_provider[cb9726a465308544]::error::DataError>",222,0.03686642066910893,,
"<yoke[28063c787be73a0e]::yoke::Yoke<&[u8], yoke[28063c787be73a0e]::cartable_ptr::CartableOptionPointer<alloc[508e33bd5656020b]::rc::Rc<alloc[508e33bd5656020b]::boxed::Box<[u8]>>>>>::try_map_project::<icu_datetime[a89e5169bb62ebbc]::provider::names::YearNames, <icu_provider[cb9726a465308544]::response::DataPayload<icu_provider[cb9726a465308544]::buf::BufferMarker>>::into_deserialized<icu_datetime[a89e5169bb62ebbc]::provider::names::DatetimeNamesYearGregorianV1>::{closure#0}, icu_provider[cb9726a465308544]::error::DataError>",222,0.03686642066910893,,
"<yoke[28063c787be73a0e]::yoke::Yoke<&[u8], yoke[28063c787be73a0e]::cartable_ptr::CartableOptionPointer<alloc[508e33bd5656020b]::rc::Rc<alloc[508e33bd5656020b]::boxed::Box<[u8]>>>>>::try_map_project::<icu_datetime[a89e5169bb62ebbc]::provider::names::MonthNames, <icu_provider[cb9726a465308544]::response::DataPayload<icu_provider[cb9726a465308544]::buf::BufferMarker>>::into_deserialized<icu_datetime[a89e5169bb62ebbc]::provider::names::DatetimeNamesMonthGregorianV1>::{closure#0}, icu_provider[cb9726a465308544]::error::DataError>",222,0.03686642066910893,,
core[ed718c3d60ebd546]::str::validations::next_code_point_reverse::<core[ed718c3d60ebd546]::slice::iter::Iter<u8>>,220,0.03653429075317101,,
"<yoke[28063c787be73a0e]::yoke::Yoke<&[u8], yoke[28063c787be73a0e]::cartable_ptr::CartableOptionPointer<alloc[508e33bd5656020b]::rc::Rc<alloc[508e33bd5656020b]::boxed::Box<[u8]>>>>>::try_map_project::<icu_time[fb65173487e4cb3a]::provider::TimezonePeriods, <icu_provider[cb9726a465308544]::response::DataPayload<icu_provider[cb9726a465308544]::buf::BufferMarker>>::into_deserialized<icu_time[fb65173487e4cb3a]::provider::TimezonePeriodsV1>::{closure#0}, icu_provider[cb9726a465308544]::error::DataError>",218,0.03620216083723309,,
"<yoke[28063c787be73a0e]::yoke::Yoke<&[u8], yoke[28063c787be73a0e]::cartable_ptr::CartableOptionPointer<alloc[508e33bd5656020b]::rc::Rc<alloc[508e33bd5656020b]::boxed::Box<[u8]>>>>>::try_map_project::<icu_datetime[a89e5169bb62ebbc]::provider::time_zones::TimeZoneEssentials, <icu_provider[cb9726a465308544]::response::DataPayload<icu_provider[cb9726a465308544]::buf::BufferMarker>>::into_deserialized<icu_datetime[a89e5169bb62ebbc]::provider::time_zones::TimezoneNamesEssentialsV1>::{closure#0}, icu_provider[cb9726a465308544]::error::DataError>",218,0.03620216083723309,,
"<icu_locale_core[80ffd7f212f7bd21]::extensions::Extensions>::for_each_subtag_str::<core[ed718c3d60ebd546]::fmt::Error, <icu_locale_core[80ffd7f212f7bd21]::data::DataLocale as writeable[b3b2ab86242271a5]::Writeable>::write_to<zerotrie[c520be459a73f88a]::cursor::ZeroTrieSimpleAsciiCursor>::{closure#0}>",215,0.035703965963326215,,
"<zerotrie[c520be459a73f88a]::zerotrie::ZeroTrieSimpleAscii<alloc[508e33bd5656020b]::vec::Vec<u8>> as core[ed718c3d60ebd546]::iter::traits::collect::FromIterator<(&str, usize)>>::from_iter::<core[ed718c3d60ebd546]::iter::adapters::map::Map<core[ed718c3d60ebd546]::iter::adapters::enumerate::Enumerate<core[ed718c3d60ebd546]::iter::adapters::map::Map<core[ed718c3d60ebd546]::ops::range::Range<usize>, <zerovec[bebf1a62a3c1fad0]::map2d::map::ZeroMap2d<icu_time[fb65173487e4cb3a]::zone::TimeZone, icu_time[fb65173487e4cb3a]::zone::zone_name_timestamp::ZoneNameTimestamp, zerovec[bebf1a62a3c1fad0]::ule::niche::NichedOption<core[ed718c3d60ebd546]::num::nonzero::NonZero<u8>, 1usize>>>::iter0::{closure#0}>>, icu_datetime[a89e5169bb62ebbc]::provider::time_zones::legacy::metazone_timezone_compat<&&icu_provider_blob[7aedd55e3b0a236f]::blob_data_provider::BlobDataProvider>::{closure#0}>>",213,0.03537183604738829,,
"core[ed718c3d60ebd546]::slice::sort::stable::merge::merge::<(usize, alloc[508e33bd5656020b]::vec::Vec<u8>), <[(usize, alloc[508e33bd5656020b]::vec::Vec<u8>)]>::sort_by_key<isize, zerotrie[c520be459a73f88a]::byte_phf::builder::find::{closure#1}>::{closure#0}>",212,0.03520577108941934,,
core[ed718c3d60ebd546]::str::validations::next_code_point::<core[ed718c3d60ebd546]::slice::iter::Iter<u8>>,212,0.03520577108941934,,
"<alloc[508e33bd5656020b]::collections::btree::node::Handle<alloc[508e33bd5656020b]::collections::btree::node::NodeRef<alloc[508e33bd5656020b]::collections::btree::node::marker::Mut, alloc[508e33bd5656020b]::vec::Vec<u8>, zerotrie[c520be459a73f88a]::byte_phf::PerfectByteHashMap<alloc[508e33bd5656020b]::vec::Vec<u8>>, alloc[508e33bd5656020b]::collections::btree::node::marker::Internal>, alloc[508e33bd5656020b]::collections::btree::node::marker::KV>>::split::<alloc[508e33bd5656020b]::alloc::Global>",212,0.03520577108941934,,
<icu_provider_blob[7aedd55e3b0a236f]::blob_data_provider::BlobDataProvider as icu_provider[cb9726a465308544]::data_provider::DynamicDataProvider<icu_provider[cb9726a465308544]::buf::BufferMarker>>::load_data,207,0.03437544629957454,,
<core[ed718c3d60ebd546]::fmt::Formatter>::debug_struct_field2_finish,205,0.034043316383636626,,
<tinystr[b223bb85873903b1]::ascii::TinyAsciiStr<3usize>>::try_from_utf8_inner,204,0.033877251425667665,,
<icu_locale_core[80ffd7f212f7bd21]::parser::SubtagIterator>::next_const,203,0.0337111864676987,,
<postcard[4ec100a46e8476d3]::de::deserializer::Deserializer<postcard[4ec100a46e8476d3]::de::flavors::Slice>>::try_take_varint_u32,202,0.03354512150972975,,
<icu_locale_core[80ffd7f212f7bd21]::extensions::unicode::attributes::Attributes>::from_iter,202,0.03354512150972975,,
"<zerovec[bebf1a62a3c1fad0]::varzerovec::components::VarZeroVecComponents<potential_utf[a470693f0fde25c8]::ustr::PotentialUtf8, zerovec[bebf1a62a3c1fad0]::varzerovec::components::Index16>>::binary_search_in_range_unchecked::<icu_datetime[a89e5169bb62ebbc]::provider::names::get_year_name_from_map::{closure#0}>",201,0.03337905655176079,,
<icu_locale_core[80ffd7f212f7bd21]::data::DataLocale>::region_and_subdivision,201,0.03337905655176079,,
zerotrie[c520be459a73f88a]::varint::write_varint_meta3,200,0.03321299159379183,,
zerotrie[c520be459a73f88a]::varint::write_varint_meta2,200,0.03321299159379183,,
"<core[ed718c3d60ebd546]::iter::adapters::map::Map<core[ed718c3d60ebd546]::slice::iter::Iter<u8>, zerotrie[c520be459a73f88a]::builder::nonconst::builder::cmp_keys_values::{closure#0}> as core[ed718c3d60ebd546]::iter::traits::iterator::Iterator>::try_fold::<(), core[ed718c3d60ebd546]::iter::traits::iterator::Iterator::try_for_each::call<u8, core[ed718c3d60ebd546]::ops::control_flow::ControlFlow<core[ed718c3d60ebd546]::ops::control_flow::ControlFlow<core[ed718c3d60ebd546]::cmp::Ordering, core[ed718c3d60ebd546]::cmp::Ordering>>, core[ed718c3d60ebd546]::iter::traits::iterator::iter_compare::compare<core[ed718c3d60ebd546]::iter::adapters::map::Map<core[ed718c3d60ebd546]::slice::iter::Iter<u8>, zerotrie[c520be459a73f88a]::builder::nonconst::builder::cmp_keys_values::{closure#1}>, u8, core[ed718c3d60ebd546]::cmp::Ordering, core[ed718c3d60ebd546]::iter::traits::iterator::Iterator::cmp_by::compare<u8, u8, <core[ed718c3d60ebd546]::iter::adapters::map::Map<core[ed718c3d60ebd546]::slice::iter::Iter<u8>, zerotrie[c520be459a73f88a]::builder::nonconst::builder::cmp_keys_values::{closure#0}> as core[ed718c3d60ebd546]::iter::traits::iterator::Iterator>::cmp<core[ed718c3d60ebd546]::iter::adapters::map::Map<core[ed718c3d60ebd546]::slice::iter::Iter<u8>, zerotrie[c520be459a73f88a]::builder::nonconst::builder::cmp_keys_values::{closure#1}>>::{closure#0}>::{closure#0}>::{closure#0}>::{closure#0}, core[ed718c3d60ebd546]::ops::control_flow::ControlFlow<core[ed718c3d60ebd546]::ops::control_flow::ControlFlow<core[ed718c3d60ebd546]::cmp::Ordering, core[ed718c3d60ebd546]::cmp::Ordering>>>",200,0.03321299159379183,,
<zerotrie[c520be459a73f88a]::byte_phf::cached_owned::PerfectByteHashMapCacheOwned>::try_get_or_insert,200,0.03321299159379183,,
<icu_datetime[a89e5169bb62ebbc]::provider::time_zones::ExemplarCities as serde_core[a2f16ecbf4bfe085]::de::Deserialize>::deserialize::<&mut postcard[4ec100a46e8476d3]::de::deserializer::Deserializer<postcard[4ec100a46e8476d3]::de::flavors::Slice>>,198,0.03288086167785391,,
"<zerotrie[c520be459a73f88a]::builder::nonconst::builder::ZeroTrieBuilder<alloc[508e33bd5656020b]::collections::vec_deque::VecDeque<u8>>>::from_bytes_iter::<&str, core[ed718c3d60ebd546]::iter::adapters::map::Map<core[ed718c3d60ebd546]::iter::adapters::enumerate::Enumerate<core[ed718c3d60ebd546]::iter::adapters::map::Map<core[ed718c3d60ebd546]::ops::range::Range<usize>, <zerovec[bebf1a62a3c1fad0]::map2d::map::ZeroMap2d<icu_time[fb65173487e4cb3a]::zone::TimeZone, icu_time[fb65173487e4cb3a]::zone::zone_name_timestamp::ZoneNameTimestamp, zerovec[bebf1a62a3c1fad0]::ule::niche::NichedOption<core[ed718c3d60ebd546]::num::nonzero::NonZero<u8>, 1usize>>>::iter0::{closure#0}>>, icu_datetime[a89e5169bb62ebbc]::provider::time_zones::legacy::metazone_timezone_compat<&&icu_provider_blob[7aedd55e3b0a236f]::blob_data_provider::BlobDataProvider>::{closure#0}>>",197,0.03271479671988495,,
"<zerovec[bebf1a62a3c1fad0]::varzerovec::owned::VarZeroVecOwned<zerovec[bebf1a62a3c1fad0]::ule::vartuple::VarTupleULE<(u8, zerovec[bebf1a62a3c1fad0]::ule::niche::NichedOption<core[ed718c3d60ebd546]::num::nonzero::NonZero<u8>, 1usize>), zerovec[bebf1a62a3c1fad0]::zerovec::slice::ZeroSlice<(icu_time[fb65173487e4cb3a]::provider::Timestamp24, u8, zerovec[bebf1a62a3c1fad0]::ule::niche::NichedOption<core[ed718c3d60ebd546]::num::nonzero::NonZero<u8>, 1usize>)>>>>::set_len",197,0.03271479671988495,,
<char as core[ed718c3d60ebd546]::convert::From<icu_datetime[a89e5169bb62ebbc]::provider::fields::symbols::FieldSymbol>>::from,197,0.03271479671988495,,
"<alloc[508e33bd5656020b]::collections::btree::map::BTreeMap<alloc[508e33bd5656020b]::vec::Vec<u8>, zerotrie[c520be459a73f88a]::byte_phf::PerfectByteHashMap<alloc[508e33bd5656020b]::vec::Vec<u8>>>>::entry",195,0.03238266680394703,,
"<zerovec[bebf1a62a3c1fad0]::zerovec::ZeroVec<(icu_time[fb65173487e4cb3a]::zone::TimeZone, icu_time[fb65173487e4cb3a]::provider::TimeZoneVariant)> as zerovec[bebf1a62a3c1fad0]::map::vecs::ZeroVecLike<(icu_time[fb65173487e4cb3a]::zone::TimeZone, icu_time[fb65173487e4cb3a]::provider::TimeZoneVariant)>>::zvl_binary_search",194,0.03221660184597807,,
<zerovec[bebf1a62a3c1fad0]::zerovec::ZeroVec<icu_time[fb65173487e4cb3a]::zone::TimeZone> as zerovec[bebf1a62a3c1fad0]::map::vecs::ZeroVecLike<icu_time[fb65173487e4cb3a]::zone::TimeZone>>::zvl_binary_search,194,0.03221660184597807,,
<core[ed718c3d60ebd546]::fmt::Formatter>::debug_struct_field1_finish,194,0.03221660184597807,,
<icu_datetime[a89e5169bb62ebbc]::format::time_zone::LocalizedOffsetFormat as icu_datetime[a89e5169bb62ebbc]::format::time_zone::FormatTimeZone>::format::<writeable[b3b2ab86242271a5]::parts_write_adapter::CoreWriteAsPartsWrite<&mut alloc[508e33bd5656020b]::string::String>>,193,0.032050536888009115,,
<icu_locale_core[80ffd7f212f7bd21]::subtags::Subtag as zerovec[bebf1a62a3c1fad0]::ule::ULE>::validate_bytes,192,0.031884471930040154,,
"<icu_provider[cb9726a465308544]::data_provider::DataProviderWithMarker<icu_datetime[a89e5169bb62ebbc]::provider::semantic_skeletons::DatetimePatternsDateGregorianV1, &icu_datetime[a89e5169bb62ebbc]::provider::compat::CompatProvider<&icu_provider[cb9726a465308544]::buf::serde::DeserializingBufferProvider<icu_provider_blob[7aedd55e3b0a236f]::blob_data_provider::BlobDataProvider>, &&icu_provider_blob[7aedd55e3b0a236f]::blob_data_provider::BlobDataProvider>> as icu_provider[cb9726a465308544]::data_provider::BoundDataProvider<icu_provider[cb9726a465308544]::marker_full::ErasedMarker<icu_datetime[a89e5169bb62ebbc]::provider::packed_pattern::GenericPackedPatterns<icu_plurals[993a8e0f08d05f11]::provider::PluralElementsPackedULE<zerovec[bebf1a62a3c1fad0]::zerovec::slice::ZeroSlice<icu_datetime[a89e5169bb62ebbc]::provider::pattern::item::PatternItem>>>>>>::load_bound",192,0.031884471930040154,,
"<icu_provider[cb9726a465308544]::data_provider::DataProviderWithMarker<icu_datetime[a89e5169bb62ebbc]::provider::semantic_skeletons::DatetimePatternsTimeV1, &icu_datetime[a89e5169bb62ebbc]::provider::compat::CompatProvider<&icu_provider[cb9726a465308544]::buf::serde::DeserializingBufferProvider<icu_provider_blob[7aedd55e3b0a236f]::blob_data_provider::BlobDataProvider>, &&icu_provider_blob[7aedd55e3b0a236f]::blob_data_provider::BlobDataProvider>> as icu_provider[cb9726a465308544]::data_provider::BoundDataProvider<icu_provider[cb9726a465308544]::marker_full::ErasedMarker<icu_datetime[a89e5169bb62ebbc]::provider::packed_pattern::GenericPackedPatterns<icu_plurals[993a8e0f08d05f11]::provider::PluralElementsPackedULE<zerovec[bebf1a62a3c1fad0]::zerovec::slice::ZeroSlice<icu_datetime[a89e5169bb62ebbc]::provider::pattern::item::PatternItem>>>>>>::load_bound",192,0.031884471930040154,,
<icu_locale_core[80ffd7f212f7bd21]::extensions::other::Other>::try_from_iter,190,0.03155234201410224,,
"core[ed718c3d60ebd546]::slice::sort::stable::merge::merge::<(&[u8], usize), <[(&[u8], usize)]>::sort_by<<zerotrie[c520be459a73f88a]::builder::nonconst::builder::ZeroTrieBuilder<alloc[508e33bd5656020b]::collections::vec_deque::VecDeque<u8>>>::from_bytes_iter<&str, core[ed718c3d60ebd546]::iter::adapters::map::Map<core[ed718c3d60ebd546]::iter::adapters::enumerate::Enumerate<core[ed718c3d60ebd546]::iter::adapters::map::Map<core[ed718c3d60ebd546]::ops::range::Range<usize>, <zerovec[bebf1a62a3c1fad0]::map2d::map::ZeroMap2d<icu_time[fb65173487e4cb3a]::zone::TimeZone, icu_time[fb65173487e4cb3a]::zone::zone_name_timestamp::ZoneNameTimestamp, zerovec[bebf1a62a3c1fad0]::ule::niche::NichedOption<core[ed718c3d60ebd546]::num::nonzero::NonZero<u8>, 1usize>>>::iter0::{closure#0}>>, icu_datetime[a89e5169bb62ebbc]::provider::time_zones::legacy::metazone_timezone_compat<&&icu_provider_blob[7aedd55e3b0a236f]::blob_data_provider::BlobDataProvider>::{closure#0}>>::{closure#1}>::{closure#0}>",189,0.031386277056133276,,
<&str as serde_core[a2f16ecbf4bfe085]::de::Deserialize>::deserialize::<&mut postcard[4ec100a46e8476d3]::de::deserializer::Deserializer<postcard[4ec100a46e8476d3]::de::flavors::Slice>>,189,0.031386277056133276,,
<core[ed718c3d60ebd546]::iter::adapters::peekable::Peekable<core[ed718c3d60ebd546]::iter::adapters::rev::Rev<core[ed718c3d60ebd546]::ops::range::RangeInclusive<i16>>>>::next_if::<<icu_decimal[22a00049869067f7]::decimal_formatter::FormattedUnsignedDecimal as writeable[b3b2ab86242271a5]::Writeable>::write_to_parts<writeable[b3b2ab86242271a5]::parts_write_adapter::CoreWriteAsPartsWrite<&mut writeable[b3b2ab86242271a5]::parts_write_adapter::CoreWriteAsPartsWrite<&mut writeable[b3b2ab86242271a5]::parts_write_adapter::CoreWriteAsPartsWrite<&mut alloc[508e33bd5656020b]::string::String>>>>::{closure#0}::{closure#0}>,189,0.031386277056133276,,
<core[ed718c3d60ebd546]::iter::adapters::peekable::Peekable<core[ed718c3d60ebd546]::iter::adapters::rev::Rev<core[ed718c3d60ebd546]::ops::range::RangeInclusive<i16>>>>::next_if::<<icu_decimal[22a00049869067f7]::decimal_formatter::FormattedUnsignedDecimal as writeable[b3b2ab86242271a5]::Writeable>::write_to_parts<writeable[b3b2ab86242271a5]::parts_write_adapter::CoreWriteAsPartsWrite<&mut alloc[508e33bd5656020b]::string::String>>::{closure#0}::{closure#0}>,189,0.031386277056133276,,
"<zerovec[bebf1a62a3c1fad0]::ule::tuple::Tuple2ULE<u8, zerovec[bebf1a62a3c1fad0]::ule::niche::NichedOptionULE<core[ed718c3d60ebd546]::num::nonzero::NonZero<u8>, 1usize>> as zerovec[bebf1a62a3c1fad0]::ule::ULE>::validate_bytes",189,0.031386277056133276,,
<smallvec[a949934cda03ae4d]::SmallVec<[u8; 8usize]>>::extend_from_slice,188,0.031220212098164318,,
<icu_locale_core[80ffd7f212f7bd21]::extensions::unicode::value::Value>::parse_subtag_from_utf8,188,0.031220212098164318,,
<icu_datetime[a89e5169bb62ebbc]::provider::time_zones::TimeZoneEssentials as serde_core[a2f16ecbf4bfe085]::de::Deserialize>::deserialize::<&mut postcard[4ec100a46e8476d3]::de::deserializer::Deserializer<postcard[4ec100a46e8476d3]::de::flavors::Slice>>,188,0.031220212098164318,,
<core[ed718c3d60ebd546]::str::iter::Chars as core[ed718c3d60ebd546]::iter::traits::iterator::Iterator>::next,187,0.03105414714019536,,
<fixed_decimal[f190755009246613]::decimal::UnsignedDecimal>::multiply_pow10,187,0.03105414714019536,,
<zerovec[bebf1a62a3c1fad0]::varzerovec::slice::VarZeroSlice<[u8]> as zerovec[bebf1a62a3c1fad0]::ule::VarULE>::validate_bytes,187,0.03105414714019536,,
<alloc[508e33bd5656020b]::raw_vec::RawVecInner>::shrink_unchecked,187,0.03105414714019536,,
"<yoke[28063c787be73a0e]::yoke::Yoke<icu_provider_blob[7aedd55e3b0a236f]::blob_schema::BlobSchema, alloc[508e33bd5656020b]::rc::Rc<alloc[508e33bd5656020b]::boxed::Box<[u8]>>>>::try_attach_to_cart::<postcard[4ec100a46e8476d3]::error::Error, <icu_provider[cb9726a465308544]::response::Cart>::try_make_yoke<icu_provider_blob[7aedd55e3b0a236f]::blob_schema::BlobSchema, <icu_provider_blob[7aedd55e3b0a236f]::blob_data_provider::BlobDataProvider>::try_new_from_blob::{closure#0}, postcard[4ec100a46e8476d3]::error::Error>::{closure#0}>",187,0.03105414714019536,,
<icu_locale_core[80ffd7f212f7bd21]::subtags::script::Script>::try_from_utf8,185,0.03072201722425744,,
<tinystr[b223bb85873903b1]::ascii::TinyAsciiStr<4usize>>::try_from_utf8_inner,185,0.03072201722425744,,
<tinystr[b223bb85873903b1]::ascii::TinyAsciiStr<8usize>>::try_from_utf8_inner,185,0.03072201722425744,,
<smallvec[a949934cda03ae4d]::Drain<[u8; 8usize]> as core[ed718c3d60ebd546]::ops::drop::Drop>::drop,185,0.03072201722425744,,
<tinystr[b223bb85873903b1]::ascii::TinyAsciiStr<2usize>>::try_from_utf8_inner,184,0.03055595226628848,,
<dlmalloc[d2f63edc47c9a479]::sys::System as dlmalloc[d2f63edc47c9a479]::Allocator>::alloc,184,0.03055595226628848,,
<icu_datetime[a89e5169bb62ebbc]::fieldsets::builder::FieldSetBuilder>::build_date,183,0.030389887308319524,,
<icu_provider[cb9726a465308544]::response::DataPayload<icu_time[fb65173487e4cb3a]::provider::TimezonePeriodsV1>>::dynamic_cast::<icu_time[fb65173487e4cb3a]::provider::TimezonePeriodsV1>,183,0.030389887308319524,,
mf2dt[cf7edd48dfb2ab59]::civil_from_days,182,0.030223822350350562,,
<alloc[508e33bd5656020b]::raw_vec::RawVecInner>::grow_amortized,182,0.030223822350350562,,
<alloc[508e33bd5656020b]::raw_vec::RawVecInner>::grow_amortized[1],182,0.030223822350350562,,
<postcard[4ec100a46e8476d3]::de::deserializer::Deserializer<postcard[4ec100a46e8476d3]::de::flavors::Slice>>::try_take_varint_u32[1],182,0.030223822350350562,,
<u32 as writeable[b3b2ab86242271a5]::Writeable>::write_to::<writeable[b3b2ab86242271a5]::parts_write_adapter::CoreWriteAsPartsWrite<&mut alloc[508e33bd5656020b]::string::String>>,182,0.030223822350350562,,
"<zerovec[bebf1a62a3c1fad0]::varzerovec::owned::VarZeroVecOwned<zerovec[bebf1a62a3c1fad0]::ule::vartuple::VarTupleULE<(u8, zerovec[bebf1a62a3c1fad0]::ule::niche::NichedOption<core[ed718c3d60ebd546]::num::nonzero::NonZero<u8>, 1usize>), zerovec[bebf1a62a3c1fad0]::zerovec::slice::ZeroSlice<(icu_time[fb65173487e4cb3a]::provider::Timestamp24, u8, zerovec[bebf1a62a3c1fad0]::ule::niche::NichedOption<core[ed718c3d60ebd546]::num::nonzero::NonZero<u8>, 1usize>)>>>>::element_position_unchecked",182,0.030223822350350562,,
<zerovec[bebf1a62a3c1fad0]::zerovec::slice::ZeroSlice<icu_provider[cb9726a465308544]::marker_full::DataMarkerIdHash>>::binary_search,180,0.029891692434412646,,
"<zerovec[bebf1a62a3c1fad0]::ule::vartuple::VarTupleULE<(u8, zerovec[bebf1a62a3c1fad0]::ule::niche::NichedOption<core[ed718c3d60ebd546]::num::nonzero::NonZero<u8>, 1usize>), zerovec[bebf1a62a3c1fad0]::zerovec::slice::ZeroSlice<(icu_time[fb65173487e4cb3a]::provider::Timestamp24, u8, zerovec[bebf1a62a3c1fad0]::ule::niche::NichedOption<core[ed718c3d60ebd546]::num::nonzero::NonZero<u8>, 1usize>)>> as zerovec[bebf1a62a3c1fad0]::ule::VarULE>::validate_bytes",180,0.029891692434412646,,
"<litemap[3dfd17a1a4f9a878]::map::LiteMap<icu_locale_core[80ffd7f212f7bd21]::extensions::unicode::key::Key, icu_locale_core[80ffd7f212f7bd21]::extensions::unicode::value::Value, icu_locale_core[80ffd7f212f7bd21]::shortvec::ShortBoxSlice<(icu_locale_core[80ffd7f212f7bd21]::extensions::unicode::key::Key, icu_locale_core[80ffd7f212f7bd21]::extensions::unicode::value::Value)>>>::get::<icu_locale_core[80ffd7f212f7bd21]::extensions::unicode::key::Key>",179,0.029725627476443688,,
<zerovec[bebf1a62a3c1fad0]::zerovec::ZeroVec<icu_provider[cb9726a465308544]::marker_full::DataMarkerIdHash> as serde_core[a2f16ecbf4bfe085]::de::Deserialize>::deserialize::<&mut postcard[4ec100a46e8476d3]::de::deserializer::Deserializer<postcard[4ec100a46e8476d3]::de::flavors::Slice>>,177,0.029393497560505764,,
"core[ed718c3d60ebd546]::slice::sort::stable::driftsort_main::<(&[u8], usize), <[(&[u8], usize)]>::sort_by<<zerotrie[c520be459a73f88a]::builder::nonconst::builder::ZeroTrieBuilder<alloc[508e33bd5656020b]::collections::vec_deque::VecDeque<u8>>>::from_bytes_iter<&str, core[ed718c3d60ebd546]::iter::adapters::map::Map<core[ed718c3d60ebd546]::iter::adapters::enumerate::Enumerate<core[ed718c3d60ebd546]::iter::adapters::map::Map<core[ed718c3d60ebd546]::ops::range::Range<usize>, <zerovec[bebf1a62a3c1fad0]::map2d::map::ZeroMap2d<icu_time[fb65173487e4cb3a]::zone::TimeZone, icu_time[fb65173487e4cb3a]::zone::zone_name_timestamp::ZoneNameTimestamp, zerovec[bebf1a62a3c1fad0]::ule::niche::NichedOption<core[ed718c3d60ebd546]::num::nonzero::NonZero<u8>, 1usize>>>::iter0::{closure#0}>>, icu_datetime[a89e5169bb62ebbc]::provider::time_zones::legacy::metazone_timezone_compat<&&icu_provider_blob[7aedd55e3b0a236f]::blob_data_provider::BlobDataProvider>::{closure#0}>>::{closure#1}>::{closure#0}, alloc[508e33bd5656020b]::vec::Vec<(&[u8], usize)>>",176,0.02922743260253681,,
<alloc[508e33bd5656020b]::raw_vec::RawVecInner>::finish_grow[3],176,0.02922743260253681,,
alloc[508e33bd5656020b]::vec::from_elem::<u8>,176,0.02922743260253681,,
<icu_locale_core[80ffd7f212f7bd21]::extensions::unicode::key::Key>::try_from_utf8,175,0.02906136764456785,,
alloc[508e33bd5656020b]::vec::from_elem::<bool>,175,0.02906136764456785,,
<alloc[508e33bd5656020b]::raw_vec::RawVecInner>::try_allocate_in,174,0.028895302686598894,,
dt_icu[55c8369e3928839]::field_set,174,0.028895302686598894,,
<icu_datetime[a89e5169bb62ebbc]::fieldsets::builder::FieldSetBuilder>::build_time,174,0.028895302686598894,,
<icu_datetime[a89e5169bb62ebbc]::pattern::names::WeekdayNameLength>::from_field,173,0.02872923772862993,,
"<zerovec[bebf1a62a3c1fad0]::varzerovec::slice::VarZeroSlice<zerovec[bebf1a62a3c1fad0]::ule::vartuple::VarTupleULE<(u8, zerovec[bebf1a62a3c1fad0]::ule::niche::NichedOption<core[ed718c3d60ebd546]::num::nonzero::NonZero<u8>, 1usize>), zerovec[bebf1a62a3c1fad0]::zerovec::slice::ZeroSlice<(icu_time[fb65173487e4cb3a]::provider::Timestamp24, u8, zerovec[bebf1a62a3c1fad0]::ule::niche::NichedOption<core[ed718c3d60ebd546]::num::nonzero::NonZero<u8>, 1usize>)>>>>::get",173,0.02872923772862993,,
"<alloc[508e33bd5656020b]::collections::btree::map::entry::VacantEntry<alloc[508e33bd5656020b]::vec::Vec<u8>, zerotrie[c520be459a73f88a]::byte_phf::PerfectByteHashMap<alloc[508e33bd5656020b]::vec::Vec<u8>>>>::insert_entry",173,0.02872923772862993,,
<fixed_decimal[f190755009246613]::variations::Signed<fixed_decimal[f190755009246613]::decimal::UnsignedDecimal>>::apply_sign_display,173,0.02872923772862993,,
"serde[5dd5cf91eec73b45]::private::de::borrow_cow_str::<&mut postcard[4ec100a46e8476d3]::de::deserializer::Deserializer<postcard[4ec100a46e8476d3]::de::flavors::Slice>, alloc[508e33bd5656020b]::borrow::Cow<str>>",172,0.02856317277066097,,
"<icu_datetime[a89e5169bb62ebbc]::format::input::DateTimeInputUnchecked>::set_date_fields_unchecked::<icu_calendar[9ded05a9b369afae]::cal::gregorian::Gregorian, icu_calendar[9ded05a9b369afae]::cal::gregorian::Gregorian>",172,0.02856317277066097,,
core[ed718c3d60ebd546]::char::methods::encode_utf8_raw_unchecked,171,0.028397107812692012,,
<icu_locale_core[80ffd7f212f7bd21]::extensions::private::Private>::try_from_iter,171,0.028397107812692012,,
<icu_locale_core[80ffd7f212f7bd21]::data::DataLocale>::from_parts,171,0.028397107812692012,,
"<zerovec[bebf1a62a3c1fad0]::varzerovec::slice::VarZeroSlice<zerovec[bebf1a62a3c1fad0]::ule::vartuple::VarTupleULE<i8, icu_pattern[44006f5ff0e3d39e]::frontend::Pattern<icu_pattern[44006f5ff0e3d39e]::single::SinglePlaceholder>>>>::get",170,0.028231042854723054,,
"<zerovec[bebf1a62a3c1fad0]::ule::vartuple::VarTupleULE<icu_plurals[993a8e0f08d05f11]::provider::PluralCategoryAndMetadata, zerovec[bebf1a62a3c1fad0]::zerovec::slice::ZeroSlice<icu_datetime[a89e5169bb62ebbc]::provider::pattern::item::PatternItem>> as zerovec[bebf1a62a3c1fad0]::ule::VarULE>::validate_bytes",170,0.028231042854723054,,
<fixed_decimal[f190755009246613]::variations::Signed<fixed_decimal[f190755009246613]::decimal::UnsignedDecimal> as writeable[b3b2ab86242271a5]::Writeable>::write_to::<writeable[b3b2ab86242271a5]::parts_write_adapter::CoreWriteAsPartsWrite<&mut alloc[508e33bd5656020b]::string::String>>,169,0.028064977896754092,,
<fixed_decimal[f190755009246613]::variations::Signed<fixed_decimal[f190755009246613]::decimal::UnsignedDecimal> as writeable[b3b2ab86242271a5]::Writeable>::write_to::<writeable[b3b2ab86242271a5]::parts_write_adapter::CoreWriteAsPartsWrite<&mut writeable[b3b2ab86242271a5]::parts_write_adapter::CoreWriteAsPartsWrite<&mut alloc[508e33bd5656020b]::string::String>>>,169,0.028064977896754092,,
"<alloc[508e33bd5656020b]::collections::btree::node::NodeRef<alloc[508e33bd5656020b]::collections::btree::node::marker::Mut, alloc[508e33bd5656020b]::vec::Vec<u8>, zerotrie[c520be459a73f88a]::byte_phf::PerfectByteHashMap<alloc[508e33bd5656020b]::vec::Vec<u8>>, alloc[508e33bd5656020b]::collections::btree::node::marker::Internal>>::push",169,0.028064977896754092,,
<icu_decimal[22a00049869067f7]::preferences::DecimalFormatterPreferences>::nu_id,168,0.027898912938785134,,
<icu_locale_core[80ffd7f212f7bd21]::preferences::locale::LocalePreferences>::to_data_locale_region_priority,168,0.027898912938785134,,
<zerovec[bebf1a62a3c1fad0]::varzerovec::slice::VarZeroSlice<icu_plurals[993a8e0f08d05f11]::provider::PluralElementsPackedULE<zerovec[bebf1a62a3c1fad0]::zerovec::slice::ZeroSlice<icu_datetime[a89e5169bb62ebbc]::provider::pattern::item::PatternItem>>>>::get,167,0.027732847980816176,,
"<zerovec[bebf1a62a3c1fad0]::varzerovec::slice::VarZeroSlice<[u8], zerovec[bebf1a62a3c1fad0]::varzerovec::components::Index32>>::get",167,0.027732847980816176,,
<zerovec[bebf1a62a3c1fad0]::varzerovec::slice::VarZeroSlice<[u8]>>::get,167,0.027732847980816176,,
icu_datetime[a89e5169bb62ebbc]::format::datetime::try_write_number_without_part::<writeable[b3b2ab86242271a5]::parts_write_adapter::CoreWriteAsPartsWrite<&mut alloc[508e33bd5656020b]::string::String>>,166,0.027566783022847218,,
"<alloc[508e33bd5656020b]::collections::btree::node::Handle<alloc[508e33bd5656020b]::collections::btree::node::NodeRef<alloc[508e33bd5656020b]::collections::btree::node::marker::Dying, alloc[508e33bd5656020b]::vec::Vec<u8>, zerotrie[c520be459a73f88a]::byte_phf::PerfectByteHashMap<alloc[508e33bd5656020b]::vec::Vec<u8>>, alloc[508e33bd5656020b]::collections::btree::node::marker::Leaf>, alloc[508e33bd5656020b]::collections::btree::node::marker::Edge>>::deallocating_next::<alloc[508e33bd5656020b]::alloc::Global>",166,0.027566783022847218,,
"<zerotrie[c520be459a73f88a]::builder::konst::store::ConstArrayBuilder<256usize, zerotrie[c520be459a73f88a]::builder::branch_meta::BranchMeta>>::map_to_ascii_bytes",166,0.027566783022847218,,
<icu_locale_core[80ffd7f212f7bd21]::subtags::language::Language>::try_from_utf8,165,0.02740071806487826,,
"core[ed718c3d60ebd546]::slice::sort::shared::smallsort::insert_tail::<(usize, alloc[508e33bd5656020b]::vec::Vec<u8>), <[(usize, alloc[508e33bd5656020b]::vec::Vec<u8>)]>::sort_by_key<isize, zerotrie[c520be459a73f88a]::byte_phf::builder::find::{closure#1}>::{closure#0}>",164,0.0272346531069093,,
<&zerovec[bebf1a62a3c1fad0]::zerovec::slice::ZeroSlice<icu_provider[cb9726a465308544]::marker_full::DataMarkerIdHash> as serde_core[a2f16ecbf4bfe085]::de::Deserialize>::deserialize::<&mut postcard[4ec100a46e8476d3]::de::deserializer::Deserializer<postcard[4ec100a46e8476d3]::de::flavors::Slice>>,164,0.0272346531069093,,
"<alloc[508e33bd5656020b]::collections::btree::node::NodeRef<alloc[508e33bd5656020b]::collections::btree::node::marker::Mut, alloc[508e33bd5656020b]::vec::Vec<u8>, zerotrie[c520be459a73f88a]::byte_phf::PerfectByteHashMap<alloc[508e33bd5656020b]::vec::Vec<u8>>, alloc[508e33bd5656020b]::collections::btree::node::marker::LeafOrInternal>>::find_key_index::<alloc[508e33bd5656020b]::vec::Vec<u8>>",163,0.02706858814894034,,
<zerovec[bebf1a62a3c1fad0]::zerovec::serde::ZeroVecVisitor<icu_time[fb65173487e4cb3a]::provider::VariantOffsetsWithMetazoneMembershipKind> as serde_core[a2f16ecbf4bfe085]::de::Visitor>::visit_borrowed_bytes::<postcard[4ec100a46e8476d3]::error::Error>,162,0.026902523190971382,,
<icu_datetime[a89e5169bb62ebbc]::pattern::names::RawDateTimeNamesBorrowed>::get_name_for_weekday,162,0.026902523190971382,,
<mf2dt[cf7edd48dfb2ab59]::Civil>::from_epoch_ms,161,0.026736458233002424,,
<icu_provider_blob[7aedd55e3b0a236f]::blob_data_provider::BlobDataProvider>::try_new_from_blob,161,0.026736458233002424,,
<icu_time[fb65173487e4cb3a]::provider::TimezonePeriods as serde_core[a2f16ecbf4bfe085]::de::Deserialize>::deserialize::<&mut postcard[4ec100a46e8476d3]::de::deserializer::Deserializer<postcard[4ec100a46e8476d3]::de::flavors::Slice>>,161,0.026736458233002424,,
"<alloc[508e33bd5656020b]::boxed::Box<zerovec[bebf1a62a3c1fad0]::zerovec::slice::ZeroSlice<(icu_time[fb65173487e4cb3a]::provider::Timestamp24, u8, zerovec[bebf1a62a3c1fad0]::ule::niche::NichedOption<core[ed718c3d60ebd546]::num::nonzero::NonZero<u8>, 1usize>)>> as zerovec[bebf1a62a3c1fad0]::ule::encode::EncodeAsVarULE<zerovec[bebf1a62a3c1fad0]::zerovec::slice::ZeroSlice<(icu_time[fb65173487e4cb3a]::provider::Timestamp24, u8, zerovec[bebf1a62a3c1fad0]::ule::niche::NichedOption<core[ed718c3d60ebd546]::num::nonzero::NonZero<u8>, 1usize>)>>>::encode_var_ule_as_slices::<(), <alloc[508e33bd5656020b]::boxed::Box<zerovec[bebf1a62a3c1fad0]::zerovec::slice::ZeroSlice<(icu_time[fb65173487e4cb3a]::provider::Timestamp24, u8, zerovec[bebf1a62a3c1fad0]::ule::niche::NichedOption<core[ed718c3d60ebd546]::num::nonzero::NonZero<u8>, 1usize>)>> as zerovec[bebf1a62a3c1fad0]::ule::encode::EncodeAsVarULE<zerovec[bebf1a62a3c1fad0]::zerovec::slice::ZeroSlice<(icu_time[fb65173487e4cb3a]::provider::Timestamp24, u8, zerovec[bebf1a62a3c1fad0]::ule::niche::NichedOption<core[ed718c3d60ebd546]::num::nonzero::NonZero<u8>, 1usize>)>>>::encode_var_ule_write::{closure#0}>",160,0.02657039327503346,,
"<zerotrie[c520be459a73f88a]::builder::konst::store::ConstArrayBuilder<256usize, zerotrie[c520be459a73f88a]::builder::branch_meta::BranchMeta>>::swap_or_panic",160,0.02657039327503346,,
<icu_locale_core[80ffd7f212f7bd21]::extensions::unicode::subdivision::SubdivisionId>::into_subtag,159,0.0264043283170645,,
<smallvec[a949934cda03ae4d]::SmallVec<[u8; 8usize]>>::drain::<core[ed718c3d60ebd546]::ops::range::Range<usize>>,159,0.0264043283170645,,
<icu_time[fb65173487e4cb3a]::provider::VariantOffsetsWithMetazoneMembershipKind as zerovec[bebf1a62a3c1fad0]::ule::AsULE>::from_unaligned,158,0.026238263359095543,,
zerotrie[c520be459a73f88a]::reader::get_branch_w0,157,0.026072198401126585,,
zerotrie[c520be459a73f88a]::reader::get_branch_w0[1],157,0.026072198401126585,,
"<icu_datetime[a89e5169bb62ebbc]::pattern::names::RawDateTimeNames<icu_datetime[a89e5169bb62ebbc]::fieldsets::enums::CompositeFieldSet>>::load_time_zone_field_z_except_decimals::<icu_provider[cb9726a465308544]::data_provider::DataProviderWithMarker<icu_datetime[a89e5169bb62ebbc]::provider::time_zones::TimezoneNamesEssentialsV1, &icu_datetime[a89e5169bb62ebbc]::provider::compat::CompatProvider<&icu_provider[cb9726a465308544]::buf::serde::DeserializingBufferProvider<icu_provider_blob[7aedd55e3b0a236f]::blob_data_provider::BlobDataProvider>, &&icu_provider_blob[7aedd55e3b0a236f]::blob_data_provider::BlobDataProvider>>, icu_provider[cb9726a465308544]::data_provider::DataProviderWithMarker<icu_datetime[a89e5169bb62ebbc]::provider::time_zones::TimezoneNamesSpecificShortV1, &icu_datetime[a89e5169bb62ebbc]::provider::compat::CompatProvider<&icu_provider[cb9726a465308544]::buf::serde::DeserializingBufferProvider<icu_provider_blob[7aedd55e3b0a236f]::blob_data_provider::BlobDataProvider>, &&icu_provider_blob[7aedd55e3b0a236f]::blob_data_provider::BlobDataProvider>>, icu_provider[cb9726a465308544]::data_provider::DataProviderWithMarker<icu_time[fb65173487e4cb3a]::provider::TimezonePeriodsV1, &icu_datetime[a89e5169bb62ebbc]::provider::compat::CompatProvider<&icu_provider[cb9726a465308544]::buf::serde::DeserializingBufferProvider<icu_provider_blob[7aedd55e3b0a236f]::blob_data_provider::BlobDataProvider>, &&icu_provider_blob[7aedd55e3b0a236f]::blob_data_provider::BlobDataProvider>>>",156,0.025906133443157627,,
"<icu_datetime[a89e5169bb62ebbc]::pattern::names::RawDateTimeNames<icu_datetime[a89e5169bb62ebbc]::fieldsets::enums::CompositeFieldSet>>::load_time_zone_field_VVV::<icu_provider[cb9726a465308544]::data_provider::DataProviderWithMarker<icu_datetime[a89e5169bb62ebbc]::provider::time_zones::TimezoneNamesLocationsOverrideV1, &icu_datetime[a89e5169bb62ebbc]::provider::compat::CompatProvider<&icu_provider[cb9726a465308544]::buf::serde::DeserializingBufferProvider<icu_provider_blob[7aedd55e3b0a236f]::blob_data_provider::BlobDataProvider>, &&icu_provider_blob[7aedd55e3b0a236f]::blob_data_provider::BlobDataProvider>>, icu_provider[cb9726a465308544]::data_provider::DataProviderWithMarker<icu_datetime[a89e5169bb62ebbc]::provider::time_zones::TimezoneNamesLocationsRootV1, &icu_datetime[a89e5169bb62ebbc]::provider::compat::CompatProvider<&icu_provider[cb9726a465308544]::buf::serde::DeserializingBufferProvider<icu_provider_blob[7aedd55e3b0a236f]::blob_data_provider::BlobDataProvider>, &&icu_provider_blob[7aedd55e3b0a236f]::blob_data_provider::BlobDataProvider>>, icu_provider[cb9726a465308544]::data_provider::DataProviderWithMarker<icu_datetime[a89e5169bb62ebbc]::provider::time_zones::TimezoneNamesCitiesOverrideV1, &icu_datetime[a89e5169bb62ebbc]::provider::compat::CompatProvider<&icu_provider[cb9726a465308544]::buf::serde::DeserializingBufferProvider<icu_provider_blob[7aedd55e3b0a236f]::blob_data_provider::BlobDataProvider>, &&icu_provider_blob[7aedd55e3b0a236f]::blob_data_provider::BlobDataProvider>>, icu_provider[cb9726a465308544]::data_provider::DataProviderWithMarker<icu_datetime[a89e5169bb62ebbc]::provider::time_zones::TimezoneNamesCitiesRootV1, &icu_datetime[a89e5169bb62ebbc]::provider::compat::CompatProvider<&icu_provider[cb9726a465308544]::buf::serde::DeserializingBufferProvider<icu_provider_blob[7aedd55e3b0a236f]::blob_data_provider::BlobDataProvider>, &&icu_provider_blob[7aedd55e3b0a236f]::blob_data_provider::BlobDataProvider>>>",156,0.025906133443157627,,
<alloc[508e33bd5656020b]::raw_vec::RawVecInner<_>>::reserve::do_reserve_and_handle::<alloc[508e33bd5656020b]::alloc::Global>[2],155,0.025740068485188665,,
<icu_provider[cb9726a465308544]::request::DataMarkerAttributes>::validate,155,0.025740068485188665,,
<char as core[ed718c3d60ebd546]::fmt::Debug>::fmt,155,0.025740068485188665,,
<icu_datetime[a89e5169bb62ebbc]::provider::names::WeekdayNames as serde_core[a2f16ecbf4bfe085]::de::Deserialize>::deserialize::<&mut postcard[4ec100a46e8476d3]::de::deserializer::Deserializer<postcard[4ec100a46e8476d3]::de::flavors::Slice>>,155,0.025740068485188665,,
<icu_datetime[a89e5169bb62ebbc]::provider::names::DayPeriodNames as serde_core[a2f16ecbf4bfe085]::de::Deserialize>::deserialize::<&mut postcard[4ec100a46e8476d3]::de::deserializer::Deserializer<postcard[4ec100a46e8476d3]::de::flavors::Slice>>,155,0.025740068485188665,,
<smallvec[a949934cda03ae4d]::SmallVec<[u8; 8usize]>>::push,154,0.025574003527219707,,
"<icu_datetime[a89e5169bb62ebbc]::pattern::names::RawDateTimeNames<icu_datetime[a89e5169bb62ebbc]::fieldsets::enums::CompositeFieldSet>>::load_time_zone_field_VVVV_except_decimals::<icu_provider[cb9726a465308544]::data_provider::DataProviderWithMarker<icu_datetime[a89e5169bb62ebbc]::provider::time_zones::TimezoneNamesEssentialsV1, &icu_datetime[a89e5169bb62ebbc]::provider::compat::CompatProvider<&icu_provider[cb9726a465308544]::buf::serde::DeserializingBufferProvider<icu_provider_blob[7aedd55e3b0a236f]::blob_data_provider::BlobDataProvider>, &&icu_provider_blob[7aedd55e3b0a236f]::blob_data_provider::BlobDataProvider>>, icu_provider[cb9726a465308544]::data_provider::DataProviderWithMarker<icu_datetime[a89e5169bb62ebbc]::provider::time_zones::TimezoneNamesLocationsOverrideV1, &icu_datetime[a89e5169bb62ebbc]::provider::compat::CompatProvider<&icu_provider[cb9726a465308544]::buf::serde::DeserializingBufferProvider<icu_provider_blob[7aedd55e3b0a236f]::blob_data_provider::BlobDataProvider>, &&icu_provider_blob[7aedd55e3b0a236f]::blob_data_provider::BlobDataProvider>>, icu_provider[cb9726a465308544]::data_provider::DataProviderWithMarker<icu_datetime[a89e5169bb62ebbc]::provider::time_zones::TimezoneNamesLocationsRootV1, &icu_datetime[a89e5169bb62ebbc]::provider::compat::CompatProvider<&icu_provider[cb9726a465308544]::buf::serde::DeserializingBufferProvider<icu_provider_blob[7aedd55e3b0a236f]::blob_data_provider::BlobDataProvider>, &&icu_provider_blob[7aedd55e3b0a236f]::blob_data_provider::BlobDataProvider>>>",154,0.025574003527219707,,
<icu_datetime[a89e5169bb62ebbc]::provider::fields::symbols::SymbolError as core[ed718c3d60ebd546]::fmt::Debug>::fmt,154,0.025574003527219707,,
<icu_datetime[a89e5169bb62ebbc]::provider::fields::symbols::SymbolError as core[ed718c3d60ebd546]::fmt::Debug>::fmt[1],154,0.025574003527219707,,
<&[u8] as serde_core[a2f16ecbf4bfe085]::de::Deserialize>::deserialize::<&mut postcard[4ec100a46e8476d3]::de::deserializer::Deserializer<postcard[4ec100a46e8476d3]::de::flavors::Slice>>,153,0.02540793856925075,,
<zerovec[bebf1a62a3c1fad0]::zerovec::slice::ZeroSlice<core[ed718c3d60ebd546]::num::nonzero::NonZero<u8>>>::binary_search,152,0.02524187361128179,,
<[u8]>::binary_search,152,0.02524187361128179,,
<icu_locale_core[80ffd7f212f7bd21]::extensions::transform::key::Key>::try_from_utf8,152,0.02524187361128179,,
"core[ed718c3d60ebd546]::slice::sort::shared::smallsort::insert_tail::<(&[u8], usize), <[(&[u8], usize)]>::sort_by<<zerotrie[c520be459a73f88a]::builder::nonconst::builder::ZeroTrieBuilder<alloc[508e33bd5656020b]::collections::vec_deque::VecDeque<u8>>>::from_bytes_iter<&str, core[ed718c3d60ebd546]::iter::adapters::map::Map<core[ed718c3d60ebd546]::iter::adapters::enumerate::Enumerate<core[ed718c3d60ebd546]::iter::adapters::map::Map<core[ed718c3d60ebd546]::ops::range::Range<usize>, <zerovec[bebf1a62a3c1fad0]::map2d::map::ZeroMap2d<icu_time[fb65173487e4cb3a]::zone::TimeZone, icu_time[fb65173487e4cb3a]::zone::zone_name_timestamp::ZoneNameTimestamp, zerovec[bebf1a62a3c1fad0]::ule::niche::NichedOption<core[ed718c3d60ebd546]::num::nonzero::NonZero<u8>, 1usize>>>::iter0::{closure#0}>>, icu_datetime[a89e5169bb62ebbc]::provider::time_zones::legacy::metazone_timezone_compat<&&icu_provider_blob[7aedd55e3b0a236f]::blob_data_provider::BlobDataProvider>::{closure#0}>>::{closure#1}>::{closure#0}>",152,0.02524187361128179,,
<[icu_locale_core[80ffd7f212f7bd21]::extensions::other::Other]>::binary_search,151,0.02507580865331283,,
<[icu_locale_core[80ffd7f212f7bd21]::subtags::variant::Variant]>::binary_search,151,0.02507580865331283,,
<u8 as core[ed718c3d60ebd546]::fmt::Display>::fmt,151,0.02507580865331283,,
"<icu_locale_core[80ffd7f212f7bd21]::extensions::other::Other>::for_each_subtag_str::<core[ed718c3d60ebd546]::fmt::Error, <icu_locale_core[80ffd7f212f7bd21]::data::DataLocale as writeable[b3b2ab86242271a5]::Writeable>::write_to<zerotrie[c520be459a73f88a]::cursor::ZeroTrieSimpleAsciiCursor>::{closure#0}>",151,0.02507580865331283,,
<icu_time[fb65173487e4cb3a]::zone::TimeZone as zerovec[bebf1a62a3c1fad0]::ule::ULE>::validate_bytes,151,0.02507580865331283,,
"<postcard[4ec100a46e8476d3]::de::deserializer::SeqAccess<postcard[4ec100a46e8476d3]::de::flavors::Slice> as serde_core[a2f16ecbf4bfe085]::de::SeqAccess>::next_element::<zerovec[bebf1a62a3c1fad0]::map::map::ZeroMap<icu_time[fb65173487e4cb3a]::zone::TimeZone, str>>",151,0.02507580865331283,,
<postcard[4ec100a46e8476d3]::de::deserializer::SeqAccess<postcard[4ec100a46e8476d3]::de::flavors::Slice> as serde_core[a2f16ecbf4bfe085]::de::SeqAccess>::next_element::<zerovec[bebf1a62a3c1fad0]::zerovec::ZeroVec<core[ed718c3d60ebd546]::num::nonzero::NonZero<u8>>>,151,0.02507580865331283,,
<postcard[4ec100a46e8476d3]::de::deserializer::SeqAccess<postcard[4ec100a46e8476d3]::de::flavors::Slice> as serde_core[a2f16ecbf4bfe085]::de::SeqAccess>::next_element::<zerovec[bebf1a62a3c1fad0]::zerovec::ZeroVec<icu_time[fb65173487e4cb3a]::zone::TimeZone>>,151,0.02507580865331283,,
<icu_locale_core[80ffd7f212f7bd21]::subtags::variant::Variant>::try_from_utf8,150,0.02490974369534387,,
<smallvec[a949934cda03ae4d]::SmallVec<[u8; 8usize]>>::try_reserve,149,0.024743678737374913,,
<icu_calendar[9ded05a9b369afae]::types::Month>::code,149,0.024743678737374913,,
<icu_calendar[9ded05a9b369afae]::cal::gregorian::CeBce as icu_calendar[9ded05a9b369afae]::cal::abstract_gregorian::GregorianYears>::era_year_from_extended,149,0.024743678737374913,,
"<core[ed718c3d60ebd546]::slice::sort::stable::merge::MergeState<(usize, alloc[508e33bd5656020b]::vec::Vec<u8>)>>::merge_down::<<[(usize, alloc[508e33bd5656020b]::vec::Vec<u8>)]>::sort_by_key<isize, zerotrie[c520be459a73f88a]::byte_phf::builder::find::{closure#1}>::{closure#0}>",148,0.024577613779405955,,
"core[ed718c3d60ebd546]::slice::sort::shared::pivot::median3_rec::<(&[u8], usize), <[(&[u8], usize)]>::sort_by<<zerotrie[c520be459a73f88a]::builder::nonconst::builder::ZeroTrieBuilder<alloc[508e33bd5656020b]::collections::vec_deque::VecDeque<u8>>>::from_bytes_iter<&str, core[ed718c3d60ebd546]::iter::adapters::map::Map<core[ed718c3d60ebd546]::iter::adapters::enumerate::Enumerate<core[ed718c3d60ebd546]::iter::adapters::map::Map<core[ed718c3d60ebd546]::ops::range::Range<usize>, <zerovec[bebf1a62a3c1fad0]::map2d::map::ZeroMap2d<icu_time[fb65173487e4cb3a]::zone::TimeZone, icu_time[fb65173487e4cb3a]::zone::zone_name_timestamp::ZoneNameTimestamp, zerovec[bebf1a62a3c1fad0]::ule::niche::NichedOption<core[ed718c3d60ebd546]::num::nonzero::NonZero<u8>, 1usize>>>::iter0::{closure#0}>>, icu_datetime[a89e5169bb62ebbc]::provider::time_zones::legacy::metazone_timezone_compat<&&icu_provider_blob[7aedd55e3b0a236f]::blob_data_provider::BlobDataProvider>::{closure#0}>>::{closure#1}>::{closure#0}>",148,0.024577613779405955,,
"<zerovec[bebf1a62a3c1fad0]::varzerovec::vec::VarZeroVec<zerovec[bebf1a62a3c1fad0]::ule::vartuple::VarTupleULE<(u8, zerovec[bebf1a62a3c1fad0]::ule::niche::NichedOption<core[ed718c3d60ebd546]::num::nonzero::NonZero<u8>, 1usize>), zerovec[bebf1a62a3c1fad0]::zerovec::slice::ZeroSlice<(icu_time[fb65173487e4cb3a]::provider::Timestamp24, u8, zerovec[bebf1a62a3c1fad0]::ule::niche::NichedOption<core[ed718c3d60ebd546]::num::nonzero::NonZero<u8>, 1usize>)>>> as serde_core[a2f16ecbf4bfe085]::de::Deserialize>::deserialize::<&mut postcard[4ec100a46e8476d3]::de::deserializer::Deserializer<postcard[4ec100a46e8476d3]::de::flavors::Slice>>",148,0.024577613779405955,,
<zerovec[bebf1a62a3c1fad0]::zerovec::ZeroVec<icu_time[fb65173487e4cb3a]::provider::VariantOffsetsWithMetazoneMembershipKind> as serde_core[a2f16ecbf4bfe085]::de::Deserialize>::deserialize::<&mut postcard[4ec100a46e8476d3]::de::deserializer::Deserializer<postcard[4ec100a46e8476d3]::de::flavors::Slice>>,148,0.024577613779405955,,
"<zerovec[bebf1a62a3c1fad0]::zerovec::ZeroVec<zerovec[bebf1a62a3c1fad0]::ule::niche::NichedOption<core[ed718c3d60ebd546]::num::nonzero::NonZero<u8>, 1usize>> as serde_core[a2f16ecbf4bfe085]::de::Deserialize>::deserialize::<&mut postcard[4ec100a46e8476d3]::de::deserializer::Deserializer<postcard[4ec100a46e8476d3]::de::flavors::Slice>>",148,0.024577613779405955,,
<zerovec[bebf1a62a3c1fad0]::zerovec::ZeroVec<core[ed718c3d60ebd546]::num::nonzero::NonZero<u8>> as serde_core[a2f16ecbf4bfe085]::de::Deserialize>::deserialize::<&mut postcard[4ec100a46e8476d3]::de::deserializer::Deserializer<postcard[4ec100a46e8476d3]::de::flavors::Slice>>,148,0.024577613779405955,,
<zerovec[bebf1a62a3c1fad0]::zerovec::ZeroVec<icu_time[fb65173487e4cb3a]::zone::TimeZone> as serde_core[a2f16ecbf4bfe085]::de::Deserialize>::deserialize::<&mut postcard[4ec100a46e8476d3]::de::deserializer::Deserializer<postcard[4ec100a46e8476d3]::de::flavors::Slice>>,148,0.024577613779405955,,
<zerovec[bebf1a62a3c1fad0]::zerovec::ZeroVec<icu_time[fb65173487e4cb3a]::zone::zone_name_timestamp::ZoneNameTimestamp> as serde_core[a2f16ecbf4bfe085]::de::Deserialize>::deserialize::<&mut postcard[4ec100a46e8476d3]::de::deserializer::Deserializer<postcard[4ec100a46e8476d3]::de::flavors::Slice>>,148,0.024577613779405955,,
<zerovec[bebf1a62a3c1fad0]::zerovec::ZeroVec<icu_datetime[a89e5169bb62ebbc]::provider::pattern::item::generic::GenericPatternItem> as serde_core[a2f16ecbf4bfe085]::de::Deserialize>::deserialize::<&mut postcard[4ec100a46e8476d3]::de::deserializer::Deserializer<postcard[4ec100a46e8476d3]::de::flavors::Slice>>,148,0.024577613779405955,,
"<zerovec[bebf1a62a3c1fad0]::zerovec::ZeroVec<(core[ed718c3d60ebd546]::num::nonzero::NonZero<u8>, icu_time[fb65173487e4cb3a]::provider::TimeZoneVariant)> as serde_core[a2f16ecbf4bfe085]::de::Deserialize>::deserialize::<&mut postcard[4ec100a46e8476d3]::de::deserializer::Deserializer<postcard[4ec100a46e8476d3]::de::flavors::Slice>>",148,0.024577613779405955,,
"<zerovec[bebf1a62a3c1fad0]::zerovec::ZeroVec<(icu_time[fb65173487e4cb3a]::zone::TimeZone, icu_time[fb65173487e4cb3a]::provider::TimeZoneVariant)> as serde_core[a2f16ecbf4bfe085]::de::Deserialize>::deserialize::<&mut postcard[4ec100a46e8476d3]::de::deserializer::Deserializer<postcard[4ec100a46e8476d3]::de::flavors::Slice>>",148,0.024577613779405955,,
<zerovec[bebf1a62a3c1fad0]::varzerovec::vec::VarZeroVec<str> as serde_core[a2f16ecbf4bfe085]::de::Deserialize>::deserialize::<&mut postcard[4ec100a46e8476d3]::de::deserializer::Deserializer<postcard[4ec100a46e8476d3]::de::flavors::Slice>>,148,0.024577613779405955,,
"<zerovec[bebf1a62a3c1fad0]::varzerovec::vec::VarZeroVec<zerovec[bebf1a62a3c1fad0]::ule::vartuple::VarTupleULE<i8, icu_pattern[44006f5ff0e3d39e]::frontend::Pattern<icu_pattern[44006f5ff0e3d39e]::single::SinglePlaceholder>>> as serde_core[a2f16ecbf4bfe085]::de::Deserialize>::deserialize::<&mut postcard[4ec100a46e8476d3]::de::deserializer::Deserializer<postcard[4ec100a46e8476d3]::de::flavors::Slice>>",148,0.024577613779405955,,
<icu_pattern[44006f5ff0e3d39e]::frontend::Pattern<icu_pattern[44006f5ff0e3d39e]::single::SinglePlaceholder> as zerovec[bebf1a62a3c1fad0]::ule::VarULE>::validate_bytes,148,0.024577613779405955,,
"<icu_locale_core[80ffd7f212f7bd21]::extensions::unicode::keywords::Keywords>::for_each_subtag_str::<core[ed718c3d60ebd546]::fmt::Error, <icu_locale_core[80ffd7f212f7bd21]::data::DataLocale as writeable[b3b2ab86242271a5]::Writeable>::write_to<zerotrie[c520be459a73f88a]::cursor::ZeroTrieSimpleAsciiCursor>::{closure#0}>",147,0.024411548821436993,,
"<icu_locale_core[80ffd7f212f7bd21]::extensions::transform::fields::Fields>::for_each_subtag_str::<core[ed718c3d60ebd546]::fmt::Error, <icu_locale_core[80ffd7f212f7bd21]::data::DataLocale as writeable[b3b2ab86242271a5]::Writeable>::write_to<zerotrie[c520be459a73f88a]::cursor::ZeroTrieSimpleAsciiCursor>::{closure#0}>",147,0.024411548821436993,,
<zerovec[bebf1a62a3c1fad0]::cow::VarZeroCow<icu_decimal[22a00049869067f7]::provider::DecimalSymbolsStrs> as serde_core[a2f16ecbf4bfe085]::de::Deserialize>::deserialize::<&mut postcard[4ec100a46e8476d3]::de::deserializer::Deserializer<postcard[4ec100a46e8476d3]::de::flavors::Slice>>,147,0.024411548821436993,,
"<zerovec[bebf1a62a3c1fad0]::cow::VarZeroCow<zerovec[bebf1a62a3c1fad0]::ule::tuplevar::Tuple2VarULE<zerovec[bebf1a62a3c1fad0]::varzerovec::slice::VarZeroSlice<potential_utf[a470693f0fde25c8]::ustr::PotentialUtf8>, zerovec[bebf1a62a3c1fad0]::varzerovec::slice::VarZeroSlice<str>>> as serde_core[a2f16ecbf4bfe085]::de::Deserialize>::deserialize::<&mut postcard[4ec100a46e8476d3]::de::deserializer::Deserializer<postcard[4ec100a46e8476d3]::de::flavors::Slice>>",147,0.024411548821436993,,
"<&mut icu_locale_core[80ffd7f212f7bd21]::parser::SubtagIterator as core[ed718c3d60ebd546]::iter::traits::iterator::IteratorRefSpec>::spec_try_fold::<(), core[ed718c3d60ebd546]::iter::adapters::map::map_try_fold<&[u8], core[ed718c3d60ebd546]::result::Result<icu_locale_core[80ffd7f212f7bd21]::extensions::private::other::Subtag, icu_locale_core[80ffd7f212f7bd21]::parser::errors::ParseError>, (), core[ed718c3d60ebd546]::ops::control_flow::ControlFlow<core[ed718c3d60ebd546]::ops::control_flow::ControlFlow<icu_locale_core[80ffd7f212f7bd21]::extensions::private::other::Subtag>>, <icu_locale_core[80ffd7f212f7bd21]::extensions::private::other::Subtag>::try_from_utf8, <core[ed718c3d60ebd546]::iter::adapters::GenericShunt<core[ed718c3d60ebd546]::iter::adapters::map::Map<&mut icu_locale_core[80ffd7f212f7bd21]::parser::SubtagIterator, <icu_locale_core[80ffd7f212f7bd21]::extensions::private::other::Subtag>::try_from_utf8>, core[ed718c3d60ebd546]::result::Result<core[ed718c3d60ebd546]::convert::Infallible, icu_locale_core[80ffd7f212f7bd21]::parser::errors::ParseError>> as core[ed718c3d60ebd546]::iter::traits::iterator::Iterator>::try_fold<(), core[ed718c3d60ebd546]::iter::traits::iterator::Iterator::try_for_each::call<icu_locale_core[80ffd7f212f7bd21]::extensions::private::other::Subtag, core[ed718c3d60ebd546]::ops::control_flow::ControlFlow<icu_locale_core[80ffd7f212f7bd21]::extensions::private::other::Subtag>, core[ed718c3d60ebd546]::ops::control_flow::ControlFlow<icu_locale_core[80ffd7f212f7bd21]::extensions::private::other::Subtag>::Break>::{closure#0}, core[ed718c3d60ebd546]::ops::control_flow::ControlFlow<icu_locale_core[80ffd7f212f7bd21]::extensions::private::other::Subtag>>::{closure#0}>::{closure#0}, core[ed718c3d60ebd546]::ops::control_flow::ControlFlow<core[ed718c3d60ebd546]::ops::control_flow::ControlFlow<icu_locale_core[80ffd7f212f7bd21]::extensions::private::other::Subtag>>>",147,0.024411548821436993,,
<alloc[508e33bd5656020b]::collections::vec_deque::VecDeque<u8>>::swap,146,0.02424548386346803,,
<icu_locale_core[80ffd7f212f7bd21]::extensions::unicode::value::Value>::from_subtag,146,0.02424548386346803,,
<std[5a6270b673d0c64d]::panicking::panic_handler::FormatStringPayload as core[ed718c3d60ebd546]::panic::PanicPayload>::get,146,0.02424548386346803,,
"core[ed718c3d60ebd546]::slice::sort::shared::pivot::median3_rec::<(usize, alloc[508e33bd5656020b]::vec::Vec<u8>), <[(usize, alloc[508e33bd5656020b]::vec::Vec<u8>)]>::sort_by_key<isize, zerotrie[c520be459a73f88a]::byte_phf::builder::find::{closure#1}>::{closure#0}>",145,0.024079418905499077,,
<icu_datetime[a89e5169bb62ebbc]::format::time_zone::Bcp47IdFormat as icu_datetime[a89e5169bb62ebbc]::format::time_zone::FormatTimeZone>::format::<writeable[b3b2ab86242271a5]::parts_write_adapter::CoreWriteAsPartsWrite<&mut alloc[508e33bd5656020b]::string::String>>,145,0.024079418905499077,,
"<zerovec[bebf1a62a3c1fad0]::varzerovec::lengthless::VarZeroLengthlessSlice<[u8], zerovec[bebf1a62a3c1fad0]::varzerovec::components::Index8>>::get_unchecked",145,0.024079418905499077,,
"<alloc[508e33bd5656020b]::collections::btree::node::NodeRef<alloc[508e33bd5656020b]::collections::btree::node::marker::Mut, alloc[508e33bd5656020b]::vec::Vec<u8>, zerotrie[c520be459a73f88a]::byte_phf::PerfectByteHashMap<alloc[508e33bd5656020b]::vec::Vec<u8>>, alloc[508e33bd5656020b]::collections::btree::node::marker::LeafOrInternal>>::search_tree::<alloc[508e33bd5656020b]::vec::Vec<u8>>",145,0.024079418905499077,,
icu_datetime[a89e5169bb62ebbc]::format::datetime::try_write_number::<writeable[b3b2ab86242271a5]::parts_write_adapter::CoreWriteAsPartsWrite<&mut alloc[508e33bd5656020b]::string::String>>,144,0.02391335394753012,,
core[ed718c3d60ebd546]::ptr::drop_glue::<icu_datetime[a89e5169bb62ebbc]::pattern::names::RawDateTimeNames<icu_datetime[a89e5169bb62ebbc]::fieldsets::enums::CompositeFieldSet>>,144,0.02391335394753012,,
<icu_pattern[44006f5ff0e3d39e]::single::SinglePlaceholder as icu_pattern[44006f5ff0e3d39e]::common::PatternBackend>::iter_items,143,0.023747288989561157,,
<&zerovec[bebf1a62a3c1fad0]::varzerovec::slice::VarZeroSlice<icu_plurals[993a8e0f08d05f11]::provider::PluralElementsPackedULE<zerovec[bebf1a62a3c1fad0]::zerovec::slice::ZeroSlice<icu_datetime[a89e5169bb62ebbc]::provider::pattern::item::PatternItem>>> as serde_core[a2f16ecbf4bfe085]::de::Deserialize>::deserialize::<&mut postcard[4ec100a46e8476d3]::de::deserializer::Deserializer<postcard[4ec100a46e8476d3]::de::flavors::Slice>>,143,0.023747288989561157,,
"<icu_pattern[44006f5ff0e3d39e]::frontend::WriteablePattern<icu_pattern[44006f5ff0e3d39e]::double::DoublePlaceholder, [&str; 2usize]> as writeable[b3b2ab86242271a5]::try_writeable::TryWriteable>::try_write_to_parts::<writeable[b3b2ab86242271a5]::parts_write_adapter::CoreWriteAsPartsWrite<&mut writeable[b3b2ab86242271a5]::parts_write_adapter::CoreWriteAsPartsWrite<&mut alloc[508e33bd5656020b]::string::String>>>",142,0.0235812240315922,,
"core[ed718c3d60ebd546]::slice::sort::stable::driftsort_main::<(usize, alloc[508e33bd5656020b]::vec::Vec<u8>), <[(usize, alloc[508e33bd5656020b]::vec::Vec<u8>)]>::sort_by_key<isize, zerotrie[c520be459a73f88a]::byte_phf::builder::find::{closure#1}>::{closure#0}, alloc[508e33bd5656020b]::vec::Vec<(usize, alloc[508e33bd5656020b]::vec::Vec<u8>)>>",142,0.0235812240315922,,
<postcard[4ec100a46e8476d3]::de::deserializer::SeqAccess<postcard[4ec100a46e8476d3]::de::flavors::Slice> as serde_core[a2f16ecbf4bfe085]::de::SeqAccess>::next_element::<zerovec[bebf1a62a3c1fad0]::varzerovec::vec::VarZeroVec<str>>,142,0.0235812240315922,,
<icu_plurals[993a8e0f08d05f11]::provider::PluralElementsPackedULE<zerovec[bebf1a62a3c1fad0]::zerovec::slice::ZeroSlice<icu_datetime[a89e5169bb62ebbc]::provider::pattern::item::PatternItem>>>::as_parts,141,0.023415159073623237,,
"<core[ed718c3d60ebd546]::slice::sort::stable::merge::MergeState<(usize, alloc[508e33bd5656020b]::vec::Vec<u8>)>>::merge_up::<<[(usize, alloc[508e33bd5656020b]::vec::Vec<u8>)]>::sort_by_key<isize, zerotrie[c520be459a73f88a]::byte_phf::builder::find::{closure#1}>::{closure#0}>",140,0.02324909411565428,,
"<zerovec[bebf1a62a3c1fad0]::varzerovec::owned::VarZeroVecOwned<zerovec[bebf1a62a3c1fad0]::ule::vartuple::VarTupleULE<(u8, zerovec[bebf1a62a3c1fad0]::ule::niche::NichedOption<core[ed718c3d60ebd546]::num::nonzero::NonZero<u8>, 1usize>), zerovec[bebf1a62a3c1fad0]::zerovec::slice::ZeroSlice<(icu_time[fb65173487e4cb3a]::provider::Timestamp24, u8, zerovec[bebf1a62a3c1fad0]::ule::niche::NichedOption<core[ed718c3d60ebd546]::num::nonzero::NonZero<u8>, 1usize>)>>>>::index_data",140,0.02324909411565428,,
"<alloc[508e33bd5656020b]::collections::btree::map::IntoIter<alloc[508e33bd5656020b]::vec::Vec<u8>, zerotrie[c520be459a73f88a]::byte_phf::PerfectByteHashMap<alloc[508e33bd5656020b]::vec::Vec<u8>>>>::dying_next",140,0.02324909411565428,,
icu_decimal[22a00049869067f7]::grouper::check,138,0.022916964199716363,,
"<core[ed718c3d60ebd546]::slice::sort::stable::merge::MergeState<(&[u8], usize)>>::merge_down::<<[(&[u8], usize)]>::sort_by<<zerotrie[c520be459a73f88a]::builder::nonconst::builder::ZeroTrieBuilder<alloc[508e33bd5656020b]::collections::vec_deque::VecDeque<u8>>>::from_bytes_iter<&str, core[ed718c3d60ebd546]::iter::adapters::map::Map<core[ed718c3d60ebd546]::iter::adapters::enumerate::Enumerate<core[ed718c3d60ebd546]::iter::adapters::map::Map<core[ed718c3d60ebd546]::ops::range::Range<usize>, <zerovec[bebf1a62a3c1fad0]::map2d::map::ZeroMap2d<icu_time[fb65173487e4cb3a]::zone::TimeZone, icu_time[fb65173487e4cb3a]::zone::zone_name_timestamp::ZoneNameTimestamp, zerovec[bebf1a62a3c1fad0]::ule::niche::NichedOption<core[ed718c3d60ebd546]::num::nonzero::NonZero<u8>, 1usize>>>::iter0::{closure#0}>>, icu_datetime[a89e5169bb62ebbc]::provider::time_zones::legacy::metazone_timezone_compat<&&icu_provider_blob[7aedd55e3b0a236f]::blob_data_provider::BlobDataProvider>::{closure#0}>>::{closure#1}>::{closure#0}>",138,0.022916964199716363,,
<icu_locale_core[80ffd7f212f7bd21]::shortvec::ShortBoxSlice<icu_locale_core[80ffd7f212f7bd21]::subtags::Subtag> as core[ed718c3d60ebd546]::cmp::Ord>::cmp,138,0.022916964199716363,,
<zerovec[bebf1a62a3c1fad0]::varzerovec::slice::VarZeroSlice<str> as core[ed718c3d60ebd546]::ops::index::Index<usize>>::index,138,0.022916964199716363,,
<alloc[508e33bd5656020b]::raw_vec::RawVecInner>::finish_grow[4],138,0.022916964199716363,,
"<icu_locale_core[80ffd7f212f7bd21]::extensions::transform::value::Value>::for_each_subtag_str::<core[ed718c3d60ebd546]::fmt::Error, <icu_locale_core[80ffd7f212f7bd21]::data::DataLocale as writeable[b3b2ab86242271a5]::Writeable>::write_to<zerotrie[c520be459a73f88a]::cursor::ZeroTrieSimpleAsciiCursor>::{closure#0}>",138,0.022916964199716363,,
"<core[ed718c3d60ebd546]::iter::adapters::chain::Chain<core[ed718c3d60ebd546]::option::IntoIter<icu_provider[cb9726a465308544]::request::DataIdentifierBorrowed>, core[ed718c3d60ebd546]::array::iter::IntoIter<icu_provider[cb9726a465308544]::request::DataIdentifierBorrowed, 1usize>> as core[ed718c3d60ebd546]::iter::traits::iterator::Iterator>::next",138,0.022916964199716363,,
<icu_datetime[a89e5169bb62ebbc]::fieldsets::builder::FieldSetBuilder>::build_zone,138,0.022916964199716363,,
<tinystr[b223bb85873903b1]::error::ParseError as core[ed718c3d60ebd546]::fmt::Debug>::fmt,138,0.022916964199716363,,
<tinystr[b223bb85873903b1]::ascii::TinyAsciiStr<3usize>>::to_ascii_lowercase,137,0.0227508992417474,,
<alloc[508e33bd5656020b]::collections::vec_deque::VecDeque<u8>>::handle_capacity_increase,137,0.0227508992417474,,
<zerotrie[c520be459a73f88a]::builder::slice_indices::ByteSliceWithIndices>::get_or_panic,137,0.0227508992417474,,
<icu_locale_core[80ffd7f212f7bd21]::preferences::extensions::unicode::keywords::region_override::RegionOverride as core[ed718c3d60ebd546]::convert::TryFrom<&icu_locale_core[80ffd7f212f7bd21]::extensions::unicode::value::Value>>::try_from,137,0.0227508992417474,,
std[5a6270b673d0c64d]::panicking::panic_handler::{closure#0},137,0.0227508992417474,,
"<core[ed718c3d60ebd546]::slice::sort::stable::merge::MergeState<(&[u8], usize)>>::merge_up::<<[(&[u8], usize)]>::sort_by<<zerotrie[c520be459a73f88a]::builder::nonconst::builder::ZeroTrieBuilder<alloc[508e33bd5656020b]::collections::vec_deque::VecDeque<u8>>>::from_bytes_iter<&str, core[ed718c3d60ebd546]::iter::adapters::map::Map<core[ed718c3d60ebd546]::iter::adapters::enumerate::Enumerate<core[ed718c3d60ebd546]::iter::adapters::map::Map<core[ed718c3d60ebd546]::ops::range::Range<usize>, <zerovec[bebf1a62a3c1fad0]::map2d::map::ZeroMap2d<icu_time[fb65173487e4cb3a]::zone::TimeZone, icu_time[fb65173487e4cb3a]::zone::zone_name_timestamp::ZoneNameTimestamp, zerovec[bebf1a62a3c1fad0]::ule::niche::NichedOption<core[ed718c3d60ebd546]::num::nonzero::NonZero<u8>, 1usize>>>::iter0::{closure#0}>>, icu_datetime[a89e5169bb62ebbc]::provider::time_zones::legacy::metazone_timezone_compat<&&icu_provider_blob[7aedd55e3b0a236f]::blob_data_provider::BlobDataProvider>::{closure#0}>>::{closure#1}>::{closure#0}>",136,0.022584834283778443,,
"<icu_pattern[44006f5ff0e3d39e]::frontend::WriteablePattern<icu_pattern[44006f5ff0e3d39e]::single::SinglePlaceholder, [&str; 1usize]> as writeable[b3b2ab86242271a5]::try_writeable::TryWriteable>::try_write_to_parts::<writeable[b3b2ab86242271a5]::parts_write_adapter::CoreWriteAsPartsWrite<&mut writeable[b3b2ab86242271a5]::parts_write_adapter::CoreWriteAsPartsWrite<&mut alloc[508e33bd5656020b]::string::String>>>",136,0.022584834283778443,,
icu_calendar[9ded05a9b369afae]::error::range_check::<u8>,136,0.022584834283778443,,
"<icu_pattern[44006f5ff0e3d39e]::frontend::WriteablePattern<icu_pattern[44006f5ff0e3d39e]::single::SinglePlaceholder, [<icu_datetime[a89e5169bb62ebbc]::format::time_zone::LocalizedOffsetFormat as icu_datetime[a89e5169bb62ebbc]::format::time_zone::FormatTimeZone>::format::FormattedOffset; 1usize]> as writeable[b3b2ab86242271a5]::try_writeable::TryWriteable>::try_write_to_parts::<writeable[b3b2ab86242271a5]::parts_write_adapter::CoreWriteAsPartsWrite<&mut writeable[b3b2ab86242271a5]::parts_write_adapter::CoreWriteAsPartsWrite<&mut alloc[508e33bd5656020b]::string::String>>>",135,0.02241876932580948,,
"<alloc[508e33bd5656020b]::collections::btree::map::BTreeMap<alloc[508e33bd5656020b]::vec::Vec<u8>, zerotrie[c520be459a73f88a]::byte_phf::PerfectByteHashMap<alloc[508e33bd5656020b]::vec::Vec<u8>>> as core[ed718c3d60ebd546]::ops::drop::Drop>::drop",135,0.02241876932580948,,
"<icu_provider[cb9726a465308544]::response::Cart>::try_make_yoke::<icu_provider_blob[7aedd55e3b0a236f]::blob_schema::BlobSchema, <icu_provider_blob[7aedd55e3b0a236f]::blob_data_provider::BlobDataProvider>::try_new_from_blob::{closure#0}, postcard[4ec100a46e8476d3]::error::Error>",135,0.02241876932580948,,
<alloc[508e33bd5656020b]::boxed::Box<[icu_locale_core[80ffd7f212f7bd21]::subtags::Subtag]> as core[ed718c3d60ebd546]::clone::Clone>::clone,134,0.022252704367840524,,
"<icu_datetime[a89e5169bb62ebbc]::provider::compat::CompatProvider<&icu_provider[cb9726a465308544]::buf::serde::DeserializingBufferProvider<icu_provider_blob[7aedd55e3b0a236f]::blob_data_provider::BlobDataProvider>, &&icu_provider_blob[7aedd55e3b0a236f]::blob_data_provider::BlobDataProvider> as icu_provider[cb9726a465308544]::data_provider::DataProvider<icu_datetime[a89e5169bb62ebbc]::provider::names::DatetimeNamesMonthGregorianV1>>::load",134,0.022252704367840524,,
"<icu_datetime[a89e5169bb62ebbc]::provider::compat::CompatProvider<&icu_provider[cb9726a465308544]::buf::serde::DeserializingBufferProvider<icu_provider_blob[7aedd55e3b0a236f]::blob_data_provider::BlobDataProvider>, &&icu_provider_blob[7aedd55e3b0a236f]::blob_data_provider::BlobDataProvider> as icu_provider[cb9726a465308544]::data_provider::DataProvider<icu_datetime[a89e5169bb62ebbc]::provider::names::DatetimeNamesYearGregorianV1>>::load",134,0.022252704367840524,,
"<icu_datetime[a89e5169bb62ebbc]::provider::compat::CompatProvider<&icu_provider[cb9726a465308544]::buf::serde::DeserializingBufferProvider<icu_provider_blob[7aedd55e3b0a236f]::blob_data_provider::BlobDataProvider>, &&icu_provider_blob[7aedd55e3b0a236f]::blob_data_provider::BlobDataProvider> as icu_provider[cb9726a465308544]::data_provider::DataProvider<icu_datetime[a89e5169bb62ebbc]::provider::time_zones::TimezoneNamesEssentialsV1>>::load",134,0.022252704367840524,,
"<icu_datetime[a89e5169bb62ebbc]::provider::compat::CompatProvider<&icu_provider[cb9726a465308544]::buf::serde::DeserializingBufferProvider<icu_provider_blob[7aedd55e3b0a236f]::blob_data_provider::BlobDataProvider>, &&icu_provider_blob[7aedd55e3b0a236f]::blob_data_provider::BlobDataProvider> as icu_provider[cb9726a465308544]::data_provider::DataProvider<icu_datetime[a89e5169bb62ebbc]::provider::time_zones::TimezoneNamesGenericLongV1>>::load",134,0.022252704367840524,,
"<icu_datetime[a89e5169bb62ebbc]::provider::compat::CompatProvider<&icu_provider[cb9726a465308544]::buf::serde::DeserializingBufferProvider<icu_provider_blob[7aedd55e3b0a236f]::blob_data_provider::BlobDataProvider>, &&icu_provider_blob[7aedd55e3b0a236f]::blob_data_provider::BlobDataProvider> as icu_provider[cb9726a465308544]::data_provider::DataProvider<icu_datetime[a89e5169bb62ebbc]::provider::time_zones::TimezoneNamesGenericShortV1>>::load",134,0.022252704367840524,,
"<icu_datetime[a89e5169bb62ebbc]::provider::compat::CompatProvider<&icu_provider[cb9726a465308544]::buf::serde::DeserializingBufferProvider<icu_provider_blob[7aedd55e3b0a236f]::blob_data_provider::BlobDataProvider>, &&icu_provider_blob[7aedd55e3b0a236f]::blob_data_provider::BlobDataProvider> as icu_provider[cb9726a465308544]::data_provider::DataProvider<icu_datetime[a89e5169bb62ebbc]::provider::time_zones::TimezoneNamesStandardLongV1>>::load",134,0.022252704367840524,,
"<icu_datetime[a89e5169bb62ebbc]::provider::compat::CompatProvider<&icu_provider[cb9726a465308544]::buf::serde::DeserializingBufferProvider<icu_provider_blob[7aedd55e3b0a236f]::blob_data_provider::BlobDataProvider>, &&icu_provider_blob[7aedd55e3b0a236f]::blob_data_provider::BlobDataProvider> as icu_provider[cb9726a465308544]::data_provider::DataProvider<icu_datetime[a89e5169bb62ebbc]::provider::semantic_skeletons::DatetimePatternsTimeV1>>::load",134,0.022252704367840524,,
"<icu_datetime[a89e5169bb62ebbc]::provider::compat::CompatProvider<&icu_provider[cb9726a465308544]::buf::serde::DeserializingBufferProvider<icu_provider_blob[7aedd55e3b0a236f]::blob_data_provider::BlobDataProvider>, &&icu_provider_blob[7aedd55e3b0a236f]::blob_data_provider::BlobDataProvider> as icu_provider[cb9726a465308544]::data_provider::DataProvider<icu_datetime[a89e5169bb62ebbc]::provider::semantic_skeletons::DatetimePatternsDateGregorianV1>>::load",134,0.022252704367840524,,
<alloc[508e33bd5656020b]::collections::vec_deque::VecDeque<u8> as zerotrie[c520be459a73f88a]::builder::nonconst::store::TrieBuilderStore>::atbs_to_bytes,133,0.022086639409871565,,
<&zerovec[bebf1a62a3c1fad0]::varzerovec::slice::VarZeroSlice<[u8]> as serde_core[a2f16ecbf4bfe085]::de::Deserialize>::deserialize::<&mut postcard[4ec100a46e8476d3]::de::deserializer::Deserializer<postcard[4ec100a46e8476d3]::de::flavors::Slice>>,133,0.022086639409871565,,
"<&zerovec[bebf1a62a3c1fad0]::varzerovec::slice::VarZeroSlice<[u8], zerovec[bebf1a62a3c1fad0]::varzerovec::components::Index32> as serde_core[a2f16ecbf4bfe085]::de::Deserialize>::deserialize::<&mut postcard[4ec100a46e8476d3]::de::deserializer::Deserializer<postcard[4ec100a46e8476d3]::de::flavors::Slice>>",133,0.022086639409871565,,
<icu_pattern[44006f5ff0e3d39e]::single::SinglePlaceholder as icu_pattern[44006f5ff0e3d39e]::common::PatternBackend>::validate_store,132,0.021920574451902607,,
<core[ed718c3d60ebd546]::iter::adapters::flatten::Flatten<core[ed718c3d60ebd546]::option::IntoIter<zerovec[bebf1a62a3c1fad0]::zerovec::slice::ZeroSliceIter<icu_datetime[a89e5169bb62ebbc]::provider::pattern::item::PatternItem>>> as core[ed718c3d60ebd546]::iter::traits::iterator::Iterator>::next,132,0.021920574451902607,,
custom section 'target_features',132,0.021920574451902607,,
<str>::get::<core[ed718c3d60ebd546]::ops::range::Range<usize>>,129,0.02142237957799573,,
<icu_locale_core[80ffd7f212f7bd21]::extensions::ExtensionType>::try_from_byte,129,0.02142237957799573,,
<str>::get::<core[ed718c3d60ebd546]::ops::range::Range<usize>>[1],129,0.02142237957799573,,
"<alloc[508e33bd5656020b]::vec::Vec<(icu_locale_core[80ffd7f212f7bd21]::extensions::unicode::key::Key, icu_locale_core[80ffd7f212f7bd21]::extensions::unicode::value::Value)>>::insert",129,0.02142237957799573,,
<alloc[508e33bd5656020b]::vec::Vec<icu_locale_core[80ffd7f212f7bd21]::extensions::other::Other>>::insert,129,0.02142237957799573,,
"<icu_locale_core[80ffd7f212f7bd21]::extensions::private::Private>::for_each_subtag_str::<core[ed718c3d60ebd546]::fmt::Error, <icu_locale_core[80ffd7f212f7bd21]::data::DataLocale as writeable[b3b2ab86242271a5]::Writeable>::write_to<zerotrie[c520be459a73f88a]::cursor::ZeroTrieSimpleAsciiCursor>::{closure#0}>",129,0.02142237957799573,,
<postcard[4ec100a46e8476d3]::de::deserializer::SeqAccess<postcard[4ec100a46e8476d3]::de::flavors::Slice> as serde_core[a2f16ecbf4bfe085]::de::SeqAccess>::next_element::<&zerovec[bebf1a62a3c1fad0]::zerovec::slice::ZeroSlice<icu_provider[cb9726a465308544]::marker_full::DataMarkerIdHash>>,129,0.02142237957799573,,
"<postcard[4ec100a46e8476d3]::de::deserializer::SeqAccess<postcard[4ec100a46e8476d3]::de::flavors::Slice> as serde_core[a2f16ecbf4bfe085]::de::SeqAccess>::next_element::<&zerovec[bebf1a62a3c1fad0]::varzerovec::slice::VarZeroSlice<[u8], zerovec[bebf1a62a3c1fad0]::varzerovec::components::Index32>>",129,0.02142237957799573,,
"<alloc[508e33bd5656020b]::collections::btree::navigate::LazyLeafRange<alloc[508e33bd5656020b]::collections::btree::node::marker::Dying, alloc[508e33bd5656020b]::vec::Vec<u8>, zerotrie[c520be459a73f88a]::byte_phf::PerfectByteHashMap<alloc[508e33bd5656020b]::vec::Vec<u8>>>>::take_front",129,0.02142237957799573,,
"<icu_pattern[44006f5ff0e3d39e]::frontend::WriteablePattern<icu_pattern[44006f5ff0e3d39e]::single::SinglePlaceholder, [fixed_decimal[f190755009246613]::variations::Signed<fixed_decimal[f190755009246613]::decimal::UnsignedDecimal>; 1usize]> as writeable[b3b2ab86242271a5]::try_writeable::TryWriteable>::try_write_to_parts::<writeable[b3b2ab86242271a5]::parts_write_adapter::CoreWriteAsPartsWrite<&mut writeable[b3b2ab86242271a5]::parts_write_adapter::CoreWriteAsPartsWrite<&mut alloc[508e33bd5656020b]::string::String>>>",128,0.021256314620026768,,
"<icu_pattern[44006f5ff0e3d39e]::frontend::WriteablePattern<icu_pattern[44006f5ff0e3d39e]::single::SinglePlaceholder, [icu_decimal[22a00049869067f7]::decimal_formatter::FormattedDecimal; 1usize]> as writeable[b3b2ab86242271a5]::try_writeable::TryWriteable>::try_write_to_parts::<writeable[b3b2ab86242271a5]::parts_write_adapter::CoreWriteAsPartsWrite<&mut writeable[b3b2ab86242271a5]::parts_write_adapter::CoreWriteAsPartsWrite<&mut alloc[508e33bd5656020b]::string::String>>>",128,0.021256314620026768,,
"<alloc[508e33bd5656020b]::collections::btree::node::NodeRef<alloc[508e33bd5656020b]::collections::btree::node::marker::Mut, alloc[508e33bd5656020b]::vec::Vec<u8>, zerotrie[c520be459a73f88a]::byte_phf::PerfectByteHashMap<alloc[508e33bd5656020b]::vec::Vec<u8>>, alloc[508e33bd5656020b]::collections::btree::node::marker::Leaf>>::push_with_handle",128,0.021256314620026768,,
<icu_locale_core[80ffd7f212f7bd21]::subtags::Subtag>::try_from_raw,127,0.02109024966205781,,
"<icu_datetime[a89e5169bb62ebbc]::provider::compat::CompatProvider<&icu_provider[cb9726a465308544]::buf::serde::DeserializingBufferProvider<icu_provider_blob[7aedd55e3b0a236f]::blob_data_provider::BlobDataProvider>, &&icu_provider_blob[7aedd55e3b0a236f]::blob_data_provider::BlobDataProvider> as icu_provider[cb9726a465308544]::data_provider::DataProvider<icu_datetime[a89e5169bb62ebbc]::provider::semantic_skeletons::DatetimePatternsGlueV1>>::load",127,0.02109024966205781,,
"<icu_datetime[a89e5169bb62ebbc]::provider::compat::CompatProvider<&icu_provider[cb9726a465308544]::buf::serde::DeserializingBufferProvider<icu_provider_blob[7aedd55e3b0a236f]::blob_data_provider::BlobDataProvider>, &&icu_provider_blob[7aedd55e3b0a236f]::blob_data_provider::BlobDataProvider> as icu_provider[cb9726a465308544]::data_provider::DataProvider<icu_datetime[a89e5169bb62ebbc]::provider::time_zones::TimezoneNamesCitiesRootV1>>::load",127,0.02109024966205781,,
"<icu_datetime[a89e5169bb62ebbc]::provider::compat::CompatProvider<&icu_provider[cb9726a465308544]::buf::serde::DeserializingBufferProvider<icu_provider_blob[7aedd55e3b0a236f]::blob_data_provider::BlobDataProvider>, &&icu_provider_blob[7aedd55e3b0a236f]::blob_data_provider::BlobDataProvider> as icu_provider[cb9726a465308544]::data_provider::DataProvider<icu_datetime[a89e5169bb62ebbc]::provider::time_zones::TimezoneNamesSpecificLongV1>>::load",127,0.02109024966205781,,
"<icu_datetime[a89e5169bb62ebbc]::provider::compat::CompatProvider<&icu_provider[cb9726a465308544]::buf::serde::DeserializingBufferProvider<icu_provider_blob[7aedd55e3b0a236f]::blob_data_provider::BlobDataProvider>, &&icu_provider_blob[7aedd55e3b0a236f]::blob_data_provider::BlobDataProvider> as icu_provider[cb9726a465308544]::data_provider::DataProvider<icu_datetime[a89e5169bb62ebbc]::provider::time_zones::TimezoneNamesLocationsRootV1>>::load",127,0.02109024966205781,,
"<icu_datetime[a89e5169bb62ebbc]::provider::compat::CompatProvider<&icu_provider[cb9726a465308544]::buf::serde::DeserializingBufferProvider<icu_provider_blob[7aedd55e3b0a236f]::blob_data_provider::BlobDataProvider>, &&icu_provider_blob[7aedd55e3b0a236f]::blob_data_provider::BlobDataProvider> as icu_provider[cb9726a465308544]::data_provider::DataProvider<icu_datetime[a89e5169bb62ebbc]::provider::time_zones::TimezoneNamesSpecificShortV1>>::load",127,0.02109024966205781,,
"<icu_datetime[a89e5169bb62ebbc]::provider::compat::CompatProvider<&icu_provider[cb9726a465308544]::buf::serde::DeserializingBufferProvider<icu_provider_blob[7aedd55e3b0a236f]::blob_data_provider::BlobDataProvider>, &&icu_provider_blob[7aedd55e3b0a236f]::blob_data_provider::BlobDataProvider> as icu_provider[cb9726a465308544]::data_provider::DataProvider<icu_datetime[a89e5169bb62ebbc]::provider::time_zones::TimezoneNamesCitiesOverrideV1>>::load",127,0.02109024966205781,,
"<icu_datetime[a89e5169bb62ebbc]::provider::compat::CompatProvider<&icu_provider[cb9726a465308544]::buf::serde::DeserializingBufferProvider<icu_provider_blob[7aedd55e3b0a236f]::blob_data_provider::BlobDataProvider>, &&icu_provider_blob[7aedd55e3b0a236f]::blob_data_provider::BlobDataProvider> as icu_provider[cb9726a465308544]::data_provider::DataProvider<icu_datetime[a89e5169bb62ebbc]::provider::time_zones::TimezoneNamesLocationsOverrideV1>>::load",127,0.02109024966205781,,
"<icu_datetime[a89e5169bb62ebbc]::provider::compat::CompatProvider<&icu_provider[cb9726a465308544]::buf::serde::DeserializingBufferProvider<icu_provider_blob[7aedd55e3b0a236f]::blob_data_provider::BlobDataProvider>, &&icu_provider_blob[7aedd55e3b0a236f]::blob_data_provider::BlobDataProvider> as icu_provider[cb9726a465308544]::data_provider::DataProvider<icu_datetime[a89e5169bb62ebbc]::provider::names::DatetimeNamesWeekdayV1>>::load",127,0.02109024966205781,,
"<icu_datetime[a89e5169bb62ebbc]::provider::compat::CompatProvider<&icu_provider[cb9726a465308544]::buf::serde::DeserializingBufferProvider<icu_provider_blob[7aedd55e3b0a236f]::blob_data_provider::BlobDataProvider>, &&icu_provider_blob[7aedd55e3b0a236f]::blob_data_provider::BlobDataProvider> as icu_provider[cb9726a465308544]::data_provider::DataProvider<icu_datetime[a89e5169bb62ebbc]::provider::names::DatetimeNamesDayperiodV1>>::load",127,0.02109024966205781,,
"<zerovec[bebf1a62a3c1fad0]::varzerovec::lengthless::VarZeroLengthlessSlice<[u8], zerovec[bebf1a62a3c1fad0]::varzerovec::components::Index16>>::get_unchecked",126,0.02092418470408885,,
<icu_locale_core[80ffd7f212f7bd21]::preferences::locale::LocalePreferences>::to_data_locale_language_priority,126,0.02092418470408885,,
<icu_datetime[a89e5169bb62ebbc]::provider::fields::symbols::Hour>::from_prefs,126,0.02092418470408885,,
<icu_locale_core[80ffd7f212f7bd21]::preferences::extensions::unicode::keywords::numbering_system::NumberingSystem as icu_locale_core[80ffd7f212f7bd21]::preferences::PreferenceKey>::try_from_key_value,126,0.02092418470408885,,
<icu_locale_core[80ffd7f212f7bd21]::shortvec::ShortBoxSlice<icu_locale_core[80ffd7f212f7bd21]::subtags::Subtag> as core[ed718c3d60ebd546]::cmp::PartialEq>::eq,125,0.020758119746119894,,
"<alloc[508e33bd5656020b]::vec::Vec<icu_locale_core[80ffd7f212f7bd21]::extensions::private::other::Subtag>>::extend_desugared::<core[ed718c3d60ebd546]::iter::adapters::GenericShunt<core[ed718c3d60ebd546]::iter::adapters::map::Map<&mut icu_locale_core[80ffd7f212f7bd21]::parser::SubtagIterator, <icu_locale_core[80ffd7f212f7bd21]::extensions::private::other::Subtag>::try_from_utf8>, core[ed718c3d60ebd546]::result::Result<core[ed718c3d60ebd546]::convert::Infallible, icu_locale_core[80ffd7f212f7bd21]::parser::errors::ParseError>>>",125,0.020758119746119894,,
core[ed718c3d60ebd546]::unicode::unicode_data::white_space::lookup,125,0.020758119746119894,,
"<core[ed718c3d60ebd546]::iter::adapters::map::Map<core[ed718c3d60ebd546]::slice::iter::Iter<(&str, usize)>, <zerotrie[c520be459a73f88a]::builder::nonconst::builder::ZeroTrieBuilder<alloc[508e33bd5656020b]::collections::vec_deque::VecDeque<u8>>>::from_bytes_iter<&str, core[ed718c3d60ebd546]::iter::adapters::map::Map<core[ed718c3d60ebd546]::iter::adapters::enumerate::Enumerate<core[ed718c3d60ebd546]::iter::adapters::map::Map<core[ed718c3d60ebd546]::ops::range::Range<usize>, <zerovec[bebf1a62a3c1fad0]::map2d::map::ZeroMap2d<icu_time[fb65173487e4cb3a]::zone::TimeZone, icu_time[fb65173487e4cb3a]::zone::zone_name_timestamp::ZoneNameTimestamp, zerovec[bebf1a62a3c1fad0]::ule::niche::NichedOption<core[ed718c3d60ebd546]::num::nonzero::NonZero<u8>, 1usize>>>::iter0::{closure#0}>>, icu_datetime[a89e5169bb62ebbc]::provider::time_zones::legacy::metazone_timezone_compat<&&icu_provider_blob[7aedd55e3b0a236f]::blob_data_provider::BlobDataProvider>::{closure#0}>>::{closure#0}> as core[ed718c3d60ebd546]::iter::traits::iterator::Iterator>::fold::<(), core[ed718c3d60ebd546]::iter::traits::iterator::Iterator::for_each::call<(&[u8], usize), <alloc[508e33bd5656020b]::vec::Vec<(&[u8], usize)>>::extend_trusted<core[ed718c3d60ebd546]::iter::adapters::map::Map<core[ed718c3d60ebd546]::slice::iter::Iter<(&str, usize)>, <zerotrie[c520be459a73f88a]::builder::nonconst::builder::ZeroTrieBuilder<alloc[508e33bd5656020b]::collections::vec_deque::VecDeque<u8>>>::from_bytes_iter<&str, core[ed718c3d60ebd546]::iter::adapters::map::Map<core[ed718c3d60ebd546]::iter::adapters::enumerate::Enumerate<core[ed718c3d60ebd546]::iter::adapters::map::Map<core[ed718c3d60ebd546]::ops::range::Range<usize>, <zerovec[bebf1a62a3c1fad0]::map2d::map::ZeroMap2d<icu_time[fb65173487e4cb3a]::zone::TimeZone, icu_time[fb65173487e4cb3a]::zone::zone_name_timestamp::ZoneNameTimestamp, zerovec[bebf1a62a3c1fad0]::ule::niche::NichedOption<core[ed718c3d60ebd546]::num::nonzero::NonZero<u8>, 1usize>>>::iter0::{closure#0}>>, icu_datetime[a89e5169bb62ebbc]::provider::time_zones::legacy::metazone_timezone_compat<&&icu_provider_blob[7aedd55e3b0a236f]::blob_data_provider::BlobDataProvider>::{closure#0}>>::{closure#0}>>::{closure#0}>::{closure#0}>",124,0.020592054788150932,,
<icu_plurals[993a8e0f08d05f11]::provider::PluralCategoryAndMetadataPackedULE as zerovec[bebf1a62a3c1fad0]::ule::ULE>::validate_bytes,124,0.020592054788150932,,
<&icu_pattern[44006f5ff0e3d39e]::frontend::Pattern<icu_pattern[44006f5ff0e3d39e]::double::DoublePlaceholder> as serde_core[a2f16ecbf4bfe085]::de::Deserialize>::deserialize::<&mut postcard[4ec100a46e8476d3]::de::deserializer::Deserializer<postcard[4ec100a46e8476d3]::de::flavors::Slice>>,124,0.020592054788150932,,
<&icu_pattern[44006f5ff0e3d39e]::frontend::Pattern<icu_pattern[44006f5ff0e3d39e]::single::SinglePlaceholder> as serde_core[a2f16ecbf4bfe085]::de::Deserialize>::deserialize::<&mut postcard[4ec100a46e8476d3]::de::deserializer::Deserializer<postcard[4ec100a46e8476d3]::de::flavors::Slice>>,124,0.020592054788150932,,
<icu_locale_core[80ffd7f212f7bd21]::extensions::unicode::subdivision::SubdivisionId>::try_from_utf8,124,0.020592054788150932,,
<alloc[508e33bd5656020b]::raw_vec::RawVecInner>::deallocate,123,0.020425989830181974,,
mf2dt[cf7edd48dfb2ab59]::days_from_civil,122,0.020259924872213016,,
zerotrie[c520be459a73f88a]::reader::take_value,122,0.020259924872213016,,
"<zerovec[bebf1a62a3c1fad0]::varzerovec::vec::VarZeroVec<zerovec[bebf1a62a3c1fad0]::ule::vartuple::VarTupleULE<(u8, zerovec[bebf1a62a3c1fad0]::ule::niche::NichedOption<core[ed718c3d60ebd546]::num::nonzero::NonZero<u8>, 1usize>), zerovec[bebf1a62a3c1fad0]::zerovec::slice::ZeroSlice<(icu_time[fb65173487e4cb3a]::provider::Timestamp24, u8, zerovec[bebf1a62a3c1fad0]::ule::niche::NichedOption<core[ed718c3d60ebd546]::num::nonzero::NonZero<u8>, 1usize>)>>>>::parse_bytes",122,0.020259924872213016,,
"<zerovec[bebf1a62a3c1fad0]::varzerovec::vec::VarZeroVec<zerovec[bebf1a62a3c1fad0]::ule::vartuple::VarTupleULE<i8, icu_pattern[44006f5ff0e3d39e]::frontend::Pattern<icu_pattern[44006f5ff0e3d39e]::single::SinglePlaceholder>>>>::parse_bytes",122,0.020259924872213016,,
<zerovec[bebf1a62a3c1fad0]::varzerovec::vec::VarZeroVec<str>>::parse_bytes,122,0.020259924872213016,,
<postcard[4ec100a46e8476d3]::de::deserializer::SeqAccess<postcard[4ec100a46e8476d3]::de::flavors::Slice> as serde_core[a2f16ecbf4bfe085]::de::SeqAccess>::next_element::<u32>,122,0.020259924872213016,,
<postcard[4ec100a46e8476d3]::de::deserializer::SeqAccess<postcard[4ec100a46e8476d3]::de::flavors::Slice> as serde_core[a2f16ecbf4bfe085]::de::SeqAccess>::next_element::<char>,121,0.020093859914244054,,
<icu_locale_core[80ffd7f212f7bd21]::extensions::unicode::value::Value as core[ed718c3d60ebd546]::clone::Clone>::clone,121,0.020093859914244054,,
"<zerovec[bebf1a62a3c1fad0]::ule::vartuple::VarTupleULE<i8, icu_pattern[44006f5ff0e3d39e]::frontend::Pattern<icu_pattern[44006f5ff0e3d39e]::single::SinglePlaceholder>> as zerovec[bebf1a62a3c1fad0]::ule::VarULE>::validate_bytes",121,0.020093859914244054,,
zerotrie[c520be459a73f88a]::builder::nonconst::builder::cmp_keys_values,120,0.019927794956275096,,
<alloc[508e33bd5656020b]::vec::Vec<icu_locale_core[80ffd7f212f7bd21]::subtags::variant::Variant>>::insert,119,0.019761729998306138,,
"<zerovec[bebf1a62a3c1fad0]::ule::niche::NichedOptionULE<core[ed718c3d60ebd546]::num::nonzero::NonZero<u8>, 1usize> as zerovec[bebf1a62a3c1fad0]::ule::ULE>::validate_bytes",119,0.019761729998306138,,
"<zerovec[bebf1a62a3c1fad0]::map2d::cursor::ZeroMap2dCursor<icu_time[fb65173487e4cb3a]::zone::TimeZone, icu_time[fb65173487e4cb3a]::zone::zone_name_timestamp::ZoneNameTimestamp, zerovec[bebf1a62a3c1fad0]::ule::niche::NichedOption<core[ed718c3d60ebd546]::num::nonzero::NonZero<u8>, 1usize>>>::get_range",119,0.019761729998306138,,
<alloc[508e33bd5656020b]::vec::Vec<u8>>::extend_with,118,0.01959566504033718,,
<alloc[508e33bd5656020b]::vec::Vec<bool>>::extend_with,118,0.01959566504033718,,
"<core[ed718c3d60ebd546]::iter::adapters::map::Map<core[ed718c3d60ebd546]::slice::iter::Iter<u8>, zerotrie[c520be459a73f88a]::builder::nonconst::builder::cmp_keys_values::{closure#0}> as core[ed718c3d60ebd546]::iter::traits::iterator::Iterator>::cmp_by::<core[ed718c3d60ebd546]::iter::adapters::map::Map<core[ed718c3d60ebd546]::slice::iter::Iter<u8>, zerotrie[c520be459a73f88a]::builder::nonconst::builder::cmp_keys_values::{closure#1}>, <core[ed718c3d60ebd546]::iter::adapters::map::Map<core[ed718c3d60ebd546]::slice::iter::Iter<u8>, zerotrie[c520be459a73f88a]::builder::nonconst::builder::cmp_keys_values::{closure#0}> as core[ed718c3d60ebd546]::iter::traits::iterator::Iterator>::cmp<core[ed718c3d60ebd546]::iter::adapters::map::Map<core[ed718c3d60ebd546]::slice::iter::Iter<u8>, zerotrie[c520be459a73f88a]::builder::nonconst::builder::cmp_keys_values::{closure#1}>>::{closure#0}>",118,0.01959566504033718,,
zerotrie[c520be459a73f88a]::varint::try_read_varint_meta3_from_tstore::<alloc[508e33bd5656020b]::collections::vec_deque::VecDeque<u8>>,117,0.019429600082368218,,
"<core[ed718c3d60ebd546]::iter::adapters::map::Map<core[ed718c3d60ebd546]::ops::range::Range<usize>, zerotrie[c520be459a73f88a]::byte_phf::builder::find::{closure#0}> as core[ed718c3d60ebd546]::iter::traits::iterator::Iterator>::fold::<(), core[ed718c3d60ebd546]::iter::traits::iterator::Iterator::for_each::call<(usize, alloc[508e33bd5656020b]::vec::Vec<u8>), <alloc[508e33bd5656020b]::vec::Vec<(usize, alloc[508e33bd5656020b]::vec::Vec<u8>)>>::extend_trusted<core[ed718c3d60ebd546]::iter::adapters::map::Map<core[ed718c3d60ebd546]::ops::range::Range<usize>, zerotrie[c520be459a73f88a]::byte_phf::builder::find::{closure#0}>>::{closure#0}>::{closure#0}>",117,0.019429600082368218,,
<icu_datetime[a89e5169bb62ebbc]::fieldsets::builder::FieldSetBuilder>::check_options_consumed,117,0.019429600082368218,,
<u8 as core[ed718c3d60ebd546]::fmt::UpperHex>::fmt,116,0.01926353512439926,,
<u8 as core[ed718c3d60ebd546]::fmt::LowerHex>::fmt,116,0.01926353512439926,,
<icu_datetime[a89e5169bb62ebbc]::provider::semantic_skeletons::GluePattern as serde_core[a2f16ecbf4bfe085]::de::Deserialize>::deserialize::<&mut postcard[4ec100a46e8476d3]::de::deserializer::Deserializer<postcard[4ec100a46e8476d3]::de::flavors::Slice>>,116,0.01926353512439926,,
zerotrie[c520be459a73f88a]::varint::read_varint_meta3,115,0.0190974701664303,,
zerotrie[c520be459a73f88a]::varint::read_varint_meta2,115,0.0190974701664303,,
<alloc[508e33bd5656020b]::collections::vec_deque::VecDeque<u8>>::slice_ranges::<core[ed718c3d60ebd546]::ops::range::RangeFull>,115,0.0190974701664303,,
<icu_locale_core[80ffd7f212f7bd21]::extensions::private::other::Subtag>::try_from_utf8,114,0.018931405208461344,,
<icu_locale_core[80ffd7f212f7bd21]::subtags::Subtag>::try_from_utf8,114,0.018931405208461344,,
<icu_locale_core[80ffd7f212f7bd21]::extensions::unicode::attribute::Attribute>::try_from_utf8,114,0.018931405208461344,,
"<zerovec[bebf1a62a3c1fad0]::cow::VarZeroCow<zerovec[bebf1a62a3c1fad0]::ule::tuplevar::Tuple2VarULE<zerovec[bebf1a62a3c1fad0]::varzerovec::slice::VarZeroSlice<potential_utf[a470693f0fde25c8]::ustr::PotentialUtf8>, zerovec[bebf1a62a3c1fad0]::varzerovec::slice::VarZeroSlice<str>>>>::parse_bytes",114,0.018931405208461344,,
<zerovec[bebf1a62a3c1fad0]::cow::VarZeroCow<icu_decimal[22a00049869067f7]::provider::DecimalSymbolsStrs>>::parse_bytes,114,0.018931405208461344,,
icu_datetime[a89e5169bb62ebbc]::format::numeric_override::format::<writeable[b3b2ab86242271a5]::parts_write_adapter::CoreWriteAsPartsWrite<&mut alloc[508e33bd5656020b]::string::String>>,114,0.018931405208461344,,
custom section 'producers',114,0.018931405208461344,,
<tinystr[b223bb85873903b1]::ascii::TinyAsciiStr<4usize>>::to_ascii_lowercase,113,0.018765340250492382,,
<tinystr[b223bb85873903b1]::ascii::TinyAsciiStr<2usize>>::to_ascii_lowercase,113,0.018765340250492382,,
"<zerovec[bebf1a62a3c1fad0]::varzerovec::components::VarZeroVecComponents<str, zerovec[bebf1a62a3c1fad0]::varzerovec::components::Index16>>::get_unchecked",113,0.018765340250492382,,
"<alloc[508e33bd5656020b]::collections::btree::node::Handle<alloc[508e33bd5656020b]::collections::btree::node::NodeRef<alloc[508e33bd5656020b]::collections::btree::node::marker::Dying, alloc[508e33bd5656020b]::vec::Vec<u8>, zerotrie[c520be459a73f88a]::byte_phf::PerfectByteHashMap<alloc[508e33bd5656020b]::vec::Vec<u8>>, alloc[508e33bd5656020b]::collections::btree::node::marker::Leaf>, alloc[508e33bd5656020b]::collections::btree::node::marker::Edge>>::deallocating_next_unchecked::<alloc[508e33bd5656020b]::alloc::Global>",113,0.018765340250492382,,
<str as zerovec[bebf1a62a3c1fad0]::ule::VarULE>::parse_bytes,112,0.018599275292523424,,
<smallvec[a949934cda03ae4d]::SmallVec<[u8; 8usize]>>::reserve_one_unchecked,112,0.018599275292523424,,
<icu_datetime[a89e5169bb62ebbc]::provider::pattern::item::PatternItem as zerovec[bebf1a62a3c1fad0]::ule::AsULE>::to_unaligned,111,0.018433210334554466,,
<icu_locale_core[80ffd7f212f7bd21]::parser::SubtagIterator as core[ed718c3d60ebd546]::iter::traits::iterator::Iterator>::next,111,0.018433210334554466,,
elem[0],110,0.018267145376585504,,
<icu_datetime[a89e5169bb62ebbc]::pattern::names::MonthNameLength>::from_field,110,0.018267145376585504,,
<usize as core[ed718c3d60ebd546]::fmt::LowerHex>::fmt,109,0.018101080418616546,,
<usize as core[ed718c3d60ebd546]::fmt::UpperHex>::fmt,109,0.018101080418616546,,
"<alloc[508e33bd5656020b]::collections::btree::navigate::LazyLeafRange<alloc[508e33bd5656020b]::collections::btree::node::marker::Dying, alloc[508e33bd5656020b]::vec::Vec<u8>, zerotrie[c520be459a73f88a]::byte_phf::PerfectByteHashMap<alloc[508e33bd5656020b]::vec::Vec<u8>>>>::init_front",109,0.018101080418616546,,
"<zerovec[bebf1a62a3c1fad0]::ule::vartuple::VarTupleULE<(u8, zerovec[bebf1a62a3c1fad0]::ule::niche::NichedOption<core[ed718c3d60ebd546]::num::nonzero::NonZero<u8>, 1usize>), zerovec[bebf1a62a3c1fad0]::zerovec::slice::ZeroSlice<(icu_time[fb65173487e4cb3a]::provider::Timestamp24, u8, zerovec[bebf1a62a3c1fad0]::ule::niche::NichedOption<core[ed718c3d60ebd546]::num::nonzero::NonZero<u8>, 1usize>)>> as zerovec[bebf1a62a3c1fad0]::ule::VarULE>::parse_bytes",109,0.018101080418616546,,
"<zerovec[bebf1a62a3c1fad0]::ule::vartuple::VarTupleULE<i8, icu_pattern[44006f5ff0e3d39e]::frontend::Pattern<icu_pattern[44006f5ff0e3d39e]::single::SinglePlaceholder>> as zerovec[bebf1a62a3c1fad0]::ule::VarULE>::parse_bytes",109,0.018101080418616546,,
"<zerovec[bebf1a62a3c1fad0]::ule::tuplevar::Tuple2VarULE<zerovec[bebf1a62a3c1fad0]::varzerovec::slice::VarZeroSlice<potential_utf[a470693f0fde25c8]::ustr::PotentialUtf8>, zerovec[bebf1a62a3c1fad0]::varzerovec::slice::VarZeroSlice<str>> as zerovec[bebf1a62a3c1fad0]::ule::VarULE>::parse_bytes",109,0.018101080418616546,,
<tinystr[b223bb85873903b1]::ascii::TinyAsciiStr<8usize>>::is_ascii_alphanumeric,109,0.018101080418616546,,
"<alloc[508e33bd5656020b]::collections::btree::node::Handle<alloc[508e33bd5656020b]::collections::btree::node::NodeRef<alloc[508e33bd5656020b]::collections::btree::node::marker::Dying, alloc[508e33bd5656020b]::vec::Vec<u8>, zerotrie[c520be459a73f88a]::byte_phf::PerfectByteHashMap<alloc[508e33bd5656020b]::vec::Vec<u8>>, alloc[508e33bd5656020b]::collections::btree::node::marker::LeafOrInternal>, alloc[508e33bd5656020b]::collections::btree::node::marker::KV>>::next_leaf_edge",108,0.017935015460647588,,
"core[ed718c3d60ebd546]::iter::adapters::try_process::<core[ed718c3d60ebd546]::iter::adapters::map::Map<&mut icu_locale_core[80ffd7f212f7bd21]::parser::SubtagIterator, <icu_locale_core[80ffd7f212f7bd21]::extensions::private::other::Subtag>::try_from_utf8>, icu_locale_core[80ffd7f212f7bd21]::extensions::private::other::Subtag, core[ed718c3d60ebd546]::result::Result<core[ed718c3d60ebd546]::convert::Infallible, icu_locale_core[80ffd7f212f7bd21]::parser::errors::ParseError>, <core[ed718c3d60ebd546]::result::Result<icu_locale_core[80ffd7f212f7bd21]::shortvec::ShortBoxSlice<icu_locale_core[80ffd7f212f7bd21]::extensions::private::other::Subtag>, icu_locale_core[80ffd7f212f7bd21]::parser::errors::ParseError> as core[ed718c3d60ebd546]::iter::traits::collect::FromIterator<core[ed718c3d60ebd546]::result::Result<icu_locale_core[80ffd7f212f7bd21]::extensions::private::other::Subtag, icu_locale_core[80ffd7f212f7bd21]::parser::errors::ParseError>>>::from_iter<core[ed718c3d60ebd546]::iter::adapters::map::Map<&mut icu_locale_core[80ffd7f212f7bd21]::parser::SubtagIterator, <icu_locale_core[80ffd7f212f7bd21]::extensions::private::other::Subtag>::try_from_utf8>>::{closure#0}, icu_locale_core[80ffd7f212f7bd21]::shortvec::ShortBoxSlice<icu_locale_core[80ffd7f212f7bd21]::extensions::private::other::Subtag>>",108,0.017935015460647588,,
"<zerovec[bebf1a62a3c1fad0]::map2d::cursor::ZeroMap2dCursor<icu_time[fb65173487e4cb3a]::zone::TimeZone, icu_time[fb65173487e4cb3a]::zone::zone_name_timestamp::ZoneNameTimestamp, zerovec[bebf1a62a3c1fad0]::ule::niche::NichedOption<core[ed718c3d60ebd546]::num::nonzero::NonZero<u8>, 1usize>>>::into_iter1_copied::{closure#0}",108,0.017935015460647588,,
mf2dt[cf7edd48dfb2ab59]::find::<mf2dt[cf7edd48dfb2ab59]::DateFields>,107,0.01776895050267863,,
mf2dt[cf7edd48dfb2ab59]::find::<mf2dt[cf7edd48dfb2ab59]::Length>,107,0.01776895050267863,,
<alloc[508e33bd5656020b]::raw_vec::RawVec<u8>>::grow_one,107,0.01776895050267863,,
<alloc[508e33bd5656020b]::vec::Vec<icu_locale_core[80ffd7f212f7bd21]::subtags::Subtag>>::into_boxed_slice,107,0.01776895050267863,,
"<alloc[508e33bd5656020b]::vec::Vec<(icu_locale_core[80ffd7f212f7bd21]::extensions::unicode::key::Key, icu_locale_core[80ffd7f212f7bd21]::extensions::unicode::value::Value)>>::into_boxed_slice",107,0.01776895050267863,,
<alloc[508e33bd5656020b]::vec::Vec<u8>>::into_boxed_slice,107,0.01776895050267863,,
"<zerovec[bebf1a62a3c1fad0]::ule::multi::MultiFieldsULE<7usize, zerovec[bebf1a62a3c1fad0]::varzerovec::components::Index8>>::validate_field::<str>",107,0.01776895050267863,,
"<alloc[508e33bd5656020b]::collections::btree::node::NodeRef<alloc[508e33bd5656020b]::collections::btree::node::marker::Owned, alloc[508e33bd5656020b]::vec::Vec<u8>, zerotrie[c520be459a73f88a]::byte_phf::PerfectByteHashMap<alloc[508e33bd5656020b]::vec::Vec<u8>>, alloc[508e33bd5656020b]::collections::btree::node::marker::Internal>>::new_internal::<alloc[508e33bd5656020b]::alloc::Global>",107,0.01776895050267863,,
<char>::is_assigned,107,0.01776895050267863,,
mf2dt[cf7edd48dfb2ab59]::find::<mf2dt[cf7edd48dfb2ab59]::ZoneStyle>,106,0.01760288554470967,,
zerotrie[c520be459a73f88a]::builder::slice_indices::prefix_eq_or_panic,106,0.01760288554470967,,
<icu_datetime[a89e5169bb62ebbc]::raw::neo::ZonePatternSelectionData>::new_with_skeleton,106,0.01760288554470967,,
<icu_provider[cb9726a465308544]::error::DataError>::with_req,106,0.01760288554470967,,
"<core[ed718c3d60ebd546]::iter::adapters::peekable::Peekable<core[ed718c3d60ebd546]::iter::adapters::chain::Chain<core[ed718c3d60ebd546]::option::IntoIter<icu_provider[cb9726a465308544]::request::DataIdentifierBorrowed>, core[ed718c3d60ebd546]::array::iter::IntoIter<icu_provider[cb9726a465308544]::request::DataIdentifierBorrowed, 1usize>>>>::peek",105,0.01743682058674071,,
"<alloc[508e33bd5656020b]::collections::btree::node::NodeRef<alloc[508e33bd5656020b]::collections::btree::node::marker::Mut, alloc[508e33bd5656020b]::vec::Vec<u8>, zerotrie[c520be459a73f88a]::byte_phf::PerfectByteHashMap<alloc[508e33bd5656020b]::vec::Vec<u8>>, alloc[508e33bd5656020b]::collections::btree::node::marker::Internal>>::correct_childrens_parent_links::<core[ed718c3d60ebd546]::ops::range::RangeInclusive<usize>>",105,0.01743682058674071,,
"<zerovec[bebf1a62a3c1fad0]::ule::multi::MultiFieldsULE<2usize, zerovec[bebf1a62a3c1fad0]::varzerovec::components::Index16> as zerovec[bebf1a62a3c1fad0]::ule::VarULE>::parse_bytes",105,0.01743682058674071,,
"<zerovec[bebf1a62a3c1fad0]::ule::multi::MultiFieldsULE<7usize, zerovec[bebf1a62a3c1fad0]::varzerovec::components::Index8> as zerovec[bebf1a62a3c1fad0]::ule::VarULE>::parse_bytes",105,0.01743682058674071,,
<core[ed718c3d60ebd546]::mem::alignment::Alignment as core[ed718c3d60ebd546]::fmt::Debug>::fmt,104,0.01727075562877175,,
<tinystr[b223bb85873903b1]::ascii::TinyAsciiStr<2usize>>::as_str,104,0.01727075562877175,,
"<alloc[508e33bd5656020b]::vec::Vec<(&str, usize)> as alloc[508e33bd5656020b]::vec::spec_from_iter_nested::SpecFromIterNested<(&str, usize), core[ed718c3d60ebd546]::iter::adapters::map::Map<core[ed718c3d60ebd546]::iter::adapters::enumerate::Enumerate<core[ed718c3d60ebd546]::iter::adapters::map::Map<core[ed718c3d60ebd546]::ops::range::Range<usize>, <zerovec[bebf1a62a3c1fad0]::map2d::map::ZeroMap2d<icu_time[fb65173487e4cb3a]::zone::TimeZone, icu_time[fb65173487e4cb3a]::zone::zone_name_timestamp::ZoneNameTimestamp, zerovec[bebf1a62a3c1fad0]::ule::niche::NichedOption<core[ed718c3d60ebd546]::num::nonzero::NonZero<u8>, 1usize>>>::iter0::{closure#0}>>, icu_datetime[a89e5169bb62ebbc]::provider::time_zones::legacy::metazone_timezone_compat<&&icu_provider_blob[7aedd55e3b0a236f]::blob_data_provider::BlobDataProvider>::{closure#0}>>>::from_iter",104,0.01727075562877175,,
"<alloc[508e33bd5656020b]::vec::Vec<zerovec[bebf1a62a3c1fad0]::ule::tuple::Tuple3ULE<zerovec[bebf1a62a3c1fad0]::ule::plain::RawBytesULE<3usize>, u8, zerovec[bebf1a62a3c1fad0]::ule::niche::NichedOptionULE<core[ed718c3d60ebd546]::num::nonzero::NonZero<u8>, 1usize>>> as alloc[508e33bd5656020b]::vec::spec_from_iter_nested::SpecFromIterNested<zerovec[bebf1a62a3c1fad0]::ule::tuple::Tuple3ULE<zerovec[bebf1a62a3c1fad0]::ule::plain::RawBytesULE<3usize>, u8, zerovec[bebf1a62a3c1fad0]::ule::niche::NichedOptionULE<core[ed718c3d60ebd546]::num::nonzero::NonZero<u8>, 1usize>>, core[ed718c3d60ebd546]::iter::adapters::map::Map<core[ed718c3d60ebd546]::iter::adapters::map::Map<core[ed718c3d60ebd546]::iter::adapters::map::Map<core[ed718c3d60ebd546]::ops::range::Range<usize>, <zerovec[bebf1a62a3c1fad0]::map2d::cursor::ZeroMap2dCursor<icu_time[fb65173487e4cb3a]::zone::TimeZone, icu_time[fb65173487e4cb3a]::zone::zone_name_timestamp::ZoneNameTimestamp, zerovec[bebf1a62a3c1fad0]::ule::niche::NichedOption<core[ed718c3d60ebd546]::num::nonzero::NonZero<u8>, 1usize>>>::into_iter1_copied::{closure#0}>, icu_datetime[a89e5169bb62ebbc]::provider::time_zones::legacy::metazone_timezone_compat<&&icu_provider_blob[7aedd55e3b0a236f]::blob_data_provider::BlobDataProvider>::{closure#1}>, <zerovec[bebf1a62a3c1fad0]::zerovec::ZeroVec<(icu_time[fb65173487e4cb3a]::provider::Timestamp24, u8, zerovec[bebf1a62a3c1fad0]::ule::niche::NichedOption<core[ed718c3d60ebd546]::num::nonzero::NonZero<u8>, 1usize>)> as core[ed718c3d60ebd546]::iter::traits::collect::FromIterator<(icu_time[fb65173487e4cb3a]::provider::Timestamp24, u8, zerovec[bebf1a62a3c1fad0]::ule::niche::NichedOption<core[ed718c3d60ebd546]::num::nonzero::NonZero<u8>, 1usize>)>>::from_iter<core[ed718c3d60ebd546]::iter::adapters::map::Map<core[ed718c3d60ebd546]::iter::adapters::map::Map<core[ed718c3d60ebd546]::ops::range::Range<usize>, <zerovec[bebf1a62a3c1fad0]::map2d::cursor::ZeroMap2dCursor<icu_time[fb65173487e4cb3a]::zone::TimeZone, icu_time[fb65173487e4cb3a]::zone::zone_name_timestamp::ZoneNameTimestamp, zerovec[bebf1a62a3c1fad0]::ule::niche::NichedOption<core[ed718c3d60ebd546]::num::nonzero::NonZero<u8>, 1usize>>>::into_iter1_copied::{closure#0}>, icu_datetime[a89e5169bb62ebbc]::provider::time_zones::legacy::metazone_timezone_compat<&&icu_provider_blob[7aedd55e3b0a236f]::blob_data_provider::BlobDataProvider>::{closure#1}>>::{closure#0}>>>::from_iter",104,0.01727075562877175,,
"<zerovec[bebf1a62a3c1fad0]::ule::vartuple::VarTupleULE<icu_plurals[993a8e0f08d05f11]::provider::PluralCategoryAndMetadata, zerovec[bebf1a62a3c1fad0]::zerovec::slice::ZeroSlice<icu_datetime[a89e5169bb62ebbc]::provider::pattern::item::PatternItem>> as zerovec[bebf1a62a3c1fad0]::ule::VarULE>::parse_bytes",104,0.01727075562877175,,
<&mut core[ed718c3d60ebd546]::iter::adapters::peekable::Peekable<core[ed718c3d60ebd546]::iter::adapters::rev::Rev<core[ed718c3d60ebd546]::ops::range::RangeInclusive<i16>>> as core[ed718c3d60ebd546]::iter::traits::iterator::Iterator>::next,104,0.01727075562877175,,
<u8 as <[_]>::to_vec_in::ConvertVec>::to_vec::<alloc[508e33bd5656020b]::alloc::Global>,104,0.01727075562877175,,
<icu_datetime[a89e5169bb62ebbc]::provider::fields::symbols::FieldSymbolULE>::validate_byte,104,0.01727075562877175,,
<zerovec[bebf1a62a3c1fad0]::varzerovec::slice::VarZeroSlice<icu_plurals[993a8e0f08d05f11]::provider::PluralElementsPackedULE<zerovec[bebf1a62a3c1fad0]::zerovec::slice::ZeroSlice<icu_datetime[a89e5169bb62ebbc]::provider::pattern::item::PatternItem>>> as zerovec[bebf1a62a3c1fad0]::ule::VarULE>::parse_bytes,103,0.01710469067080279,,
"<zerovec[bebf1a62a3c1fad0]::varzerovec::slice::VarZeroSlice<zerovec[bebf1a62a3c1fad0]::ule::vartuple::VarTupleULE<(u8, zerovec[bebf1a62a3c1fad0]::ule::niche::NichedOption<core[ed718c3d60ebd546]::num::nonzero::NonZero<u8>, 1usize>), zerovec[bebf1a62a3c1fad0]::zerovec::slice::ZeroSlice<(icu_time[fb65173487e4cb3a]::provider::Timestamp24, u8, zerovec[bebf1a62a3c1fad0]::ule::niche::NichedOption<core[ed718c3d60ebd546]::num::nonzero::NonZero<u8>, 1usize>)>>> as zerovec[bebf1a62a3c1fad0]::ule::VarULE>::parse_bytes",103,0.01710469067080279,,
"<zerovec[bebf1a62a3c1fad0]::varzerovec::slice::VarZeroSlice<zerovec[bebf1a62a3c1fad0]::ule::vartuple::VarTupleULE<i8, icu_pattern[44006f5ff0e3d39e]::frontend::Pattern<icu_pattern[44006f5ff0e3d39e]::single::SinglePlaceholder>>> as zerovec[bebf1a62a3c1fad0]::ule::VarULE>::parse_bytes",103,0.01710469067080279,,
<zerovec[bebf1a62a3c1fad0]::varzerovec::slice::VarZeroSlice<str> as zerovec[bebf1a62a3c1fad0]::ule::VarULE>::parse_bytes,103,0.01710469067080279,,
"<zerovec[bebf1a62a3c1fad0]::ule::niche::NichedOptionULE<core[ed718c3d60ebd546]::num::nonzero::NonZero<u8>, 1usize> as zerovec[bebf1a62a3c1fad0]::ule::ULE>::parse_bytes_to_slice",103,0.01710469067080279,,
<core[ed718c3d60ebd546]::num::nonzero::NonZero<u8> as zerovec[bebf1a62a3c1fad0]::ule::ULE>::parse_bytes_to_slice,103,0.01710469067080279,,
<icu_plurals[993a8e0f08d05f11]::provider::PluralElementsPackedULE<zerovec[bebf1a62a3c1fad0]::zerovec::slice::ZeroSlice<icu_datetime[a89e5169bb62ebbc]::provider::pattern::item::PatternItem>> as zerovec[bebf1a62a3c1fad0]::ule::VarULE>::parse_bytes,103,0.01710469067080279,,
<zerovec[bebf1a62a3c1fad0]::varzerovec::slice::VarZeroSlice<[u8]> as zerovec[bebf1a62a3c1fad0]::ule::VarULE>::parse_bytes,103,0.01710469067080279,,
"<zerovec[bebf1a62a3c1fad0]::varzerovec::slice::VarZeroSlice<[u8], zerovec[bebf1a62a3c1fad0]::varzerovec::components::Index32> as zerovec[bebf1a62a3c1fad0]::ule::VarULE>::parse_bytes",103,0.01710469067080279,,
"<zerovec[bebf1a62a3c1fad0]::map2d::cursor::ZeroMap2dCursor<icu_time[fb65173487e4cb3a]::zone::TimeZone, icu_time[fb65173487e4cb3a]::zone::zone_name_timestamp::ZoneNameTimestamp, zerovec[bebf1a62a3c1fad0]::ule::niche::NichedOption<core[ed718c3d60ebd546]::num::nonzero::NonZero<u8>, 1usize>>>::from_cow",103,0.01710469067080279,,
<alloc[508e33bd5656020b]::collections::vec_deque::VecDeque<u8>>::push_front_mut,102,0.016938625712833832,,
<icu_datetime[a89e5169bb62ebbc]::fieldsets::enums::DateFieldSet>::to_raw_options,102,0.016938625712833832,,
"<zerotrie[c520be459a73f88a]::builder::konst::store::ConstArrayBuilder<256usize, zerotrie[c520be459a73f88a]::builder::branch_meta::BranchMeta>>::const_push_front_or_panic",102,0.016938625712833832,,
<icu_locale_core[80ffd7f212f7bd21]::subtags::Subtag>::as_str,101,0.016772560754864874,,
<tinystr[b223bb85873903b1]::ascii::TinyAsciiStr<8usize>>::as_str,101,0.016772560754864874,,
"<zerovec[bebf1a62a3c1fad0]::varzerovec::serde::VarZeroVecVisitor<zerovec[bebf1a62a3c1fad0]::ule::vartuple::VarTupleULE<(u8, zerovec[bebf1a62a3c1fad0]::ule::niche::NichedOption<core[ed718c3d60ebd546]::num::nonzero::NonZero<u8>, 1usize>), zerovec[bebf1a62a3c1fad0]::zerovec::slice::ZeroSlice<(icu_time[fb65173487e4cb3a]::provider::Timestamp24, u8, zerovec[bebf1a62a3c1fad0]::ule::niche::NichedOption<core[ed718c3d60ebd546]::num::nonzero::NonZero<u8>, 1usize>)>>, zerovec[bebf1a62a3c1fad0]::varzerovec::components::Index16> as serde_core[a2f16ecbf4bfe085]::de::Visitor>::visit_borrowed_bytes::<postcard[4ec100a46e8476d3]::error::Error>",101,0.016772560754864874,,
"<zerovec[bebf1a62a3c1fad0]::varzerovec::serde::VarZeroVecVisitor<zerovec[bebf1a62a3c1fad0]::ule::vartuple::VarTupleULE<i8, icu_pattern[44006f5ff0e3d39e]::frontend::Pattern<icu_pattern[44006f5ff0e3d39e]::single::SinglePlaceholder>>, zerovec[bebf1a62a3c1fad0]::varzerovec::components::Index16> as serde_core[a2f16ecbf4bfe085]::de::Visitor>::visit_borrowed_bytes::<postcard[4ec100a46e8476d3]::error::Error>",101,0.016772560754864874,,
"<zerovec[bebf1a62a3c1fad0]::varzerovec::serde::VarZeroVecVisitor<str, zerovec[bebf1a62a3c1fad0]::varzerovec::components::Index16> as serde_core[a2f16ecbf4bfe085]::de::Visitor>::visit_borrowed_bytes::<postcard[4ec100a46e8476d3]::error::Error>",101,0.016772560754864874,,
"<zerovec[bebf1a62a3c1fad0]::zerovec::serde::ZeroVecVisitor<zerovec[bebf1a62a3c1fad0]::ule::niche::NichedOption<core[ed718c3d60ebd546]::num::nonzero::NonZero<u8>, 1usize>> as serde_core[a2f16ecbf4bfe085]::de::Visitor>::visit_borrowed_bytes::<postcard[4ec100a46e8476d3]::error::Error>",101,0.016772560754864874,,
<zerovec[bebf1a62a3c1fad0]::zerovec::serde::ZeroVecVisitor<core[ed718c3d60ebd546]::num::nonzero::NonZero<u8>> as serde_core[a2f16ecbf4bfe085]::de::Visitor>::visit_borrowed_bytes::<postcard[4ec100a46e8476d3]::error::Error>,101,0.016772560754864874,,
<zerovec[bebf1a62a3c1fad0]::zerovec::serde::ZeroVecVisitor<icu_time[fb65173487e4cb3a]::zone::TimeZone> as serde_core[a2f16ecbf4bfe085]::de::Visitor>::visit_borrowed_bytes::<postcard[4ec100a46e8476d3]::error::Error>,101,0.016772560754864874,,
<zerovec[bebf1a62a3c1fad0]::zerovec::serde::ZeroVecVisitor<icu_time[fb65173487e4cb3a]::zone::zone_name_timestamp::ZoneNameTimestamp> as serde_core[a2f16ecbf4bfe085]::de::Visitor>::visit_borrowed_bytes::<postcard[4ec100a46e8476d3]::error::Error>,101,0.016772560754864874,,
<zerovec[bebf1a62a3c1fad0]::zerovec::serde::ZeroVecVisitor<icu_datetime[a89e5169bb62ebbc]::provider::pattern::item::generic::GenericPatternItem> as serde_core[a2f16ecbf4bfe085]::de::Visitor>::visit_borrowed_bytes::<postcard[4ec100a46e8476d3]::error::Error>,101,0.016772560754864874,,
"<zerovec[bebf1a62a3c1fad0]::zerovec::serde::ZeroVecVisitor<(core[ed718c3d60ebd546]::num::nonzero::NonZero<u8>, icu_time[fb65173487e4cb3a]::provider::TimeZoneVariant)> as serde_core[a2f16ecbf4bfe085]::de::Visitor>::visit_borrowed_bytes::<postcard[4ec100a46e8476d3]::error::Error>",101,0.016772560754864874,,
"<zerovec[bebf1a62a3c1fad0]::zerovec::serde::ZeroVecVisitor<(icu_time[fb65173487e4cb3a]::zone::TimeZone, icu_time[fb65173487e4cb3a]::provider::TimeZoneVariant)> as serde_core[a2f16ecbf4bfe085]::de::Visitor>::visit_borrowed_bytes::<postcard[4ec100a46e8476d3]::error::Error>",101,0.016772560754864874,,
<icu_time[fb65173487e4cb3a]::zone::TimeZone as zerovec[bebf1a62a3c1fad0]::ule::ULE>::parse_bytes_to_slice,101,0.016772560754864874,,
<icu_datetime[a89e5169bb62ebbc]::provider::pattern::item::ule::GenericPatternItemULE as zerovec[bebf1a62a3c1fad0]::ule::ULE>::parse_bytes_to_slice,101,0.016772560754864874,,
"<zerovec[bebf1a62a3c1fad0]::ule::tuple::Tuple2ULE<core[ed718c3d60ebd546]::num::nonzero::NonZero<u8>, icu_time[fb65173487e4cb3a]::provider::TimeZoneVariantULE> as zerovec[bebf1a62a3c1fad0]::ule::ULE>::parse_bytes_to_slice",101,0.016772560754864874,,
"<zerovec[bebf1a62a3c1fad0]::ule::tuple::Tuple2ULE<icu_time[fb65173487e4cb3a]::zone::TimeZone, icu_time[fb65173487e4cb3a]::provider::TimeZoneVariantULE> as zerovec[bebf1a62a3c1fad0]::ule::ULE>::parse_bytes_to_slice",101,0.016772560754864874,,
"<zerovec[bebf1a62a3c1fad0]::map::map::ZeroMap<(icu_time[fb65173487e4cb3a]::zone::TimeZone, icu_time[fb65173487e4cb3a]::provider::TimeZoneVariant), str>>::get",100,0.016606495796895916,,
"<zerovec[bebf1a62a3c1fad0]::map::map::ZeroMap<(core[ed718c3d60ebd546]::num::nonzero::NonZero<u8>, icu_time[fb65173487e4cb3a]::provider::TimeZoneVariant), str>>::get",100,0.016606495796895916,,
"<zerovec[bebf1a62a3c1fad0]::map::map::ZeroMap<core[ed718c3d60ebd546]::num::nonzero::NonZero<u8>, str>>::get",100,0.016606495796895916,,
"<zerovec[bebf1a62a3c1fad0]::map::map::ZeroMap<icu_time[fb65173487e4cb3a]::zone::TimeZone, str>>::get",100,0.016606495796895916,,
__rustc[100742bb89c490cb]::__rdl_dealloc,100,0.016606495796895916,,
<icu_datetime[a89e5169bb62ebbc]::pattern::names::MonthNameLength as icu_datetime[a89e5169bb62ebbc]::scaffold::names_storage::MaybeAsErrorField>::maybe_as_error_field,100,0.016606495796895916,,
"core[ed718c3d60ebd546]::ptr::drop_glue::<icu_locale_core[80ffd7f212f7bd21]::shortvec::ShortBoxSliceInner<(icu_locale_core[80ffd7f212f7bd21]::extensions::unicode::key::Key, icu_locale_core[80ffd7f212f7bd21]::extensions::unicode::value::Value)>>",99,0.016440430838926955,,
"<[(&[u8], usize)]>::sort_by::<<zerotrie[c520be459a73f88a]::builder::nonconst::builder::ZeroTrieBuilder<alloc[508e33bd5656020b]::collections::vec_deque::VecDeque<u8>>>::from_bytes_iter<&str, core[ed718c3d60ebd546]::iter::adapters::map::Map<core[ed718c3d60ebd546]::iter::adapters::enumerate::Enumerate<core[ed718c3d60ebd546]::iter::adapters::map::Map<core[ed718c3d60ebd546]::ops::range::Range<usize>, <zerovec[bebf1a62a3c1fad0]::map2d::map::ZeroMap2d<icu_time[fb65173487e4cb3a]::zone::TimeZone, icu_time[fb65173487e4cb3a]::zone::zone_name_timestamp::ZoneNameTimestamp, zerovec[bebf1a62a3c1fad0]::ule::niche::NichedOption<core[ed718c3d60ebd546]::num::nonzero::NonZero<u8>, 1usize>>>::iter0::{closure#0}>>, icu_datetime[a89e5169bb62ebbc]::provider::time_zones::legacy::metazone_timezone_compat<&&icu_provider_blob[7aedd55e3b0a236f]::blob_data_provider::BlobDataProvider>::{closure#0}>>::{closure#1}>::{closure#0}",99,0.016440430838926955,,
"<alloc[508e33bd5656020b]::vec::Vec<(usize, alloc[508e33bd5656020b]::vec::Vec<u8>)> as alloc[508e33bd5656020b]::vec::spec_from_iter_nested::SpecFromIterNested<(usize, alloc[508e33bd5656020b]::vec::Vec<u8>), core[ed718c3d60ebd546]::iter::adapters::map::Map<core[ed718c3d60ebd546]::ops::range::Range<usize>, zerotrie[c520be459a73f88a]::byte_phf::builder::find::{closure#0}>>>::from_iter",98,0.016274365880957996,,
"<alloc[508e33bd5656020b]::collections::btree::node::Handle<alloc[508e33bd5656020b]::collections::btree::node::NodeRef<alloc[508e33bd5656020b]::collections::btree::node::marker::Mut, alloc[508e33bd5656020b]::vec::Vec<u8>, zerotrie[c520be459a73f88a]::byte_phf::PerfectByteHashMap<alloc[508e33bd5656020b]::vec::Vec<u8>>, alloc[508e33bd5656020b]::collections::btree::node::marker::Internal>, alloc[508e33bd5656020b]::collections::btree::node::marker::Edge>>::insert_fit",98,0.016274365880957996,,
<icu_provider_blob[7aedd55e3b0a236f]::blob_schema::BlobSchema>::deserialize_and_check::<&mut postcard[4ec100a46e8476d3]::de::deserializer::Deserializer<postcard[4ec100a46e8476d3]::de::flavors::Slice>>,98,0.016274365880957996,,
"core[ed718c3d60ebd546]::ptr::drop_glue::<yoke[28063c787be73a0e]::yoke::Yoke<icu_datetime[a89e5169bb62ebbc]::provider::names::MonthNames, yoke[28063c787be73a0e]::cartable_ptr::CartableOptionPointer<alloc[508e33bd5656020b]::rc::Rc<alloc[508e33bd5656020b]::boxed::Box<[u8]>>>>>",98,0.016274365880957996,,
"<core[ed718c3d60ebd546]::result::Result<fixed_decimal[f190755009246613]::decimal::UnsignedDecimal, fixed_decimal[f190755009246613]::ParseError>>::expect",98,0.016274365880957996,,
zerotrie[c520be459a73f88a]::byte_phf::f2,97,0.016108300922989035,,
"<zerovec[bebf1a62a3c1fad0]::zerovec::slice::ZeroSlice<(icu_time[fb65173487e4cb3a]::zone::TimeZone, icu_time[fb65173487e4cb3a]::provider::TimeZoneVariant)>>::binary_search::{closure#0}",97,0.016108300922989035,,
<icu_datetime[a89e5169bb62ebbc]::raw::neo::DateTimeZonePatternDataBorrowed>::iter_items,97,0.016108300922989035,,
"<core[ed718c3d60ebd546]::iter::adapters::map::Map<core[ed718c3d60ebd546]::slice::iter::Iter<icu_locale_core[80ffd7f212f7bd21]::subtags::Subtag>, <icu_locale_core[80ffd7f212f7bd21]::extensions::other::Other>::for_each_subtag_str<core[ed718c3d60ebd546]::fmt::Error, <icu_locale_core[80ffd7f212f7bd21]::data::DataLocale as writeable[b3b2ab86242271a5]::Writeable>::write_to<zerotrie[c520be459a73f88a]::cursor::ZeroTrieSimpleAsciiCursor>::{closure#0}>::{closure#0}> as core[ed718c3d60ebd546]::iter::traits::iterator::Iterator>::try_fold::<(), core[ed718c3d60ebd546]::iter::traits::iterator::Iterator::try_for_each::call<&str, core[ed718c3d60ebd546]::result::Result<(), core[ed718c3d60ebd546]::fmt::Error>, &mut <icu_locale_core[80ffd7f212f7bd21]::data::DataLocale as writeable[b3b2ab86242271a5]::Writeable>::write_to<zerotrie[c520be459a73f88a]::cursor::ZeroTrieSimpleAsciiCursor>::{closure#0}>::{closure#0}, core[ed718c3d60ebd546]::result::Result<(), core[ed718c3d60ebd546]::fmt::Error>>",96,0.015942235965020077,,
<zerovec[bebf1a62a3c1fad0]::varzerovec::slice::VarZeroSlice<str>>::get,96,0.015942235965020077,,
<alloc[508e33bd5656020b]::collections::vec_deque::VecDeque<u8>>::pop_front,96,0.015942235965020077,,
<icu_locale_core[80ffd7f212f7bd21]::data::DataLocale>::is_unknown,96,0.015942235965020077,,
"<zerovec[bebf1a62a3c1fad0]::ule::vartuple::VarTuple<(u8, zerovec[bebf1a62a3c1fad0]::ule::niche::NichedOption<core[ed718c3d60ebd546]::num::nonzero::NonZero<u8>, 1usize>), &zerovec[bebf1a62a3c1fad0]::zerovec::slice::ZeroSlice<(icu_time[fb65173487e4cb3a]::provider::Timestamp24, u8, zerovec[bebf1a62a3c1fad0]::ule::niche::NichedOption<core[ed718c3d60ebd546]::num::nonzero::NonZero<u8>, 1usize>)>> as zerovec[bebf1a62a3c1fad0]::ule::encode::EncodeAsVarULE<zerovec[bebf1a62a3c1fad0]::ule::vartuple::VarTupleULE<(u8, zerovec[bebf1a62a3c1fad0]::ule::niche::NichedOption<core[ed718c3d60ebd546]::num::nonzero::NonZero<u8>, 1usize>), zerovec[bebf1a62a3c1fad0]::zerovec::slice::ZeroSlice<(icu_time[fb65173487e4cb3a]::provider::Timestamp24, u8, zerovec[bebf1a62a3c1fad0]::ule::niche::NichedOption<core[ed718c3d60ebd546]::num::nonzero::NonZero<u8>, 1usize>)>>>>::encode_var_ule_write",96,0.015942235965020077,,
<fixed_decimal[f190755009246613]::variations::Signed<fixed_decimal[f190755009246613]::decimal::UnsignedDecimal> as core[ed718c3d60ebd546]::convert::From<i64>>::from,96,0.015942235965020077,,
<tinystr[b223bb85873903b1]::ascii::TinyAsciiStr<8usize>>::to_ascii_lowercase,95,0.01577617100705112,,
<tinystr[b223bb85873903b1]::ascii::TinyAsciiStr<3usize>>::resize::<8usize>,94,0.015610106049082159,,
<core[ed718c3d60ebd546]::iter::adapters::rev::Rev<core[ed718c3d60ebd546]::ops::range::RangeInclusive<i16>> as core[ed718c3d60ebd546]::iter::traits::iterator::Iterator>::next,94,0.015610106049082159,,
<core[ed718c3d60ebd546]::iter::adapters::rev::Rev<core[ed718c3d60ebd546]::ops::range::RangeInclusive<i16>> as core[ed718c3d60ebd546]::iter::traits::iterator::Iterator>::next[1],94,0.015610106049082159,,
<<icu_datetime[a89e5169bb62ebbc]::provider::names::YearNames as serde_core[a2f16ecbf4bfe085]::de::Deserialize>::deserialize::__FieldVisitor as serde_core[a2f16ecbf4bfe085]::de::Visitor>::visit_u64::<postcard[4ec100a46e8476d3]::error::Error>,94,0.015610106049082159,,
<<icu_datetime[a89e5169bb62ebbc]::provider::names::MonthNames as serde_core[a2f16ecbf4bfe085]::de::Deserialize>::deserialize::__FieldVisitor as serde_core[a2f16ecbf4bfe085]::de::Visitor>::visit_u64::<postcard[4ec100a46e8476d3]::error::Error>,94,0.015610106049082159,,
<tinystr[b223bb85873903b1]::asciibyte::AsciiByte as core[ed718c3d60ebd546]::slice::cmp::SliceOrd>::compare,93,0.015444041091113199,,
<postcard[4ec100a46e8476d3]::de::deserializer::SeqAccess<postcard[4ec100a46e8476d3]::de::flavors::Slice> as serde_core[a2f16ecbf4bfe085]::de::SeqAccess>::next_element::<i8>,93,0.015444041091113199,,
<alloc[508e33bd5656020b]::string::String as core[ed718c3d60ebd546]::fmt::Write>::write_str,93,0.015444041091113199,,
"<zerovec[bebf1a62a3c1fad0]::varzerovec::components::VarZeroVecComponents<[u8], zerovec[bebf1a62a3c1fad0]::varzerovec::components::Index8>>::get_things_range",93,0.015444041091113199,,
core[ed718c3d60ebd546]::result::unwrap_failed,92,0.01527797613314424,,
core[ed718c3d60ebd546]::ptr::drop_glue::<icu_provider[cb9726a465308544]::response::DataPayload<icu_time[fb65173487e4cb3a]::provider::TimezonePeriodsV1>>,92,0.01527797613314424,,
<icu_calendar[9ded05a9b369afae]::date::Date<icu_calendar[9ded05a9b369afae]::cal::iso::Iso>>::try_new_iso,92,0.01527797613314424,,
"<alloc[508e33bd5656020b]::collections::btree::node::NodeRef<alloc[508e33bd5656020b]::collections::btree::node::marker::Owned, alloc[508e33bd5656020b]::vec::Vec<u8>, zerotrie[c520be459a73f88a]::byte_phf::PerfectByteHashMap<alloc[508e33bd5656020b]::vec::Vec<u8>>, alloc[508e33bd5656020b]::collections::btree::node::marker::Internal>>::from_new_internal::<alloc[508e33bd5656020b]::alloc::Global>",92,0.01527797613314424,,
<alloc[508e33bd5656020b]::collections::vec_deque::VecDeque<u8>>::reserve,92,0.01527797613314424,,
<alloc[508e33bd5656020b]::raw_vec::RawVecInner>::shrink,92,0.01527797613314424,,
<alloc[508e33bd5656020b]::raw_vec::RawVecInner>::shrink[1],92,0.01527797613314424,,
<smallvec[a949934cda03ae4d]::CollectionAllocErr as core[ed718c3d60ebd546]::fmt::Debug>::fmt,92,0.01527797613314424,,
"<alloc[508e33bd5656020b]::vec::Vec<(&[u8], usize)> as alloc[508e33bd5656020b]::vec::spec_from_iter_nested::SpecFromIterNested<(&[u8], usize), core[ed718c3d60ebd546]::iter::adapters::map::Map<core[ed718c3d60ebd546]::slice::iter::Iter<(&str, usize)>, <zerotrie[c520be459a73f88a]::builder::nonconst::builder::ZeroTrieBuilder<alloc[508e33bd5656020b]::collections::vec_deque::VecDeque<u8>>>::from_bytes_iter<&str, core[ed718c3d60ebd546]::iter::adapters::map::Map<core[ed718c3d60ebd546]::iter::adapters::enumerate::Enumerate<core[ed718c3d60ebd546]::iter::adapters::map::Map<core[ed718c3d60ebd546]::ops::range::Range<usize>, <zerovec[bebf1a62a3c1fad0]::map2d::map::ZeroMap2d<icu_time[fb65173487e4cb3a]::zone::TimeZone, icu_time[fb65173487e4cb3a]::zone::zone_name_timestamp::ZoneNameTimestamp, zerovec[bebf1a62a3c1fad0]::ule::niche::NichedOption<core[ed718c3d60ebd546]::num::nonzero::NonZero<u8>, 1usize>>>::iter0::{closure#0}>>, icu_datetime[a89e5169bb62ebbc]::provider::time_zones::legacy::metazone_timezone_compat<&&icu_provider_blob[7aedd55e3b0a236f]::blob_data_provider::BlobDataProvider>::{closure#0}>>::{closure#0}>>>::from_iter",91,0.015111911175175281,,
"<zerovec[bebf1a62a3c1fad0]::varzerovec::components::VarZeroVecComponents<icu_plurals[993a8e0f08d05f11]::provider::PluralElementsPackedULE<zerovec[bebf1a62a3c1fad0]::zerovec::slice::ZeroSlice<icu_datetime[a89e5169bb62ebbc]::provider::pattern::item::PatternItem>>, zerovec[bebf1a62a3c1fad0]::varzerovec::components::Index16>>::from_bytes_unchecked_with_length",91,0.015111911175175281,,
"<zerovec[bebf1a62a3c1fad0]::varzerovec::components::VarZeroVecComponents<zerovec[bebf1a62a3c1fad0]::ule::vartuple::VarTupleULE<(u8, zerovec[bebf1a62a3c1fad0]::ule::niche::NichedOption<core[ed718c3d60ebd546]::num::nonzero::NonZero<u8>, 1usize>), zerovec[bebf1a62a3c1fad0]::zerovec::slice::ZeroSlice<(icu_time[fb65173487e4cb3a]::provider::Timestamp24, u8, zerovec[bebf1a62a3c1fad0]::ule::niche::NichedOption<core[ed718c3d60ebd546]::num::nonzero::NonZero<u8>, 1usize>)>>, zerovec[bebf1a62a3c1fad0]::varzerovec::components::Index16>>::from_bytes_unchecked_with_length",91,0.015111911175175281,,
"<zerovec[bebf1a62a3c1fad0]::varzerovec::components::VarZeroVecComponents<[u8], zerovec[bebf1a62a3c1fad0]::varzerovec::components::Index16>>::from_bytes_unchecked_with_length",91,0.015111911175175281,,
"<zerovec[bebf1a62a3c1fad0]::varzerovec::components::VarZeroVecComponents<[u8], zerovec[bebf1a62a3c1fad0]::varzerovec::components::Index32>>::from_bytes_unchecked_with_length",91,0.015111911175175281,,
<icu_datetime[a89e5169bb62ebbc]::provider::packed_pattern::GenericPackedPatterns<icu_plurals[993a8e0f08d05f11]::provider::PluralElementsPackedULE<zerovec[bebf1a62a3c1fad0]::zerovec::slice::ZeroSlice<icu_datetime[a89e5169bb62ebbc]::provider::pattern::item::PatternItem>>>>::deserialize_impl::<&mut postcard[4ec100a46e8476d3]::de::deserializer::Deserializer<postcard[4ec100a46e8476d3]::de::flavors::Slice>>,91,0.015111911175175281,,
"icu_pattern[44006f5ff0e3d39e]::frontend::serde::deserialize_borrowed_cow::<icu_pattern[44006f5ff0e3d39e]::double::DoublePlaceholder, &mut postcard[4ec100a46e8476d3]::de::deserializer::Deserializer<postcard[4ec100a46e8476d3]::de::flavors::Slice>>",91,0.015111911175175281,,
"icu_pattern[44006f5ff0e3d39e]::frontend::serde::deserialize_borrowed_cow::<icu_pattern[44006f5ff0e3d39e]::single::SinglePlaceholder, &mut postcard[4ec100a46e8476d3]::de::deserializer::Deserializer<postcard[4ec100a46e8476d3]::de::flavors::Slice>>",91,0.015111911175175281,,
"<zerovec[bebf1a62a3c1fad0]::varzerovec::owned::VarZeroVecOwned<zerovec[bebf1a62a3c1fad0]::ule::vartuple::VarTupleULE<(u8, zerovec[bebf1a62a3c1fad0]::ule::niche::NichedOption<core[ed718c3d60ebd546]::num::nonzero::NonZero<u8>, 1usize>), zerovec[bebf1a62a3c1fad0]::zerovec::slice::ZeroSlice<(icu_time[fb65173487e4cb3a]::provider::Timestamp24, u8, zerovec[bebf1a62a3c1fad0]::ule::niche::NichedOption<core[ed718c3d60ebd546]::num::nonzero::NonZero<u8>, 1usize>)>>>>::index_range",91,0.015111911175175281,,
"<zerotrie[c520be459a73f88a]::builder::konst::store::ConstArrayBuilder<5usize, u8>>::from_manual_slice",91,0.015111911175175281,,
<icu_provider[cb9726a465308544]::buf::BufferFormat>::check_available,91,0.015111911175175281,,
<icu_locale_core[80ffd7f212f7bd21]::extensions::unicode::subdivision::SubdivisionSuffix>::try_from_utf8,90,0.014945846217206323,,
<icu_provider[cb9726a465308544]::error::DataErrorKind as core[ed718c3d60ebd546]::cmp::PartialEq>::ne,90,0.014945846217206323,,
<icu_datetime[a89e5169bb62ebbc]::provider::fields::length::FieldLength>::to_len,90,0.014945846217206323,,
"<alloc[508e33bd5656020b]::vec::Vec<zerovec[bebf1a62a3c1fad0]::ule::tuple::Tuple3ULE<zerovec[bebf1a62a3c1fad0]::ule::plain::RawBytesULE<3usize>, u8, zerovec[bebf1a62a3c1fad0]::ule::niche::NichedOptionULE<core[ed718c3d60ebd546]::num::nonzero::NonZero<u8>, 1usize>>>>::extend_trusted::<core[ed718c3d60ebd546]::iter::adapters::map::Map<core[ed718c3d60ebd546]::iter::adapters::map::Map<core[ed718c3d60ebd546]::iter::adapters::map::Map<core[ed718c3d60ebd546]::ops::range::Range<usize>, <zerovec[bebf1a62a3c1fad0]::map2d::cursor::ZeroMap2dCursor<icu_time[fb65173487e4cb3a]::zone::TimeZone, icu_time[fb65173487e4cb3a]::zone::zone_name_timestamp::ZoneNameTimestamp, zerovec[bebf1a62a3c1fad0]::ule::niche::NichedOption<core[ed718c3d60ebd546]::num::nonzero::NonZero<u8>, 1usize>>>::into_iter1_copied::{closure#0}>, icu_datetime[a89e5169bb62ebbc]::provider::time_zones::legacy::metazone_timezone_compat<&&icu_provider_blob[7aedd55e3b0a236f]::blob_data_provider::BlobDataProvider>::{closure#1}>, <zerovec[bebf1a62a3c1fad0]::zerovec::ZeroVec<(icu_time[fb65173487e4cb3a]::provider::Timestamp24, u8, zerovec[bebf1a62a3c1fad0]::ule::niche::NichedOption<core[ed718c3d60ebd546]::num::nonzero::NonZero<u8>, 1usize>)> as core[ed718c3d60ebd546]::iter::traits::collect::FromIterator<(icu_time[fb65173487e4cb3a]::provider::Timestamp24, u8, zerovec[bebf1a62a3c1fad0]::ule::niche::NichedOption<core[ed718c3d60ebd546]::num::nonzero::NonZero<u8>, 1usize>)>>::from_iter<core[ed718c3d60ebd546]::iter::adapters::map::Map<core[ed718c3d60ebd546]::iter::adapters::map::Map<core[ed718c3d60ebd546]::ops::range::Range<usize>, <zerovec[bebf1a62a3c1fad0]::map2d::cursor::ZeroMap2dCursor<icu_time[fb65173487e4cb3a]::zone::TimeZone, icu_time[fb65173487e4cb3a]::zone::zone_name_timestamp::ZoneNameTimestamp, zerovec[bebf1a62a3c1fad0]::ule::niche::NichedOption<core[ed718c3d60ebd546]::num::nonzero::NonZero<u8>, 1usize>>>::into_iter1_copied::{closure#0}>, icu_datetime[a89e5169bb62ebbc]::provider::time_zones::legacy::metazone_timezone_compat<&&icu_provider_blob[7aedd55e3b0a236f]::blob_data_provider::BlobDataProvider>::{closure#1}>>::{closure#0}>>",89,0.014779781259237365,,
"<alloc[508e33bd5656020b]::vec::Vec<(&str, usize)>>::extend_trusted::<core[ed718c3d60ebd546]::iter::adapters::map::Map<core[ed718c3d60ebd546]::iter::adapters::enumerate::Enumerate<core[ed718c3d60ebd546]::iter::adapters::map::Map<core[ed718c3d60ebd546]::ops::range::Range<usize>, <zerovec[bebf1a62a3c1fad0]::map2d::map::ZeroMap2d<icu_time[fb65173487e4cb3a]::zone::TimeZone, icu_time[fb65173487e4cb3a]::zone::zone_name_timestamp::ZoneNameTimestamp, zerovec[bebf1a62a3c1fad0]::ule::niche::NichedOption<core[ed718c3d60ebd546]::num::nonzero::NonZero<u8>, 1usize>>>::iter0::{closure#0}>>, icu_datetime[a89e5169bb62ebbc]::provider::time_zones::legacy::metazone_timezone_compat<&&icu_provider_blob[7aedd55e3b0a236f]::blob_data_provider::BlobDataProvider>::{closure#0}>>",89,0.014779781259237365,,
<smallvec[a949934cda03ae4d]::SmallVec<[u8; 8usize]>>::resize_with::<<fixed_decimal[f190755009246613]::decimal::UnsignedDecimal>::append_digits::{closure#0}>,89,0.014779781259237365,,
<zerotrie[c520be459a73f88a]::builder::nonconst::builder::ZeroTrieBuilder<alloc[508e33bd5656020b]::collections::vec_deque::VecDeque<u8>>>::prepend_value,89,0.014779781259237365,,
<zerotrie[c520be459a73f88a]::builder::nonconst::builder::ZeroTrieBuilder<alloc[508e33bd5656020b]::collections::vec_deque::VecDeque<u8>>>::prepend_branch,89,0.014779781259237365,,
icu_calendar[9ded05a9b369afae]::error::range_check::<i32>,89,0.014779781259237365,,
"<core[ed718c3d60ebd546]::slice::sort::stable::quicksort::PartitionState<(&[u8], usize)>>::partition_one",89,0.014779781259237365,,
<icu_datetime[a89e5169bb62ebbc]::provider::names::WeekdayNames>::get,89,0.014779781259237365,,
<<<icu_datetime[a89e5169bb62ebbc]::provider::time_zones::Locations as serde_core[a2f16ecbf4bfe085]::de::Deserialize>::deserialize::__Visitor as serde_core[a2f16ecbf4bfe085]::de::Visitor>::visit_seq::__DeserializeWith as serde_core[a2f16ecbf4bfe085]::de::Deserialize>::deserialize::<&mut postcard[4ec100a46e8476d3]::de::deserializer::Deserializer<postcard[4ec100a46e8476d3]::de::flavors::Slice>>,88,0.014613716301268405,,
<<<icu_datetime[a89e5169bb62ebbc]::provider::time_zones::Locations as serde_core[a2f16ecbf4bfe085]::de::Deserialize>::deserialize::__Visitor as serde_core[a2f16ecbf4bfe085]::de::Visitor>::visit_seq::__DeserializeWith as serde_core[a2f16ecbf4bfe085]::de::Deserialize>::deserialize::<&mut postcard[4ec100a46e8476d3]::de::deserializer::Deserializer<postcard[4ec100a46e8476d3]::de::flavors::Slice>>[1],88,0.014613716301268405,,
<<<icu_pattern[44006f5ff0e3d39e]::common::PatternItemCow<_> as serde_core[a2f16ecbf4bfe085]::de::Deserialize>::deserialize::__Visitor<_> as serde_core[a2f16ecbf4bfe085]::de::Visitor>::visit_enum::__DeserializeWith<icu_pattern[44006f5ff0e3d39e]::double::DoublePlaceholderKey> as serde_core[a2f16ecbf4bfe085]::de::Deserialize>::deserialize::<&mut postcard[4ec100a46e8476d3]::de::deserializer::Deserializer<postcard[4ec100a46e8476d3]::de::flavors::Slice>>,88,0.014613716301268405,,
<icu_time[fb65173487e4cb3a]::provider::TimeZoneVariantULE as zerovec[bebf1a62a3c1fad0]::ule::ULE>::validate_bytes,88,0.014613716301268405,,
alloc[508e33bd5656020b]::collections::btree::node::slice_insert::<alloc[508e33bd5656020b]::vec::Vec<u8>>,87,0.014447651343299447,,
<core[ed718c3d60ebd546]::iter::adapters::peekable::Peekable<core[ed718c3d60ebd546]::iter::adapters::rev::Rev<core[ed718c3d60ebd546]::ops::range::RangeInclusive<i16>>>>::peek,87,0.014447651343299447,,
"<alloc[508e33bd5656020b]::collections::btree::node::NodeRef<alloc[508e33bd5656020b]::collections::btree::node::marker::Mut, alloc[508e33bd5656020b]::vec::Vec<u8>, zerotrie[c520be459a73f88a]::byte_phf::PerfectByteHashMap<alloc[508e33bd5656020b]::vec::Vec<u8>>, alloc[508e33bd5656020b]::collections::btree::node::marker::Internal>>::correct_childrens_parent_links::<core[ed718c3d60ebd546]::ops::range::Range<usize>>",86,0.014281586385330485,,
"<icu_locale_core[80ffd7f212f7bd21]::extensions::transform::Transform>::for_each_subtag_str::<core[ed718c3d60ebd546]::fmt::Error, <icu_locale_core[80ffd7f212f7bd21]::data::DataLocale as writeable[b3b2ab86242271a5]::Writeable>::write_to<zerotrie[c520be459a73f88a]::cursor::ZeroTrieSimpleAsciiCursor>::{closure#0}>",86,0.014281586385330485,,
"<core[ed718c3d60ebd546]::iter::adapters::map::Map<core[ed718c3d60ebd546]::slice::iter::Iter<u8>, zerotrie[c520be459a73f88a]::builder::nonconst::builder::cmp_keys_values::{closure#1}> as core[ed718c3d60ebd546]::iter::traits::iterator::Iterator>::next",86,0.014281586385330485,,
<alloc[508e33bd5656020b]::raw_vec::RawVecInner>::with_capacity_in,86,0.014281586385330485,,
<alloc[508e33bd5656020b]::raw_vec::RawVecInner>::with_capacity_in[1],86,0.014281586385330485,,
<alloc[508e33bd5656020b]::raw_vec::RawVecInner>::with_capacity_in[2],86,0.014281586385330485,,
<icu_datetime[a89e5169bb62ebbc]::provider::pattern::runtime::generic::GenericPattern as serde_core[a2f16ecbf4bfe085]::de::Deserialize>::deserialize::<&mut postcard[4ec100a46e8476d3]::de::deserializer::Deserializer<postcard[4ec100a46e8476d3]::de::flavors::Slice>>,86,0.014281586385330485,,
<icu_datetime[a89e5169bb62ebbc]::provider::fields::length::FieldLength>::idx,86,0.014281586385330485,,
"<alloc[508e33bd5656020b]::collections::btree::node::Handle<alloc[508e33bd5656020b]::collections::btree::node::NodeRef<alloc[508e33bd5656020b]::collections::btree::node::marker::Mut, alloc[508e33bd5656020b]::vec::Vec<u8>, zerotrie[c520be459a73f88a]::byte_phf::PerfectByteHashMap<alloc[508e33bd5656020b]::vec::Vec<u8>>, alloc[508e33bd5656020b]::collections::btree::node::marker::Leaf>, alloc[508e33bd5656020b]::collections::btree::node::marker::Edge>>::insert_fit",86,0.014281586385330485,,
<u32 as serde_core[a2f16ecbf4bfe085]::de::Deserialize>::deserialize::<&mut postcard[4ec100a46e8476d3]::de::deserializer::Deserializer<postcard[4ec100a46e8476d3]::de::flavors::Slice>>,85,0.014115521427361527,,
<icu_datetime[a89e5169bb62ebbc]::pattern::names::WeekdayNameLength>::to_attributes,85,0.014115521427361527,,
<icu_datetime[a89e5169bb62ebbc]::pattern::names::MonthNameLength>::to_attributes,85,0.014115521427361527,,
<core[ed718c3d60ebd546]::num::nonzero::NonZero<u8> as zerovec[bebf1a62a3c1fad0]::ule::ULE>::validate_bytes,85,0.014115521427361527,,
<str>::get::<core[ed718c3d60ebd546]::ops::range::RangeFrom<usize>>,84,0.013949456469392567,,
<fixed_decimal[f190755009246613]::decimal::UnsignedDecimal>::digit_at,84,0.013949456469392567,,
<fixed_decimal[f190755009246613]::variations::Signed<fixed_decimal[f190755009246613]::decimal::UnsignedDecimal> as core[ed718c3d60ebd546]::convert::From<i32>>::from,84,0.013949456469392567,,
<&core[ed718c3d60ebd546]::alloc::layout::Layout as core[ed718c3d60ebd546]::fmt::Debug>::fmt,84,0.013949456469392567,,
"<zerotrie[c520be459a73f88a]::builder::konst::store::ConstArrayBuilder<256usize, u8>>::const_push_front_or_panic",84,0.013949456469392567,,
std[5a6270b673d0c64d]::panicking::panic_count::increase,84,0.013949456469392567,,
"<alloc[508e33bd5656020b]::vec::Vec<(usize, alloc[508e33bd5656020b]::vec::Vec<u8>)>>::extend_trusted::<core[ed718c3d60ebd546]::iter::adapters::map::Map<core[ed718c3d60ebd546]::ops::range::Range<usize>, zerotrie[c520be459a73f88a]::byte_phf::builder::find::{closure#0}>>",83,0.013783391511423609,,
icu_datetime[a89e5169bb62ebbc]::provider::semantic_skeletons::marker_attrs::name_attr_for,83,0.013783391511423609,,
<icu_provider[cb9726a465308544]::request::DataMarkerAttributes>::from_str_or_panic,83,0.013783391511423609,,
<icu_locale_core[80ffd7f212f7bd21]::subtags::Subtag as core[ed718c3d60ebd546]::slice::cmp::SliceOrd>::compare,82,0.01361732655345465,,
"<icu_datetime[a89e5169bb62ebbc]::neo::FixedCalendarDateTimeFormatter<icu_calendar[9ded05a9b369afae]::cal::gregorian::Gregorian, icu_datetime[a89e5169bb62ebbc]::fieldsets::enums::CompositeFieldSet>>::try_new_with_buffer_provider::<icu_provider_blob[7aedd55e3b0a236f]::blob_data_provider::BlobDataProvider>",82,0.01361732655345465,,
<zerovec[bebf1a62a3c1fad0]::zerovec::ZeroVec<u32> as zerovec[bebf1a62a3c1fad0]::map::vecs::ZeroVecLike<u32>>::zvl_is_ascending,82,0.01361732655345465,,
<icu_locale_core[80ffd7f212f7bd21]::extensions::other::Other>::from_short_slice_unchecked,82,0.01361732655345465,,
"<alloc[508e33bd5656020b]::vec::Vec<_, _>>::insert_mut::assert_failed",81,0.013451261595485691,,
core[ed718c3d60ebd546]::panicking::panic_bounds_check,81,0.013451261595485691,,
core[ed718c3d60ebd546]::slice::copy_from_slice_impl::len_mismatch_fail,81,0.013451261595485691,,
<zerotrie[c520be459a73f88a]::builder::konst::store::ConstSlice<u8>>::as_slice,81,0.013451261595485691,,
smallvec[a949934cda03ae4d]::deallocate::<u8>,81,0.013451261595485691,,
<core[ed718c3d60ebd546]::fmt::builders::PadAdapter as core[ed718c3d60ebd546]::fmt::Write>::write_char,81,0.013451261595485691,,
<icu_decimal[22a00049869067f7]::decimal_formatter::FormattedSign<icu_decimal[22a00049869067f7]::decimal_formatter::FormattedUnsignedDecimal> as writeable[b3b2ab86242271a5]::Writeable>::write_to_parts::<writeable[b3b2ab86242271a5]::parts_write_adapter::CoreWriteAsPartsWrite<&mut writeable[b3b2ab86242271a5]::parts_write_adapter::CoreWriteAsPartsWrite<&mut writeable[b3b2ab86242271a5]::parts_write_adapter::CoreWriteAsPartsWrite<&mut alloc[508e33bd5656020b]::string::String>>>>,79,0.013119131679547771,,
<icu_decimal[22a00049869067f7]::decimal_formatter::FormattedSign<icu_decimal[22a00049869067f7]::decimal_formatter::FormattedUnsignedDecimal> as writeable[b3b2ab86242271a5]::Writeable>::write_to_parts::<writeable[b3b2ab86242271a5]::parts_write_adapter::CoreWriteAsPartsWrite<&mut writeable[b3b2ab86242271a5]::parts_write_adapter::CoreWriteAsPartsWrite<&mut alloc[508e33bd5656020b]::string::String>>>,79,0.013119131679547771,,
"<icu_locale_core[80ffd7f212f7bd21]::shortvec::ShortBoxSlice<(icu_locale_core[80ffd7f212f7bd21]::extensions::unicode::key::Key, icu_locale_core[80ffd7f212f7bd21]::extensions::unicode::value::Value)> as core[ed718c3d60ebd546]::ops::deref::Deref>::deref",79,0.013119131679547771,,
"<alloc[508e33bd5656020b]::collections::btree::map::IntoIter<alloc[508e33bd5656020b]::vec::Vec<u8>, zerotrie[c520be459a73f88a]::byte_phf::PerfectByteHashMap<alloc[508e33bd5656020b]::vec::Vec<u8>>> as core[ed718c3d60ebd546]::ops::drop::Drop>::drop",78,0.012953066721578813,,
<icu_datetime[a89e5169bb62ebbc]::provider::time_zones::legacy::MetazonePeriod as serde_core[a2f16ecbf4bfe085]::de::Deserialize>::deserialize::<&mut postcard[4ec100a46e8476d3]::de::deserializer::Deserializer<postcard[4ec100a46e8476d3]::de::flavors::Slice>>,78,0.012953066721578813,,
<alloc[508e33bd5656020b]::collections::vec_deque::VecDeque<u8> as zerotrie[c520be459a73f88a]::builder::nonconst::store::TrieBuilderStore>::atbs_bitor_assign,78,0.012953066721578813,,
<icu_datetime[a89e5169bb62ebbc]::provider::fields::length::FieldLength as core[ed718c3d60ebd546]::cmp::PartialEq>::eq,77,0.012787001763609853,,
"<icu_locale_core[80ffd7f212f7bd21]::extensions::unicode::Unicode>::for_each_subtag_str::<core[ed718c3d60ebd546]::fmt::Error, <icu_locale_core[80ffd7f212f7bd21]::data::DataLocale as writeable[b3b2ab86242271a5]::Writeable>::write_to<zerotrie[c520be459a73f88a]::cursor::ZeroTrieSimpleAsciiCursor>::{closure#0}>",77,0.012787001763609853,,
<alloc[508e33bd5656020b]::rc::Rc<alloc[508e33bd5656020b]::boxed::Box<[u8]>>>::drop_slow,77,0.012787001763609853,,
<icu_datetime[a89e5169bb62ebbc]::fieldsets::enums::CompositeFieldSet>::to_zone,77,0.012787001763609853,,
<icu_datetime[a89e5169bb62ebbc]::provider::fields::symbols::FieldSymbol>::idx,77,0.012787001763609853,,
memcmp,76,0.012620936805640895,,
"<alloc[508e33bd5656020b]::vec::Vec<(&[u8], usize)>>::extend_trusted::<core[ed718c3d60ebd546]::iter::adapters::map::Map<core[ed718c3d60ebd546]::slice::iter::Iter<(&str, usize)>, <zerotrie[c520be459a73f88a]::builder::nonconst::builder::ZeroTrieBuilder<alloc[508e33bd5656020b]::collections::vec_deque::VecDeque<u8>>>::from_bytes_iter<&str, core[ed718c3d60ebd546]::iter::adapters::map::Map<core[ed718c3d60ebd546]::iter::adapters::enumerate::Enumerate<core[ed718c3d60ebd546]::iter::adapters::map::Map<core[ed718c3d60ebd546]::ops::range::Range<usize>, <zerovec[bebf1a62a3c1fad0]::map2d::map::ZeroMap2d<icu_time[fb65173487e4cb3a]::zone::TimeZone, icu_time[fb65173487e4cb3a]::zone::zone_name_timestamp::ZoneNameTimestamp, zerovec[bebf1a62a3c1fad0]::ule::niche::NichedOption<core[ed718c3d60ebd546]::num::nonzero::NonZero<u8>, 1usize>>>::iter0::{closure#0}>>, icu_datetime[a89e5169bb62ebbc]::provider::time_zones::legacy::metazone_timezone_compat<&&icu_provider_blob[7aedd55e3b0a236f]::blob_data_provider::BlobDataProvider>::{closure#0}>>::{closure#0}>>",76,0.012620936805640895,,
"core[ed718c3d60ebd546]::ptr::drop_glue::<yoke[28063c787be73a0e]::yoke::Yoke<icu_datetime[a89e5169bb62ebbc]::provider::time_zones::Locations, yoke[28063c787be73a0e]::cartable_ptr::CartableOptionPointer<alloc[508e33bd5656020b]::rc::Rc<alloc[508e33bd5656020b]::boxed::Box<[u8]>>>>>",76,0.012620936805640895,,
<&mut alloc[508e33bd5656020b]::string::String as core[ed718c3d60ebd546]::fmt::Write>::write_str,76,0.012620936805640895,,
<zerovec[bebf1a62a3c1fad0]::ule::plain::RawBytesULE<2usize> as zerovec[bebf1a62a3c1fad0]::ule::ULE>::parse_bytes_to_slice,76,0.012620936805640895,,
<zerovec[bebf1a62a3c1fad0]::ule::plain::RawBytesULE<4usize> as zerovec[bebf1a62a3c1fad0]::ule::ULE>::parse_bytes_to_slice,76,0.012620936805640895,,
"<core[ed718c3d60ebd546]::iter::adapters::GenericShunt<core[ed718c3d60ebd546]::iter::adapters::map::Map<&mut icu_locale_core[80ffd7f212f7bd21]::parser::SubtagIterator, <icu_locale_core[80ffd7f212f7bd21]::extensions::private::other::Subtag>::try_from_utf8>, core[ed718c3d60ebd546]::result::Result<core[ed718c3d60ebd546]::convert::Infallible, icu_locale_core[80ffd7f212f7bd21]::parser::errors::ParseError>> as core[ed718c3d60ebd546]::iter::traits::iterator::Iterator>::try_fold::<(), core[ed718c3d60ebd546]::iter::traits::iterator::Iterator::try_for_each::call<icu_locale_core[80ffd7f212f7bd21]::extensions::private::other::Subtag, core[ed718c3d60ebd546]::ops::control_flow::ControlFlow<icu_locale_core[80ffd7f212f7bd21]::extensions::private::other::Subtag>, core[ed718c3d60ebd546]::ops::control_flow::ControlFlow<icu_locale_core[80ffd7f212f7bd21]::extensions::private::other::Subtag>::Break>::{closure#0}, core[ed718c3d60ebd546]::ops::control_flow::ControlFlow<icu_locale_core[80ffd7f212f7bd21]::extensions::private::other::Subtag>>",76,0.012620936805640895,,
<std[5a6270b673d0c64d]::panicking::panic_handler::StaticStrPayload as core[ed718c3d60ebd546]::panic::PanicPayload>::take_box,76,0.012620936805640895,,
<icu_locale_core[80ffd7f212f7bd21]::data::DataLocale as writeable[b3b2ab86242271a5]::Writeable>::write_to::<zerotrie[c520be459a73f88a]::cursor::ZeroTrieSimpleAsciiCursor>::{closure#0},75,0.012454871847671935,,
"<zerotrie[c520be459a73f88a]::builder::konst::store::ConstArrayBuilder<256usize, u8>>::as_slice",75,0.012454871847671935,,
<core[ed718c3d60ebd546]::array::iter::iter_inner::PolymorphicIter<[core[ed718c3d60ebd546]::mem::maybe_uninit::MaybeUninit<usize>]>>::next,74,0.012288806889702977,,
<core[ed718c3d60ebd546]::array::iter::iter_inner::PolymorphicIter<[core[ed718c3d60ebd546]::mem::maybe_uninit::MaybeUninit<usize>]>>::next[1],74,0.012288806889702977,,
"<zerotrie[c520be459a73f88a]::builder::konst::store::ConstArrayBuilder<5usize, u8>>::as_slice",74,0.012288806889702977,,
<icu_provider[cb9726a465308544]::error::DataErrorKind>::with_req,74,0.012288806889702977,,
"<zerovec[bebf1a62a3c1fad0]::zerovec::ZeroVec<zerovec[bebf1a62a3c1fad0]::ule::niche::NichedOption<core[ed718c3d60ebd546]::num::nonzero::NonZero<u8>, 1usize>>>::parse_bytes",74,0.012288806889702977,,
<zerovec[bebf1a62a3c1fad0]::zerovec::ZeroVec<core[ed718c3d60ebd546]::num::nonzero::NonZero<u8>>>::parse_bytes,74,0.012288806889702977,,
<zerovec[bebf1a62a3c1fad0]::zerovec::ZeroVec<icu_time[fb65173487e4cb3a]::zone::TimeZone>>::parse_bytes,74,0.012288806889702977,,
<zerovec[bebf1a62a3c1fad0]::zerovec::ZeroVec<icu_time[fb65173487e4cb3a]::zone::zone_name_timestamp::ZoneNameTimestamp>>::parse_bytes,74,0.012288806889702977,,
<zerovec[bebf1a62a3c1fad0]::zerovec::ZeroVec<icu_datetime[a89e5169bb62ebbc]::provider::pattern::item::generic::GenericPatternItem>>::parse_bytes,74,0.012288806889702977,,
"<zerovec[bebf1a62a3c1fad0]::zerovec::ZeroVec<(core[ed718c3d60ebd546]::num::nonzero::NonZero<u8>, icu_time[fb65173487e4cb3a]::provider::TimeZoneVariant)>>::parse_bytes",74,0.012288806889702977,,
"<zerovec[bebf1a62a3c1fad0]::zerovec::ZeroVec<(icu_time[fb65173487e4cb3a]::zone::TimeZone, icu_time[fb65173487e4cb3a]::provider::TimeZoneVariant)>>::parse_bytes",74,0.012288806889702977,,
<icu_provider[cb9726a465308544]::error::DataErrorKind>::with_req[1],74,0.012288806889702977,,
<tinystr[b223bb85873903b1]::ascii::TinyAsciiStr<4usize>>::is_ascii_alphanumeric,74,0.012288806889702977,,
"<icu_locale_core[80ffd7f212f7bd21]::shortvec::ShortBoxSlice<(icu_locale_core[80ffd7f212f7bd21]::extensions::unicode::key::Key, icu_locale_core[80ffd7f212f7bd21]::extensions::unicode::value::Value)> as litemap[3dfd17a1a4f9a878]::store::StoreIterable<icu_locale_core[80ffd7f212f7bd21]::extensions::unicode::key::Key, icu_locale_core[80ffd7f212f7bd21]::extensions::unicode::value::Value>>::lm_iter",73,0.012122741931734016,,
"<alloc[508e33bd5656020b]::collections::btree::node::Handle<alloc[508e33bd5656020b]::collections::btree::node::NodeRef<alloc[508e33bd5656020b]::collections::btree::node::marker::Dying, alloc[508e33bd5656020b]::vec::Vec<u8>, zerotrie[c520be459a73f88a]::byte_phf::PerfectByteHashMap<alloc[508e33bd5656020b]::vec::Vec<u8>>, alloc[508e33bd5656020b]::collections::btree::node::marker::Leaf>, alloc[508e33bd5656020b]::collections::btree::node::marker::Edge>>::deallocating_end::<alloc[508e33bd5656020b]::alloc::Global>",73,0.012122741931734016,,
<zerovec[bebf1a62a3c1fad0]::varzerovec::vec::VarZeroVec<str> as zerovec[bebf1a62a3c1fad0]::map::vecs::ZeroVecLike<str>>::zvl_get,73,0.012122741931734016,,
<icu_locale_core[80ffd7f212f7bd21]::shortvec::ShortBoxSlice<icu_locale_core[80ffd7f212f7bd21]::subtags::Subtag> as core[ed718c3d60ebd546]::ops::deref::Deref>::deref,73,0.012122741931734016,,
"alloc[508e33bd5656020b]::collections::btree::node::slice_insert::<core[ed718c3d60ebd546]::ptr::non_null::NonNull<alloc[508e33bd5656020b]::collections::btree::node::LeafNode<alloc[508e33bd5656020b]::vec::Vec<u8>, zerotrie[c520be459a73f88a]::byte_phf::PerfectByteHashMap<alloc[508e33bd5656020b]::vec::Vec<u8>>>>>",72,0.01195667697376506,,
icu_datetime[a89e5169bb62ebbc]::format::numeric_override::format_jpan::<writeable[b3b2ab86242271a5]::parts_write_adapter::CoreWriteAsPartsWrite<&mut alloc[508e33bd5656020b]::string::String>>,72,0.01195667697376506,,
<icu_datetime[a89e5169bb62ebbc]::provider::fields::length::FieldLength>::from_idx,71,0.0117906120157961,,
<smallvec[a949934cda03ae4d]::SmallVec<[u8; 8usize]>>::truncate,71,0.0117906120157961,,
__rustc[100742bb89c490cb]::__rdl_alloc_zeroed,71,0.0117906120157961,,
"<icu_locale_core[80ffd7f212f7bd21]::extensions::unicode::attributes::Attributes>::for_each_subtag_str::<core[ed718c3d60ebd546]::fmt::Error, <icu_locale_core[80ffd7f212f7bd21]::data::DataLocale as writeable[b3b2ab86242271a5]::Writeable>::write_to<zerotrie[c520be459a73f88a]::cursor::ZeroTrieSimpleAsciiCursor>::{closure#0}>",71,0.0117906120157961,,
"<icu_locale_core[80ffd7f212f7bd21]::extensions::unicode::value::Value>::for_each_subtag_str::<core[ed718c3d60ebd546]::fmt::Error, <icu_locale_core[80ffd7f212f7bd21]::data::DataLocale as writeable[b3b2ab86242271a5]::Writeable>::write_to<zerotrie[c520be459a73f88a]::cursor::ZeroTrieSimpleAsciiCursor>::{closure#0}>",71,0.0117906120157961,,
mf2dt[cf7edd48dfb2ab59]::resolve_zone::<w_icu_blob_fixed[5f5d79c9d0a3b9d8]::Errs>::{closure#0},71,0.0117906120157961,,
icu_datetime[a89e5169bb62ebbc]::format::datetime::write_value_missing::<writeable[b3b2ab86242271a5]::parts_write_adapter::CoreWriteAsPartsWrite<&mut alloc[508e33bd5656020b]::string::String>>,71,0.0117906120157961,,
<icu_datetime[a89e5169bb62ebbc]::pattern::names::YearNameLength>::from_field_length,70,0.01162454705782714,,
<icu_locale_core[80ffd7f212f7bd21]::subtags::Subtag as core[ed718c3d60ebd546]::slice::cmp::SlicePartialEq<icu_locale_core[80ffd7f212f7bd21]::subtags::Subtag>>::equal_same_length,70,0.01162454705782714,,
core[ed718c3d60ebd546]::ptr::drop_glue::<icu_provider[cb9726a465308544]::response::DataPayload<icu_datetime[a89e5169bb62ebbc]::provider::semantic_skeletons::DatetimePatternsGlueV1>>,70,0.01162454705782714,,
"<zerovec[bebf1a62a3c1fad0]::varzerovec::owned::VarZeroVecOwned<zerovec[bebf1a62a3c1fad0]::ule::vartuple::VarTupleULE<(u8, zerovec[bebf1a62a3c1fad0]::ule::niche::NichedOption<core[ed718c3d60ebd546]::num::nonzero::NonZero<u8>, 1usize>), zerovec[bebf1a62a3c1fad0]::zerovec::slice::ZeroSlice<(icu_time[fb65173487e4cb3a]::provider::Timestamp24, u8, zerovec[bebf1a62a3c1fad0]::ule::niche::NichedOption<core[ed718c3d60ebd546]::num::nonzero::NonZero<u8>, 1usize>)>>>>::index_data_mut",70,0.01162454705782714,,
<icu_datetime[a89e5169bb62ebbc]::pattern::names::YearNameLength>::to_attributes,70,0.01162454705782714,,
<alloc[508e33bd5656020b]::raw_vec::RawVecInner>::current_memory,70,0.01162454705782714,,
<alloc[508e33bd5656020b]::raw_vec::RawVecInner>::current_memory[1],70,0.01162454705782714,,
<alloc[508e33bd5656020b]::vec::Vec<u8> as core[ed718c3d60ebd546]::ops::index::IndexMut<core[ed718c3d60ebd546]::ops::range::Range<usize>>>::index_mut,70,0.01162454705782714,,
<zerotrie[c520be459a73f88a]::builder::nonconst::store::NonConstLengthsStack>::push,70,0.01162454705782714,,
<tinystr[b223bb85873903b1]::int_ops::Aligned4>::from_ascii_bytes::<4usize>,69,0.011458482099858181,,
<tinystr[b223bb85873903b1]::int_ops::Aligned4>::from_ascii_bytes::<3usize>,69,0.011458482099858181,,
<tinystr[b223bb85873903b1]::int_ops::Aligned4>::from_ascii_bytes::<2usize>,69,0.011458482099858181,,
<tinystr[b223bb85873903b1]::int_ops::Aligned4>::from_ascii_bytes::<3usize>[1],69,0.011458482099858181,,
<tinystr[b223bb85873903b1]::int_ops::Aligned4>::from_ascii_bytes::<4usize>[1],69,0.011458482099858181,,
<tinystr[b223bb85873903b1]::int_ops::Aligned8>::from_ascii_bytes::<8usize>,69,0.011458482099858181,,
<alloc[508e33bd5656020b]::raw_vec::RawVec<zerotrie[c520be459a73f88a]::builder::branch_meta::BranchMeta>>::grow_one,69,0.011458482099858181,,
<alloc[508e33bd5656020b]::raw_vec::RawVec<icu_locale_core[80ffd7f212f7bd21]::subtags::Subtag>>::grow_one,69,0.011458482099858181,,
<alloc[508e33bd5656020b]::raw_vec::RawVec<icu_locale_core[80ffd7f212f7bd21]::extensions::other::Other>>::grow_one,69,0.011458482099858181,,
core[ed718c3d60ebd546]::ptr::drop_glue::<yoke[28063c787be73a0e]::cartable_ptr::CartableOptionPointer<alloc[508e33bd5656020b]::rc::Rc<alloc[508e33bd5656020b]::boxed::Box<[u8]>>>>,69,0.011458482099858181,,
<alloc[508e33bd5656020b]::vec::Vec<u8>>::append_elements,69,0.011458482099858181,,
"<core[ed718c3d60ebd546]::iter::adapters::GenericShunt<core[ed718c3d60ebd546]::iter::adapters::map::Map<&mut icu_locale_core[80ffd7f212f7bd21]::parser::SubtagIterator, <icu_locale_core[80ffd7f212f7bd21]::extensions::private::other::Subtag>::try_from_utf8>, core[ed718c3d60ebd546]::result::Result<core[ed718c3d60ebd546]::convert::Infallible, icu_locale_core[80ffd7f212f7bd21]::parser::errors::ParseError>> as core[ed718c3d60ebd546]::iter::traits::iterator::Iterator>::next",69,0.011458482099858181,,
<zerotrie[c520be459a73f88a]::builder::nonconst::store::NonConstLengthsStack>::peek_or_panic,69,0.011458482099858181,,
<icu_datetime[a89e5169bb62ebbc]::pattern::names::DayPeriodNameLength>::from_field,68,0.011292417141889222,,
"<core[ed718c3d60ebd546]::option::Option<usize>>::and_then::<usize, <usize>::checked_next_power_of_two>",68,0.011292417141889222,,
<icu_decimal[22a00049869067f7]::decimal_formatter::FormattedSign<icu_decimal[22a00049869067f7]::decimal_formatter::FormattedUnsignedDecimal> as writeable[b3b2ab86242271a5]::Writeable>::write_to_parts::<writeable[b3b2ab86242271a5]::parts_write_adapter::CoreWriteAsPartsWrite<&mut alloc[508e33bd5656020b]::string::String>>,68,0.011292417141889222,,
icu_locale_core[80ffd7f212f7bd21]::parser::skip_before_separator,67,0.011126352183920262,,
"<zerovec[bebf1a62a3c1fad0]::varzerovec::components::VarZeroVecComponents<potential_utf[a470693f0fde25c8]::ustr::PotentialUtf8, zerovec[bebf1a62a3c1fad0]::varzerovec::components::Index16>>::binary_search_by::<icu_datetime[a89e5169bb62ebbc]::provider::names::get_year_name_from_map::{closure#0}>",67,0.011126352183920262,,
<postcard[4ec100a46e8476d3]::de::flavors::Slice as postcard[4ec100a46e8476d3]::de::flavors::Flavor>::pop,67,0.011126352183920262,,
<core[ed718c3d60ebd546]::ops::range::RangeTo<usize> as core[ed718c3d60ebd546]::slice::index::SliceIndex<[u8]>>::index_mut,67,0.011126352183920262,,
<icu_calendar[9ded05a9b369afae]::types::MonthInfo>::new::<icu_calendar[9ded05a9b369afae]::cal::abstract_gregorian::AbstractGregorian<icu_calendar[9ded05a9b369afae]::cal::iso::IsoEra>>,67,0.011126352183920262,,
<postcard[4ec100a46e8476d3]::de::flavors::Slice as postcard[4ec100a46e8476d3]::de::flavors::Flavor>::pop[1],67,0.011126352183920262,,
<icu_provider[cb9726a465308544]::marker_full::DataMarkerInfo as core[ed718c3d60ebd546]::cmp::PartialEq>::eq,67,0.011126352183920262,,
<&u8 as core[ed718c3d60ebd546]::fmt::Debug>::fmt,67,0.011126352183920262,,
<&usize as core[ed718c3d60ebd546]::fmt::Debug>::fmt,67,0.011126352183920262,,
<&u8 as core[ed718c3d60ebd546]::fmt::Debug>::fmt[1],67,0.011126352183920262,,
"core[ed718c3d60ebd546]::slice::sort::shared::smallsort::insertion_sort_shift_left::<(&[u8], usize), <[(&[u8], usize)]>::sort_by<<zerotrie[c520be459a73f88a]::builder::nonconst::builder::ZeroTrieBuilder<alloc[508e33bd5656020b]::collections::vec_deque::VecDeque<u8>>>::from_bytes_iter<&str, core[ed718c3d60ebd546]::iter::adapters::map::Map<core[ed718c3d60ebd546]::iter::adapters::enumerate::Enumerate<core[ed718c3d60ebd546]::iter::adapters::map::Map<core[ed718c3d60ebd546]::ops::range::Range<usize>, <zerovec[bebf1a62a3c1fad0]::map2d::map::ZeroMap2d<icu_time[fb65173487e4cb3a]::zone::TimeZone, icu_time[fb65173487e4cb3a]::zone::zone_name_timestamp::ZoneNameTimestamp, zerovec[bebf1a62a3c1fad0]::ule::niche::NichedOption<core[ed718c3d60ebd546]::num::nonzero::NonZero<u8>, 1usize>>>::iter0::{closure#0}>>, icu_datetime[a89e5169bb62ebbc]::provider::time_zones::legacy::metazone_timezone_compat<&&icu_provider_blob[7aedd55e3b0a236f]::blob_data_provider::BlobDataProvider>::{closure#0}>>::{closure#1}>::{closure#0}>",66,0.010960287225951304,,
"core[ed718c3d60ebd546]::slice::sort::shared::smallsort::insertion_sort_shift_left::<(usize, alloc[508e33bd5656020b]::vec::Vec<u8>), <[(usize, alloc[508e33bd5656020b]::vec::Vec<u8>)]>::sort_by_key<isize, zerotrie[c520be459a73f88a]::byte_phf::builder::find::{closure#1}>::{closure#0}>",66,0.010960287225951304,,
__wbindgen_malloc,66,0.010960287225951304,,
<alloc[508e33bd5656020b]::raw_vec::RawVecInner<_>>::reserve::do_reserve_and_handle::<alloc[508e33bd5656020b]::alloc::Global>,66,0.010960287225951304,,
<alloc[508e33bd5656020b]::raw_vec::RawVecInner<_>>::reserve::do_reserve_and_handle::<alloc[508e33bd5656020b]::alloc::Global>[1],66,0.010960287225951304,,
<alloc[508e33bd5656020b]::boxed::Box<[u8]> as wasm_bindgen[3e212429144f4068]::convert::traits::FromWasmAbi>::from_abi,66,0.010960287225951304,,
<zerovec[bebf1a62a3c1fad0]::zerovec::ZeroVec<core[ed718c3d60ebd546]::num::nonzero::NonZero<u8>> as zerovec[bebf1a62a3c1fad0]::map::vecs::ZeroVecLike<core[ed718c3d60ebd546]::num::nonzero::NonZero<u8>>>::zvl_binary_search,66,0.010960287225951304,,
calendrical_calculations[8fb18fd2ba555b56]::gregorian::days_before_month,65,0.010794222267982344,,
<smallvec[a949934cda03ae4d]::SmallVec<[u8; 8usize]> as core[ed718c3d60ebd546]::ops::drop::Drop>::drop,65,0.010794222267982344,,
<[u8; 39usize] as core[ed718c3d60ebd546]::ops::index::Index<core[ed718c3d60ebd546]::ops::range::RangeFrom<usize>>>::index,65,0.010794222267982344,,
"<core[ed718c3d60ebd546]::iter::adapters::map::Map<core[ed718c3d60ebd546]::slice::iter::Iter<&[u8]>, <alloc[508e33bd5656020b]::boxed::Box<icu_pattern[44006f5ff0e3d39e]::frontend::Pattern<icu_pattern[44006f5ff0e3d39e]::single::SinglePlaceholder>> as zerovec[bebf1a62a3c1fad0]::ule::encode::EncodeAsVarULE<icu_pattern[44006f5ff0e3d39e]::frontend::Pattern<icu_pattern[44006f5ff0e3d39e]::single::SinglePlaceholder>>>::encode_var_ule_len::{closure#0}::{closure#0}> as core[ed718c3d60ebd546]::iter::traits::iterator::Iterator>::fold::<usize, <usize as core[ed718c3d60ebd546]::iter::traits::accum::Sum>::sum<core[ed718c3d60ebd546]::iter::adapters::map::Map<core[ed718c3d60ebd546]::slice::iter::Iter<&[u8]>, <alloc[508e33bd5656020b]::boxed::Box<icu_pattern[44006f5ff0e3d39e]::frontend::Pattern<icu_pattern[44006f5ff0e3d39e]::single::SinglePlaceholder>> as zerovec[bebf1a62a3c1fad0]::ule::encode::EncodeAsVarULE<icu_pattern[44006f5ff0e3d39e]::frontend::Pattern<icu_pattern[44006f5ff0e3d39e]::single::SinglePlaceholder>>>::encode_var_ule_len::{closure#0}::{closure#0}>>::{closure#0}>",64,0.010628157310013384,,
"<[(&[u8], usize)]>::split_at_mut",64,0.010628157310013384,,
core[ed718c3d60ebd546]::ptr::swap_nonoverlapping_bytes::swap_nonoverlapping_chunks::<4usize>,64,0.010628157310013384,,
"<[(usize, alloc[508e33bd5656020b]::vec::Vec<u8>)]>::split_at_mut",64,0.010628157310013384,,
<alloc[508e33bd5656020b]::raw_vec::RawVecInner>::deallocate[1],64,0.010628157310013384,,
<alloc[508e33bd5656020b]::raw_vec::RawVecInner>::deallocate[2],64,0.010628157310013384,,
core[ed718c3d60ebd546]::ptr::swap_nonoverlapping_bytes::swap_nonoverlapping_chunks::<4usize>[1],64,0.010628157310013384,,
<[u8]>::split_at_mut,64,0.010628157310013384,,
<icu_locale_core[80ffd7f212f7bd21]::preferences::extensions::unicode::keywords::numbering_system::NumberingSystem as core[ed718c3d60ebd546]::convert::TryFrom<&icu_locale_core[80ffd7f212f7bd21]::extensions::unicode::value::Value>>::try_from,64,0.010628157310013384,,
<icu_datetime[a89e5169bb62ebbc]::pattern::names::RawDateTimeNamesBorrowed>::get_payloads,64,0.010628157310013384,,
"<alloc[508e33bd5656020b]::collections::btree::node::NodeRef<alloc[508e33bd5656020b]::collections::btree::node::marker::Dying, alloc[508e33bd5656020b]::vec::Vec<u8>, zerotrie[c520be459a73f88a]::byte_phf::PerfectByteHashMap<alloc[508e33bd5656020b]::vec::Vec<u8>>, alloc[508e33bd5656020b]::collections::btree::node::marker::LeafOrInternal>>::deallocate_and_ascend::<alloc[508e33bd5656020b]::alloc::Global>",63,0.010462092352044426,,
"<alloc[508e33bd5656020b]::vec::Vec<(icu_locale_core[80ffd7f212f7bd21]::extensions::transform::key::Key, icu_locale_core[80ffd7f212f7bd21]::extensions::transform::value::Value)> as litemap[3dfd17a1a4f9a878]::store::StoreMut<icu_locale_core[80ffd7f212f7bd21]::extensions::transform::key::Key, icu_locale_core[80ffd7f212f7bd21]::extensions::transform::value::Value>>::lm_insert",63,0.010462092352044426,,
<std[5a6270b673d0c64d]::panicking::panic_handler::FormatStringPayload as core[ed718c3d60ebd546]::fmt::Display>::fmt,63,0.010462092352044426,,
<icu_datetime[a89e5169bb62ebbc]::provider::fields::length::FieldLengthULE>::validate_byte,63,0.010462092352044426,,
<icu_datetime[a89e5169bb62ebbc]::provider::day_periods::DayPeriodRules>::decode_from_str,62,0.010296027394075466,,
<icu_locale_core[80ffd7f212f7bd21]::extensions::unicode::value::Value>::get_subtag,62,0.010296027394075466,,
"<alloc[508e33bd5656020b]::boxed::Box<zerovec[bebf1a62a3c1fad0]::zerovec::slice::ZeroSlice<(icu_time[fb65173487e4cb3a]::provider::Timestamp24, u8, zerovec[bebf1a62a3c1fad0]::ule::niche::NichedOption<core[ed718c3d60ebd546]::num::nonzero::NonZero<u8>, 1usize>)>> as zerovec[bebf1a62a3c1fad0]::ule::encode::EncodeAsVarULE<zerovec[bebf1a62a3c1fad0]::zerovec::slice::ZeroSlice<(icu_time[fb65173487e4cb3a]::provider::Timestamp24, u8, zerovec[bebf1a62a3c1fad0]::ule::niche::NichedOption<core[ed718c3d60ebd546]::num::nonzero::NonZero<u8>, 1usize>)>>>::encode_var_ule_as_slices::<usize, <alloc[508e33bd5656020b]::boxed::Box<zerovec[bebf1a62a3c1fad0]::zerovec::slice::ZeroSlice<(icu_time[fb65173487e4cb3a]::provider::Timestamp24, u8, zerovec[bebf1a62a3c1fad0]::ule::niche::NichedOption<core[ed718c3d60ebd546]::num::nonzero::NonZero<u8>, 1usize>)>> as zerovec[bebf1a62a3c1fad0]::ule::encode::EncodeAsVarULE<zerovec[bebf1a62a3c1fad0]::zerovec::slice::ZeroSlice<(icu_time[fb65173487e4cb3a]::provider::Timestamp24, u8, zerovec[bebf1a62a3c1fad0]::ule::niche::NichedOption<core[ed718c3d60ebd546]::num::nonzero::NonZero<u8>, 1usize>)>>>::encode_var_ule_len::{closure#0}>",62,0.010296027394075466,,
"<zerovec[bebf1a62a3c1fad0]::ule::multi::MultiFieldsULE<7usize, zerovec[bebf1a62a3c1fad0]::varzerovec::components::Index8>>::get_field::<str>",62,0.010296027394075466,,
<mf2dt[cf7edd48dfb2ab59]::Civil>::epoch_ms_as_utc,62,0.010296027394075466,,
core[ed718c3d60ebd546]::panicking::panic_fmt,62,0.010296027394075466,,
<u8 as core[ed718c3d60ebd546]::iter::traits::accum::Sum<&u8>>::sum::<core[ed718c3d60ebd546]::slice::iter::Iter<u8>>,61,0.010129962436106508,,
"<icu_datetime[a89e5169bb62ebbc]::raw::neo::DateTimeZonePatternSelectionData>::try_new_with_skeleton::<icu_provider[cb9726a465308544]::data_provider::DataProviderWithMarker<icu_datetime[a89e5169bb62ebbc]::provider::semantic_skeletons::DatetimePatternsDateGregorianV1, &icu_datetime[a89e5169bb62ebbc]::provider::compat::CompatProvider<&icu_provider[cb9726a465308544]::buf::serde::DeserializingBufferProvider<icu_provider_blob[7aedd55e3b0a236f]::blob_data_provider::BlobDataProvider>, &&icu_provider_blob[7aedd55e3b0a236f]::blob_data_provider::BlobDataProvider>>, icu_provider[cb9726a465308544]::data_provider::DataProviderWithMarker<icu_datetime[a89e5169bb62ebbc]::provider::semantic_skeletons::DatetimePatternsTimeV1, &icu_datetime[a89e5169bb62ebbc]::provider::compat::CompatProvider<&icu_provider[cb9726a465308544]::buf::serde::DeserializingBufferProvider<icu_provider_blob[7aedd55e3b0a236f]::blob_data_provider::BlobDataProvider>, &&icu_provider_blob[7aedd55e3b0a236f]::blob_data_provider::BlobDataProvider>>, icu_provider[cb9726a465308544]::data_provider::DataProviderWithMarker<icu_datetime[a89e5169bb62ebbc]::provider::semantic_skeletons::DatetimePatternsGlueV1, &icu_datetime[a89e5169bb62ebbc]::provider::compat::CompatProvider<&icu_provider[cb9726a465308544]::buf::serde::DeserializingBufferProvider<icu_provider_blob[7aedd55e3b0a236f]::blob_data_provider::BlobDataProvider>, &&icu_provider_blob[7aedd55e3b0a236f]::blob_data_provider::BlobDataProvider>>>::{closure#0}",61,0.010129962436106508,,
"core[ed718c3d60ebd546]::panicking::assert_failed::<u8, u8>",61,0.010129962436106508,,
"core[ed718c3d60ebd546]::panicking::assert_failed::<usize, usize>",61,0.010129962436106508,,
<zerovec[bebf1a62a3c1fad0]::zerovec::slice::ZeroSlice<icu_provider[cb9726a465308544]::marker_full::DataMarkerIdHash>>::binary_search::{closure#0},60,0.009963897478137548,,
<zerotrie[c520be459a73f88a]::cursor::ZeroTrieSimpleAsciiCursor as core[ed718c3d60ebd546]::fmt::Write>::write_str,60,0.009963897478137548,,
<<icu_datetime[a89e5169bb62ebbc]::provider::names::YearNames as serde_core[a2f16ecbf4bfe085]::de::Deserialize>::deserialize::__FieldVisitor as serde_core[a2f16ecbf4bfe085]::de::Visitor>::visit_u32::<postcard[4ec100a46e8476d3]::error::Error>,60,0.009963897478137548,,
<<icu_datetime[a89e5169bb62ebbc]::provider::names::MonthNames as serde_core[a2f16ecbf4bfe085]::de::Deserialize>::deserialize::__FieldVisitor as serde_core[a2f16ecbf4bfe085]::de::Visitor>::visit_u32::<postcard[4ec100a46e8476d3]::error::Error>,60,0.009963897478137548,,
<icu_locale_core[80ffd7f212f7bd21]::data::DataLocale as writeable[b3b2ab86242271a5]::Writeable>::write_to::<zerotrie[c520be459a73f88a]::cursor::ZeroTrieSimpleAsciiCursor>,60,0.009963897478137548,,
core[ed718c3d60ebd546]::option::expect_failed,60,0.009963897478137548,,
core[ed718c3d60ebd546]::ptr::drop_glue::<zerovec[bebf1a62a3c1fad0]::zerovec::ZeroVec<core[ed718c3d60ebd546]::num::nonzero::NonZero<u8>>>,60,0.009963897478137548,,
core[ed718c3d60ebd546]::ptr::drop_glue::<zerovec[bebf1a62a3c1fad0]::zerovec::ZeroVec<icu_time[fb65173487e4cb3a]::zone::TimeZone>>,60,0.009963897478137548,,
core[ed718c3d60ebd546]::ptr::drop_glue::<zerovec[bebf1a62a3c1fad0]::zerovec::EyepatchHackVector<zerovec[bebf1a62a3c1fad0]::ule::plain::RawBytesULE<4usize>>>,60,0.009963897478137548,,
"core[ed718c3d60ebd546]::ptr::drop_glue::<zerovec[bebf1a62a3c1fad0]::zerovec::ZeroVec<(icu_time[fb65173487e4cb3a]::provider::Timestamp24, u8, zerovec[bebf1a62a3c1fad0]::ule::niche::NichedOption<core[ed718c3d60ebd546]::num::nonzero::NonZero<u8>, 1usize>)>>",60,0.009963897478137548,,
core[ed718c3d60ebd546]::ptr::drop_glue::<zerotrie[c520be459a73f88a]::zerotrie::ZeroTrieSimpleAscii<zerovec[bebf1a62a3c1fad0]::zerovec::ZeroVec<u8>>>,60,0.009963897478137548,,
"core[ed718c3d60ebd546]::ptr::drop_glue::<zerovec[bebf1a62a3c1fad0]::zerovec::ZeroVec<(core[ed718c3d60ebd546]::num::nonzero::NonZero<u8>, icu_time[fb65173487e4cb3a]::provider::TimeZoneVariant)>>",60,0.009963897478137548,,
"core[ed718c3d60ebd546]::ptr::drop_glue::<zerovec[bebf1a62a3c1fad0]::zerovec::ZeroVec<(icu_time[fb65173487e4cb3a]::zone::TimeZone, icu_time[fb65173487e4cb3a]::provider::TimeZoneVariant)>>",60,0.009963897478137548,,
<icu_decimal[22a00049869067f7]::provider::DecimalSymbolsStrs>::grouping_separator,60,0.009963897478137548,,
<icu_decimal[22a00049869067f7]::provider::DecimalSymbolsStrs>::decimal_separator,60,0.009963897478137548,,
<icu_decimal[22a00049869067f7]::provider::DecimalSymbolsStrs>::minus_sign_prefix,60,0.009963897478137548,,
<icu_decimal[22a00049869067f7]::provider::DecimalSymbolsStrs>::minus_sign_suffix,60,0.009963897478137548,,
<icu_decimal[22a00049869067f7]::provider::DecimalSymbolsStrs>::plus_sign_prefix,60,0.009963897478137548,,
<icu_decimal[22a00049869067f7]::provider::DecimalSymbolsStrs>::plus_sign_suffix,60,0.009963897478137548,,
<icu_decimal[22a00049869067f7]::provider::DecimalSymbolsStrs>::numsys,60,0.009963897478137548,,
<core[ed718c3d60ebd546]::ops::range::RangeInclusive<i32>>::contains::<i32>,60,0.009963897478137548,,
core[ed718c3d60ebd546]::ptr::drop_glue::<zerovec[bebf1a62a3c1fad0]::zerovec::ZeroVec<icu_provider[cb9726a465308544]::marker_full::DataMarkerIdHash>>,60,0.009963897478137548,,
<core[ed718c3d60ebd546]::ops::range::RangeInclusive<usize>>::contains::<usize>,60,0.009963897478137548,,
<usize as core[ed718c3d60ebd546]::fmt::Debug>::fmt,60,0.009963897478137548,,
<usize as core[ed718c3d60ebd546]::fmt::Debug>::fmt[1],60,0.009963897478137548,,
<icu_locale_core[80ffd7f212f7bd21]::preferences::locale::LocalePreferences as core[ed718c3d60ebd546]::default::Default>::default,60,0.009963897478137548,,
<tinystr[b223bb85873903b1]::int_ops::Aligned8>::to_ascii_lowercase,60,0.009963897478137548,,
import ./w_icu_blob_fixed_bg.js::__wbindgen_init_externref_table,59,0.00979783252016859,,
<icu_locale_core[80ffd7f212f7bd21]::extensions::unicode::Unicode>::is_empty,59,0.00979783252016859,,
"<alloc[508e33bd5656020b]::vec::Vec<(&[u8], usize)> as core[ed718c3d60ebd546]::slice::sort::stable::BufGuard<(&[u8], usize)>>::with_capacity",59,0.00979783252016859,,
"<alloc[508e33bd5656020b]::vec::Vec<(usize, alloc[508e33bd5656020b]::vec::Vec<u8>)> as core[ed718c3d60ebd546]::slice::sort::stable::BufGuard<(usize, alloc[508e33bd5656020b]::vec::Vec<u8>)>>::with_capacity",59,0.00979783252016859,,
<alloc[508e33bd5656020b]::vec::Vec<u8>>::with_capacity,59,0.00979783252016859,,
"<core[ed718c3d60ebd546]::iter::adapters::map::Map<core[ed718c3d60ebd546]::iter::adapters::enumerate::Enumerate<core[ed718c3d60ebd546]::iter::adapters::map::Map<core[ed718c3d60ebd546]::ops::range::Range<usize>, <zerovec[bebf1a62a3c1fad0]::map2d::map::ZeroMap2d<icu_time[fb65173487e4cb3a]::zone::TimeZone, icu_time[fb65173487e4cb3a]::zone::zone_name_timestamp::ZoneNameTimestamp, zerovec[bebf1a62a3c1fad0]::ule::niche::NichedOption<core[ed718c3d60ebd546]::num::nonzero::NonZero<u8>, 1usize>>>::iter0::{closure#0}>>, icu_datetime[a89e5169bb62ebbc]::provider::time_zones::legacy::metazone_timezone_compat<&&icu_provider_blob[7aedd55e3b0a236f]::blob_data_provider::BlobDataProvider>::{closure#0}> as core[ed718c3d60ebd546]::iter::traits::iterator::Iterator>::fold::<(), core[ed718c3d60ebd546]::iter::traits::iterator::Iterator::for_each::call<(&str, usize), <alloc[508e33bd5656020b]::vec::Vec<(&str, usize)>>::extend_trusted<core[ed718c3d60ebd546]::iter::adapters::map::Map<core[ed718c3d60ebd546]::iter::adapters::enumerate::Enumerate<core[ed718c3d60ebd546]::iter::adapters::map::Map<core[ed718c3d60ebd546]::ops::range::Range<usize>, <zerovec[bebf1a62a3c1fad0]::map2d::map::ZeroMap2d<icu_time[fb65173487e4cb3a]::zone::TimeZone, icu_time[fb65173487e4cb3a]::zone::zone_name_timestamp::ZoneNameTimestamp, zerovec[bebf1a62a3c1fad0]::ule::niche::NichedOption<core[ed718c3d60ebd546]::num::nonzero::NonZero<u8>, 1usize>>>::iter0::{closure#0}>>, icu_datetime[a89e5169bb62ebbc]::provider::time_zones::legacy::metazone_timezone_compat<&&icu_provider_blob[7aedd55e3b0a236f]::blob_data_provider::BlobDataProvider>::{closure#0}>>::{closure#0}>::{closure#0}>",59,0.00979783252016859,,
<icu_datetime[a89e5169bb62ebbc]::format::time_zone::Iso8601Format as icu_datetime[a89e5169bb62ebbc]::format::time_zone::FormatTimeZone>::format::<writeable[b3b2ab86242271a5]::parts_write_adapter::CoreWriteAsPartsWrite<&mut alloc[508e33bd5656020b]::string::String>>,59,0.00979783252016859,,
<icu_decimal[22a00049869067f7]::preferences::DecimalFormatterPreferences as core[ed718c3d60ebd546]::convert::From<&icu_datetime[a89e5169bb62ebbc]::neo::DateTimeFormatterPreferences>>::from,59,0.00979783252016859,,
"<icu_datetime[a89e5169bb62ebbc]::raw::neo::DateTimeZonePatternSelectionData>::try_new_with_skeleton::<icu_provider[cb9726a465308544]::data_provider::DataProviderWithMarker<icu_datetime[a89e5169bb62ebbc]::provider::semantic_skeletons::DatetimePatternsDateGregorianV1, &icu_datetime[a89e5169bb62ebbc]::provider::compat::CompatProvider<&icu_provider[cb9726a465308544]::buf::serde::DeserializingBufferProvider<icu_provider_blob[7aedd55e3b0a236f]::blob_data_provider::BlobDataProvider>, &&icu_provider_blob[7aedd55e3b0a236f]::blob_data_provider::BlobDataProvider>>, icu_provider[cb9726a465308544]::data_provider::DataProviderWithMarker<icu_datetime[a89e5169bb62ebbc]::provider::semantic_skeletons::DatetimePatternsTimeV1, &icu_datetime[a89e5169bb62ebbc]::provider::compat::CompatProvider<&icu_provider[cb9726a465308544]::buf::serde::DeserializingBufferProvider<icu_provider_blob[7aedd55e3b0a236f]::blob_data_provider::BlobDataProvider>, &&icu_provider_blob[7aedd55e3b0a236f]::blob_data_provider::BlobDataProvider>>, icu_provider[cb9726a465308544]::data_provider::DataProviderWithMarker<icu_datetime[a89e5169bb62ebbc]::provider::semantic_skeletons::DatetimePatternsGlueV1, &icu_datetime[a89e5169bb62ebbc]::provider::compat::CompatProvider<&icu_provider[cb9726a465308544]::buf::serde::DeserializingBufferProvider<icu_provider_blob[7aedd55e3b0a236f]::blob_data_provider::BlobDataProvider>, &&icu_provider_blob[7aedd55e3b0a236f]::blob_data_provider::BlobDataProvider>>>::{closure#1}",58,0.00963176756219963,,
"<core[ed718c3d60ebd546]::iter::adapters::map::Map<&mut icu_locale_core[80ffd7f212f7bd21]::parser::SubtagIterator, <icu_locale_core[80ffd7f212f7bd21]::extensions::private::other::Subtag>::try_from_utf8> as core[ed718c3d60ebd546]::iter::traits::iterator::Iterator>::try_fold::<(), <core[ed718c3d60ebd546]::iter::adapters::GenericShunt<core[ed718c3d60ebd546]::iter::adapters::map::Map<&mut icu_locale_core[80ffd7f212f7bd21]::parser::SubtagIterator, <icu_locale_core[80ffd7f212f7bd21]::extensions::private::other::Subtag>::try_from_utf8>, core[ed718c3d60ebd546]::result::Result<core[ed718c3d60ebd546]::convert::Infallible, icu_locale_core[80ffd7f212f7bd21]::parser::errors::ParseError>> as core[ed718c3d60ebd546]::iter::traits::iterator::Iterator>::try_fold<(), core[ed718c3d60ebd546]::iter::traits::iterator::Iterator::try_for_each::call<icu_locale_core[80ffd7f212f7bd21]::extensions::private::other::Subtag, core[ed718c3d60ebd546]::ops::control_flow::ControlFlow<icu_locale_core[80ffd7f212f7bd21]::extensions::private::other::Subtag>, core[ed718c3d60ebd546]::ops::control_flow::ControlFlow<icu_locale_core[80ffd7f212f7bd21]::extensions::private::other::Subtag>::Break>::{closure#0}, core[ed718c3d60ebd546]::ops::control_flow::ControlFlow<icu_locale_core[80ffd7f212f7bd21]::extensions::private::other::Subtag>>::{closure#0}, core[ed718c3d60ebd546]::ops::control_flow::ControlFlow<core[ed718c3d60ebd546]::ops::control_flow::ControlFlow<icu_locale_core[80ffd7f212f7bd21]::extensions::private::other::Subtag>>>",58,0.00963176756219963,,
<alloc[508e33bd5656020b]::vec::Vec<icu_locale_core[80ffd7f212f7bd21]::subtags::Subtag>>::push,58,0.00963176756219963,,
"<core[ed718c3d60ebd546]::iter::adapters::peekable::Peekable<core[ed718c3d60ebd546]::iter::adapters::chain::Chain<core[ed718c3d60ebd546]::option::IntoIter<icu_provider[cb9726a465308544]::request::DataIdentifierBorrowed>, core[ed718c3d60ebd546]::array::iter::IntoIter<icu_provider[cb9726a465308544]::request::DataIdentifierBorrowed, 1usize>>> as core[ed718c3d60ebd546]::iter::traits::iterator::Iterator>::next",58,0.00963176756219963,,
__wbindgen_realloc,57,0.009465702604230672,,
"<alloc[508e33bd5656020b]::collections::btree::map::entry::VacantEntry<alloc[508e33bd5656020b]::vec::Vec<u8>, zerotrie[c520be459a73f88a]::byte_phf::PerfectByteHashMap<alloc[508e33bd5656020b]::vec::Vec<u8>>>>::insert",57,0.009465702604230672,,
<tinystr[b223bb85873903b1]::ascii::TinyAsciiStr<16usize>>::as_str,57,0.009465702604230672,,
<fixed_decimal[f190755009246613]::decimal::UnsignedDecimal>::nonzero_magnitude_end,57,0.009465702604230672,,
"<icu_locale_core[80ffd7f212f7bd21]::shortvec::ShortBoxSlice<(icu_locale_core[80ffd7f212f7bd21]::extensions::unicode::key::Key, icu_locale_core[80ffd7f212f7bd21]::extensions::unicode::value::Value)> as litemap[3dfd17a1a4f9a878]::store::StoreMut<icu_locale_core[80ffd7f212f7bd21]::extensions::unicode::key::Key, icu_locale_core[80ffd7f212f7bd21]::extensions::unicode::value::Value>>::lm_insert",57,0.009465702604230672,,
<icu_pattern[44006f5ff0e3d39e]::frontend::Pattern<icu_pattern[44006f5ff0e3d39e]::single::SinglePlaceholder>>::from_ref_store,57,0.009465702604230672,,
"<alloc[508e33bd5656020b]::collections::btree::node::Handle<alloc[508e33bd5656020b]::collections::btree::node::NodeRef<alloc[508e33bd5656020b]::collections::btree::node::marker::Mut, alloc[508e33bd5656020b]::vec::Vec<u8>, zerotrie[c520be459a73f88a]::byte_phf::PerfectByteHashMap<alloc[508e33bd5656020b]::vec::Vec<u8>>, alloc[508e33bd5656020b]::collections::btree::node::marker::Leaf>, alloc[508e33bd5656020b]::collections::btree::node::marker::KV>>::split::<alloc[508e33bd5656020b]::alloc::Global>",57,0.009465702604230672,,
<core[ed718c3d60ebd546]::str::iter::Chars as core[ed718c3d60ebd546]::iter::traits::double_ended::DoubleEndedIterator>::next_back,56,0.009299637646261712,,
<core[ed718c3d60ebd546]::str::iter::Chars as core[ed718c3d60ebd546]::iter::traits::iterator::Iterator>::next[1],56,0.009299637646261712,,
<tinystr[b223bb85873903b1]::asciibyte::AsciiByte as core[ed718c3d60ebd546]::slice::cmp::SlicePartialEq<tinystr[b223bb85873903b1]::asciibyte::AsciiByte>>::equal_same_length,56,0.009299637646261712,,
<core[ed718c3d60ebd546]::fmt::Formatter>::pad_integral::write_prefix,56,0.009299637646261712,,
<icu_locale_core[80ffd7f212f7bd21]::extensions::unicode::value::Value>::as_subtags_slice,56,0.009299637646261712,,
<alloc[508e33bd5656020b]::alloc::Global>::alloc_impl_runtime[4],56,0.009299637646261712,,
__wbindgen_destroy_closure,56,0.009299637646261712,,
<icu_datetime[a89e5169bb62ebbc]::format::time_zone::Iso8601Format>::without_z,55,0.009133572688292752,,
"<alloc[508e33bd5656020b]::vec::Vec<(usize, alloc[508e33bd5656020b]::vec::Vec<u8>)> as core[ed718c3d60ebd546]::ops::drop::Drop>::drop",55,0.009133572688292752,,
"<alloc[508e33bd5656020b]::vec::Vec<(icu_locale_core[80ffd7f212f7bd21]::extensions::transform::key::Key, icu_locale_core[80ffd7f212f7bd21]::extensions::transform::value::Value)> as core[ed718c3d60ebd546]::ops::drop::Drop>::drop",55,0.009133572688292752,,
fmt multivalue shim,55,0.009133572688292752,,
<core[ed718c3d60ebd546]::num::error::TryFromIntError as core[ed718c3d60ebd546]::fmt::Debug>::fmt,55,0.009133572688292752,,
<icu_decimal[22a00049869067f7]::provider::DecimalSymbolsV1 as icu_provider[cb9726a465308544]::marker_full::DataMarkerExt>::make_locale,55,0.009133572688292752,,
<core[ed718c3d60ebd546]::ops::range::Range<usize> as core[ed718c3d60ebd546]::slice::index::SliceIndex<[u8]>>::index_mut,54,0.008967507730323794,,
"<zerovec[bebf1a62a3c1fad0]::varzerovec::components::VarZeroVecComponents<icu_plurals[993a8e0f08d05f11]::provider::PluralElementsPackedULE<zerovec[bebf1a62a3c1fad0]::zerovec::slice::ZeroSlice<icu_datetime[a89e5169bb62ebbc]::provider::pattern::item::PatternItem>>, zerovec[bebf1a62a3c1fad0]::varzerovec::components::Index16>>::from_bytes_unchecked",54,0.008967507730323794,,
"<zerovec[bebf1a62a3c1fad0]::varzerovec::components::VarZeroVecComponents<zerovec[bebf1a62a3c1fad0]::ule::vartuple::VarTupleULE<(u8, zerovec[bebf1a62a3c1fad0]::ule::niche::NichedOption<core[ed718c3d60ebd546]::num::nonzero::NonZero<u8>, 1usize>), zerovec[bebf1a62a3c1fad0]::zerovec::slice::ZeroSlice<(icu_time[fb65173487e4cb3a]::provider::Timestamp24, u8, zerovec[bebf1a62a3c1fad0]::ule::niche::NichedOption<core[ed718c3d60ebd546]::num::nonzero::NonZero<u8>, 1usize>)>>, zerovec[bebf1a62a3c1fad0]::varzerovec::components::Index16>>::from_bytes_unchecked",54,0.008967507730323794,,
"<zerovec[bebf1a62a3c1fad0]::varzerovec::components::VarZeroVecComponents<[u8], zerovec[bebf1a62a3c1fad0]::varzerovec::components::Index16>>::from_bytes_unchecked",54,0.008967507730323794,,
"<zerovec[bebf1a62a3c1fad0]::varzerovec::components::VarZeroVecComponents<[u8], zerovec[bebf1a62a3c1fad0]::varzerovec::components::Index32>>::from_bytes_unchecked",54,0.008967507730323794,,
<alloc[508e33bd5656020b]::string::String>::push,54,0.008967507730323794,,
<icu_datetime[a89e5169bb62ebbc]::provider::fields::symbols::DecimalSecond>::from_idx,54,0.008967507730323794,,
<icu_plurals[993a8e0f08d05f11]::provider::PluralElementsPackedULE<zerovec[bebf1a62a3c1fad0]::zerovec::slice::ZeroSlice<icu_datetime[a89e5169bb62ebbc]::provider::pattern::item::PatternItem>>>::get_default,54,0.008967507730323794,,
<fixed_decimal[f190755009246613]::variations::Signed<fixed_decimal[f190755009246613]::decimal::UnsignedDecimal> as core[ed718c3d60ebd546]::convert::From<u32>>::from,54,0.008967507730323794,,
<fixed_decimal[f190755009246613]::variations::Signed<fixed_decimal[f190755009246613]::decimal::UnsignedDecimal> as core[ed718c3d60ebd546]::convert::From<u16>>::from,54,0.008967507730323794,,
<zerotrie[c520be459a73f88a]::builder::konst::store::ConstSlice<zerotrie[c520be459a73f88a]::builder::branch_meta::BranchMeta>>::get_or_panic,54,0.008967507730323794,,
"<zerovec[bebf1a62a3c1fad0]::map2d::cursor::ZeroMap2dCursor<icu_time[fb65173487e4cb3a]::zone::TimeZone, icu_time[fb65173487e4cb3a]::zone::zone_name_timestamp::ZoneNameTimestamp, zerovec[bebf1a62a3c1fad0]::ule::niche::NichedOption<core[ed718c3d60ebd546]::num::nonzero::NonZero<u8>, 1usize>>>::get1_copied_at",54,0.008967507730323794,,
"alloc[508e33bd5656020b]::collections::btree::node::move_to_slice::<core[ed718c3d60ebd546]::ptr::non_null::NonNull<alloc[508e33bd5656020b]::collections::btree::node::LeafNode<alloc[508e33bd5656020b]::vec::Vec<u8>, zerotrie[c520be459a73f88a]::byte_phf::PerfectByteHashMap<alloc[508e33bd5656020b]::vec::Vec<u8>>>>>",54,0.008967507730323794,,
alloc[508e33bd5656020b]::collections::btree::node::move_to_slice::<alloc[508e33bd5656020b]::vec::Vec<u8>>,54,0.008967507730323794,,
<tinystr[b223bb85873903b1]::int_ops::Aligned4>::to_ascii_titlecase,54,0.008967507730323794,,
<icu_datetime[a89e5169bb62ebbc]::pattern::names::WeekdayNameLength as icu_datetime[a89e5169bb62ebbc]::scaffold::names_storage::MaybeAsErrorField>::maybe_as_error_field,54,0.008967507730323794,,
<tinystr[b223bb85873903b1]::int_ops::Aligned4>::is_ascii_alphabetic,54,0.008967507730323794,,
<zerovec[bebf1a62a3c1fad0]::zerovec::slice::ZeroSlice<icu_time[fb65173487e4cb3a]::zone::TimeZone>>::binary_search::{closure#0},53,0.008801442772354834,,
<fixed_decimal[f190755009246613]::variations::Signed<fixed_decimal[f190755009246613]::decimal::UnsignedDecimal> as core[ed718c3d60ebd546]::convert::From<u8>>::from,53,0.008801442772354834,,
<alloc[508e33bd5656020b]::rc::Rc<alloc[508e33bd5656020b]::boxed::Box<[u8]>>>::new,53,0.008801442772354834,,
<alloc[508e33bd5656020b]::collections::vec_deque::VecDeque<u8> as zerotrie[c520be459a73f88a]::builder::nonconst::store::TrieBuilderStore>::atbs_extend_front,52,0.008635377814385874,,
"<zerovec[bebf1a62a3c1fad0]::varzerovec::owned::VarZeroVecOwned<zerovec[bebf1a62a3c1fad0]::ule::vartuple::VarTupleULE<(u8, zerovec[bebf1a62a3c1fad0]::ule::niche::NichedOption<core[ed718c3d60ebd546]::num::nonzero::NonZero<u8>, 1usize>), zerovec[bebf1a62a3c1fad0]::zerovec::slice::ZeroSlice<(icu_time[fb65173487e4cb3a]::provider::Timestamp24, u8, zerovec[bebf1a62a3c1fad0]::ule::niche::NichedOption<core[ed718c3d60ebd546]::num::nonzero::NonZero<u8>, 1usize>)>>>>::push::<zerovec[bebf1a62a3c1fad0]::ule::vartuple::VarTuple<(u8, zerovec[bebf1a62a3c1fad0]::ule::niche::NichedOption<core[ed718c3d60ebd546]::num::nonzero::NonZero<u8>, 1usize>), &zerovec[bebf1a62a3c1fad0]::zerovec::slice::ZeroSlice<(icu_time[fb65173487e4cb3a]::provider::Timestamp24, u8, zerovec[bebf1a62a3c1fad0]::ule::niche::NichedOption<core[ed718c3d60ebd546]::num::nonzero::NonZero<u8>, 1usize>)>>>",52,0.008635377814385874,,
"<zerovec[bebf1a62a3c1fad0]::zerovec::ZeroVec<(icu_time[fb65173487e4cb3a]::provider::Timestamp24, u8, zerovec[bebf1a62a3c1fad0]::ule::niche::NichedOption<core[ed718c3d60ebd546]::num::nonzero::NonZero<u8>, 1usize>)> as core[ed718c3d60ebd546]::iter::traits::collect::FromIterator<(icu_time[fb65173487e4cb3a]::provider::Timestamp24, u8, zerovec[bebf1a62a3c1fad0]::ule::niche::NichedOption<core[ed718c3d60ebd546]::num::nonzero::NonZero<u8>, 1usize>)>>::from_iter::<core[ed718c3d60ebd546]::iter::adapters::map::Map<core[ed718c3d60ebd546]::iter::adapters::map::Map<core[ed718c3d60ebd546]::ops::range::Range<usize>, <zerovec[bebf1a62a3c1fad0]::map2d::cursor::ZeroMap2dCursor<icu_time[fb65173487e4cb3a]::zone::TimeZone, icu_time[fb65173487e4cb3a]::zone::zone_name_timestamp::ZoneNameTimestamp, zerovec[bebf1a62a3c1fad0]::ule::niche::NichedOption<core[ed718c3d60ebd546]::num::nonzero::NonZero<u8>, 1usize>>>::into_iter1_copied::{closure#0}>, icu_datetime[a89e5169bb62ebbc]::provider::time_zones::legacy::metazone_timezone_compat<&&icu_provider_blob[7aedd55e3b0a236f]::blob_data_provider::BlobDataProvider>::{closure#1}>>",52,0.008635377814385874,,
<tinystr[b223bb85873903b1]::ascii::TinyAsciiStr<3usize>>::as_str,52,0.008635377814385874,,
<tinystr[b223bb85873903b1]::ascii::TinyAsciiStr<4usize>>::as_str,52,0.008635377814385874,,
<alloc[508e33bd5656020b]::vec::Vec<icu_locale_core[80ffd7f212f7bd21]::extensions::other::Other> as core[ed718c3d60ebd546]::ops::drop::Drop>::drop,52,0.008635377814385874,,
<alloc[508e33bd5656020b]::vec::Vec<u8>>::push,52,0.008635377814385874,,
<icu_locale_core[80ffd7f212f7bd21]::preferences::extensions::unicode::keywords::hour_cycle::HourCycle as icu_locale_core[80ffd7f212f7bd21]::preferences::PreferenceKey>::try_from_key_value,52,0.008635377814385874,,
<icu_calendar[9ded05a9b369afae]::cal::abstract_gregorian::AbstractGregorian<icu_calendar[9ded05a9b369afae]::cal::iso::IsoEra> as icu_calendar[9ded05a9b369afae]::calendar_arithmetic::DateFieldsResolver>::days_in_provided_month,51,0.008469312856416916,,
calendrical_calculations[8fb18fd2ba555b56]::gregorian::day_before_year,51,0.008469312856416916,,
<fixed_decimal[f190755009246613]::variations::Signed<fixed_decimal[f190755009246613]::decimal::UnsignedDecimal>>::with_sign_display,51,0.008469312856416916,,
"core[ed718c3d60ebd546]::result::Result::<icu_locale_core[80ffd7f212f7bd21]::preferences::locale::LocalePreferences, icu_locale_core[80ffd7f212f7bd21]::preferences::locale::LocalePreferences>::Ok",51,0.008469312856416916,,
"core[ed718c3d60ebd546]::result::Result::<icu_locale_core[80ffd7f212f7bd21]::preferences::locale::LocalePreferences, icu_locale_core[80ffd7f212f7bd21]::preferences::locale::LocalePreferences>::Err",51,0.008469312856416916,,
<tinystr[b223bb85873903b1]::ascii::TinyAsciiStr<8usize>>::is_ascii_lowercase,51,0.008469312856416916,,
mf2dt[cf7edd48dfb2ab59]::two,50,0.008303247898447958,,
"core[ed718c3d60ebd546]::iter::adapters::flatten::and_then_or_clear::<zerovec[bebf1a62a3c1fad0]::zerovec::slice::ZeroSliceIter<icu_datetime[a89e5169bb62ebbc]::provider::pattern::item::PatternItem>, icu_datetime[a89e5169bb62ebbc]::provider::pattern::item::PatternItem, <zerovec[bebf1a62a3c1fad0]::zerovec::slice::ZeroSliceIter<icu_datetime[a89e5169bb62ebbc]::provider::pattern::item::PatternItem> as core[ed718c3d60ebd546]::iter::traits::iterator::Iterator>::next>",50,0.008303247898447958,,
<icu_locale_core[80ffd7f212f7bd21]::preferences::extensions::unicode::keywords::calendar::CalendarAlgorithm as icu_locale_core[80ffd7f212f7bd21]::preferences::PreferenceKey>::try_from_key_value,50,0.008303247898447958,,
<icu_calendar[9ded05a9b369afae]::types::Weekday as core[ed718c3d60ebd546]::convert::From<calendrical_calculations[8fb18fd2ba555b56]::rata_die::RataDie>>::from,50,0.008303247898447958,,
dt_icu[55c8369e3928839]::write::<icu_datetime[a89e5169bb62ebbc]::unchecked::FormattedDateTimeUnchecked>,49,0.008137182940478998,,
<zerovec[bebf1a62a3c1fad0]::varzerovec::vec::VarZeroVec<str> as zerovec[bebf1a62a3c1fad0]::map::vecs::ZeroVecLike<str>>::zvl_len,49,0.008137182940478998,,
"<alloc[508e33bd5656020b]::rc::Weak<alloc[508e33bd5656020b]::boxed::Box<[u8]>, &alloc[508e33bd5656020b]::alloc::Global> as core[ed718c3d60ebd546]::ops::drop::Drop>::drop",49,0.008137182940478998,,
"core[ed718c3d60ebd546]::ptr::drop_glue::<yoke[28063c787be73a0e]::yoke::Yoke<icu_datetime[a89e5169bb62ebbc]::provider::names::YearNames, yoke[28063c787be73a0e]::cartable_ptr::CartableOptionPointer<alloc[508e33bd5656020b]::rc::Rc<alloc[508e33bd5656020b]::boxed::Box<[u8]>>>>>",49,0.008137182940478998,,
<zerovec[bebf1a62a3c1fad0]::ule::plain::RawBytesULE<2usize> as zerovec[bebf1a62a3c1fad0]::varzerovec::components::IntegerULE>::iule_from_usize,48,0.007971117982510038,,
smallvec[a949934cda03ae4d]::infallible::<()>,48,0.007971117982510038,,
<core[ed718c3d60ebd546]::ops::range::RangeFrom<usize> as core[ed718c3d60ebd546]::slice::index::SliceIndex<[u8]>>::index_mut,47,0.007805053024541079,,
<core[ed718c3d60ebd546]::ops::range::RangeFrom<usize> as core[ed718c3d60ebd546]::slice::index::SliceIndex<[u8]>>::index,47,0.007805053024541079,,
<smallvec[a949934cda03ae4d]::SmallVec<[u8; 8usize]>>::reserve,47,0.007805053024541079,,
__rustc[100742bb89c490cb]::rust_begin_unwind,47,0.007805053024541079,,
<[u8; 10usize] as core[ed718c3d60ebd546]::ops::index::Index<core[ed718c3d60ebd546]::ops::range::RangeFrom<usize>>>::index,46,0.00763898806657212,,
<icu_locale_core[80ffd7f212f7bd21]::extensions::unicode::subdivision::SubdivisionSuffix>::is_unknown,46,0.00763898806657212,,
<tinystr[b223bb85873903b1]::ascii::TinyAsciiStr<3usize>>::is_ascii_numeric,46,0.00763898806657212,,
<icu_locale_core[80ffd7f212f7bd21]::extensions::other::Other as core[ed718c3d60ebd546]::cmp::Ord>::cmp,45,0.007472923108603161,,
<icu_datetime[a89e5169bb62ebbc]::neo::DateTimeFormatterPreferences as core[ed718c3d60ebd546]::convert::From<&icu_locale_core[80ffd7f212f7bd21]::locale::Locale>>::from,44,0.0073068581506342024,,
core[ed718c3d60ebd546]::ptr::drop_glue::<icu_provider[cb9726a465308544]::response::DataPayload<icu_datetime[a89e5169bb62ebbc]::provider::time_zones::TimezoneNamesEssentialsV1>>,44,0.0073068581506342024,,
<tinystr[b223bb85873903b1]::ascii::TinyAsciiStr<8usize>>::len,44,0.0073068581506342024,,
<tinystr[b223bb85873903b1]::ascii::TinyAsciiStr<3usize>>::len,44,0.0073068581506342024,,
<tinystr[b223bb85873903b1]::ascii::TinyAsciiStr<3usize>>::is_ascii_alphabetic,44,0.0073068581506342024,,
"<zerovec[bebf1a62a3c1fad0]::map2d::cursor::ZeroMap2dCursor<icu_time[fb65173487e4cb3a]::zone::TimeZone, icu_time[fb65173487e4cb3a]::zone::zone_name_timestamp::ZoneNameTimestamp, zerovec[bebf1a62a3c1fad0]::ule::niche::NichedOption<core[ed718c3d60ebd546]::num::nonzero::NonZero<u8>, 1usize>>>::key0",44,0.0073068581506342024,,
"<zerovec[bebf1a62a3c1fad0]::varzerovec::slice::VarZeroSlice<zerovec[bebf1a62a3c1fad0]::ule::vartuple::VarTupleULE<(u8, zerovec[bebf1a62a3c1fad0]::ule::niche::NichedOption<core[ed718c3d60ebd546]::num::nonzero::NonZero<u8>, 1usize>), zerovec[bebf1a62a3c1fad0]::zerovec::slice::ZeroSlice<(icu_time[fb65173487e4cb3a]::provider::Timestamp24, u8, zerovec[bebf1a62a3c1fad0]::ule::niche::NichedOption<core[ed718c3d60ebd546]::num::nonzero::NonZero<u8>, 1usize>)>>>>::len",43,0.007140793192665243,,
"<icu_pattern[44006f5ff0e3d39e]::frontend::WriteablePattern<icu_pattern[44006f5ff0e3d39e]::single::SinglePlaceholder, [&str; 1usize]> as writeable[b3b2ab86242271a5]::try_writeable::TryWriteable>::try_write_to::<writeable[b3b2ab86242271a5]::parts_write_adapter::CoreWriteAsPartsWrite<&mut alloc[508e33bd5656020b]::string::String>>",43,0.007140793192665243,,
"<icu_pattern[44006f5ff0e3d39e]::frontend::WriteablePattern<icu_pattern[44006f5ff0e3d39e]::single::SinglePlaceholder, [icu_decimal[22a00049869067f7]::decimal_formatter::FormattedDecimal; 1usize]> as writeable[b3b2ab86242271a5]::try_writeable::TryWriteable>::try_write_to::<writeable[b3b2ab86242271a5]::parts_write_adapter::CoreWriteAsPartsWrite<&mut alloc[508e33bd5656020b]::string::String>>",43,0.007140793192665243,,
"<icu_pattern[44006f5ff0e3d39e]::frontend::WriteablePattern<icu_pattern[44006f5ff0e3d39e]::single::SinglePlaceholder, [fixed_decimal[f190755009246613]::variations::Signed<fixed_decimal[f190755009246613]::decimal::UnsignedDecimal>; 1usize]> as writeable[b3b2ab86242271a5]::try_writeable::TryWriteable>::try_write_to::<writeable[b3b2ab86242271a5]::parts_write_adapter::CoreWriteAsPartsWrite<&mut alloc[508e33bd5656020b]::string::String>>",43,0.007140793192665243,,
<icu_decimal[22a00049869067f7]::decimal_formatter::FormattedSign<icu_decimal[22a00049869067f7]::decimal_formatter::FormattedUnsignedDecimal> as writeable[b3b2ab86242271a5]::Writeable>::write_to::<writeable[b3b2ab86242271a5]::parts_write_adapter::CoreWriteAsPartsWrite<&mut alloc[508e33bd5656020b]::string::String>>,43,0.007140793192665243,,
<icu_decimal[22a00049869067f7]::decimal_formatter::FormattedSign<icu_decimal[22a00049869067f7]::decimal_formatter::FormattedUnsignedDecimal> as writeable[b3b2ab86242271a5]::Writeable>::write_to::<writeable[b3b2ab86242271a5]::parts_write_adapter::CoreWriteAsPartsWrite<&mut writeable[b3b2ab86242271a5]::parts_write_adapter::CoreWriteAsPartsWrite<&mut alloc[508e33bd5656020b]::string::String>>>,43,0.007140793192665243,,
"<icu_pattern[44006f5ff0e3d39e]::frontend::WriteablePattern<icu_pattern[44006f5ff0e3d39e]::single::SinglePlaceholder, [<icu_datetime[a89e5169bb62ebbc]::format::time_zone::LocalizedOffsetFormat as icu_datetime[a89e5169bb62ebbc]::format::time_zone::FormatTimeZone>::format::FormattedOffset; 1usize]> as writeable[b3b2ab86242271a5]::try_writeable::TryWriteable>::try_write_to::<writeable[b3b2ab86242271a5]::parts_write_adapter::CoreWriteAsPartsWrite<&mut alloc[508e33bd5656020b]::string::String>>",43,0.007140793192665243,,
"<icu_pattern[44006f5ff0e3d39e]::frontend::WriteablePattern<icu_pattern[44006f5ff0e3d39e]::double::DoublePlaceholder, [&str; 2usize]> as writeable[b3b2ab86242271a5]::try_writeable::TryWriteable>::try_write_to::<writeable[b3b2ab86242271a5]::parts_write_adapter::CoreWriteAsPartsWrite<&mut alloc[508e33bd5656020b]::string::String>>",43,0.007140793192665243,,
<zerovec[bebf1a62a3c1fad0]::varzerovec::slice::VarZeroSlice<str>>::len,43,0.007140793192665243,,
<tinystr[b223bb85873903b1]::ascii::TinyAsciiStr<4usize>>::try_from_raw,43,0.007140793192665243,,
core[ed718c3d60ebd546]::slice::copy_from_slice_impl::<u8>,43,0.007140793192665243,,
core[ed718c3d60ebd546]::slice::copy_from_slice_impl::<u8>[1],43,0.007140793192665243,,
<tinystr[b223bb85873903b1]::int_ops::Aligned4>::to_ascii_uppercase,43,0.007140793192665243,,
<u8 as core[ed718c3d60ebd546]::slice::cmp::SliceOrd>::compare,42,0.006974728234696284,,
<[u8] as core[ed718c3d60ebd546]::cmp::Ord>::cmp,42,0.006974728234696284,,
<icu_decimal[22a00049869067f7]::decimal_formatter::DecimalFormatter>::try_new_with_buffer_provider::<icu_provider_blob[7aedd55e3b0a236f]::blob_data_provider::BlobDataProvider>,42,0.006974728234696284,,
<fixed_decimal[f190755009246613]::decimal::UnsignedDecimal>::is_rounded::<fixed_decimal[f190755009246613]::rounding::NoIncrement>,42,0.006974728234696284,,
<icu_locale_core[80ffd7f212f7bd21]::extensions::unicode::value::Value as core[ed718c3d60ebd546]::convert::From<&icu_locale_core[80ffd7f212f7bd21]::preferences::extensions::unicode::keywords::region_override::RegionOverride>>::from,42,0.006974728234696284,,
"<alloc[508e33bd5656020b]::vec::Vec<(usize, alloc[508e33bd5656020b]::vec::Vec<u8>)> as core[ed718c3d60ebd546]::ops::index::Index<usize>>::index",42,0.006974728234696284,,
core[ed718c3d60ebd546]::ptr::drop_glue::<icu_locale_core[80ffd7f212f7bd21]::langid::LanguageIdentifier>,42,0.006974728234696284,,
core[ed718c3d60ebd546]::ptr::drop_glue::<icu_locale_core[80ffd7f212f7bd21]::extensions::unicode::value::Value>,42,0.006974728234696284,,
"core[ed718c3d60ebd546]::ptr::drop_glue::<(icu_locale_core[80ffd7f212f7bd21]::extensions::unicode::key::Key, icu_locale_core[80ffd7f212f7bd21]::extensions::unicode::value::Value)>",42,0.006974728234696284,,
core[ed718c3d60ebd546]::ptr::drop_glue::<icu_locale_core[80ffd7f212f7bd21]::shortvec::ShortBoxSliceInner<icu_locale_core[80ffd7f212f7bd21]::subtags::Subtag>>,42,0.006974728234696284,,
<icu_provider[cb9726a465308544]::error::DataError as core[ed718c3d60ebd546]::convert::From<postcard[4ec100a46e8476d3]::error::Error>>::from,42,0.006974728234696284,,
<icu_datetime[a89e5169bb62ebbc]::unchecked::FormattedDateTimeUnchecked as writeable[b3b2ab86242271a5]::try_writeable::TryWriteable>::try_write_to::<alloc[508e33bd5656020b]::string::String>,41,0.006808663276727325,,
<icu_datetime[a89e5169bb62ebbc]::fieldsets::enums::DateAndTimeFieldSet>::to_time_field_set,41,0.006808663276727325,,
<icu_provider[cb9726a465308544]::response::DataPayload<icu_provider[cb9726a465308544]::buf::BufferMarker>>::into_deserialized::<icu_decimal[22a00049869067f7]::provider::DecimalDigitsV1>,41,0.006808663276727325,,
<icu_provider[cb9726a465308544]::response::DataPayload<icu_provider[cb9726a465308544]::buf::BufferMarker>>::into_deserialized::<icu_decimal[22a00049869067f7]::provider::DecimalSymbolsV1>,41,0.006808663276727325,,
<icu_provider[cb9726a465308544]::response::DataPayload<icu_provider[cb9726a465308544]::buf::BufferMarker>>::into_deserialized::<icu_time[fb65173487e4cb3a]::provider::TimezonePeriodsV1>,41,0.006808663276727325,,
<icu_provider[cb9726a465308544]::response::DataPayload<icu_provider[cb9726a465308544]::buf::BufferMarker>>::into_deserialized::<icu_datetime[a89e5169bb62ebbc]::provider::time_zones::TimezoneNamesCitiesRootV1>,41,0.006808663276727325,,
<icu_provider[cb9726a465308544]::response::DataPayload<icu_provider[cb9726a465308544]::buf::BufferMarker>>::into_deserialized::<icu_datetime[a89e5169bb62ebbc]::provider::time_zones::TimezoneNamesEssentialsV1>,41,0.006808663276727325,,
<icu_provider[cb9726a465308544]::response::DataPayload<icu_provider[cb9726a465308544]::buf::BufferMarker>>::into_deserialized::<icu_datetime[a89e5169bb62ebbc]::provider::time_zones::TimezoneNamesGenericLongV1>,41,0.006808663276727325,,
<icu_provider[cb9726a465308544]::response::DataPayload<icu_provider[cb9726a465308544]::buf::BufferMarker>>::into_deserialized::<icu_datetime[a89e5169bb62ebbc]::provider::time_zones::TimezoneNamesSpecificLongV1>,41,0.006808663276727325,,
<icu_provider[cb9726a465308544]::response::DataPayload<icu_provider[cb9726a465308544]::buf::BufferMarker>>::into_deserialized::<icu_datetime[a89e5169bb62ebbc]::provider::time_zones::TimezoneNamesLocationsRootV1>,41,0.006808663276727325,,
<icu_provider[cb9726a465308544]::response::DataPayload<icu_provider[cb9726a465308544]::buf::BufferMarker>>::into_deserialized::<icu_datetime[a89e5169bb62ebbc]::provider::semantic_skeletons::DatetimePatternsGlueV1>,41,0.006808663276727325,,
<icu_provider[cb9726a465308544]::response::DataPayload<icu_provider[cb9726a465308544]::buf::BufferMarker>>::into_deserialized::<icu_datetime[a89e5169bb62ebbc]::provider::semantic_skeletons::DatetimePatternsTimeV1>,41,0.006808663276727325,,
<icu_provider[cb9726a465308544]::response::DataPayload<icu_provider[cb9726a465308544]::buf::BufferMarker>>::into_deserialized::<icu_datetime[a89e5169bb62ebbc]::provider::names::DatetimeNamesWeekdayV1>,41,0.006808663276727325,,
<icu_provider[cb9726a465308544]::response::DataPayload<icu_provider[cb9726a465308544]::buf::BufferMarker>>::into_deserialized::<icu_datetime[a89e5169bb62ebbc]::provider::names::DatetimeNamesDayperiodV1>,41,0.006808663276727325,,
<icu_provider[cb9726a465308544]::response::DataPayload<icu_provider[cb9726a465308544]::buf::BufferMarker>>::into_deserialized::<icu_datetime[a89e5169bb62ebbc]::provider::names::DatetimeNamesYearGregorianV1>,41,0.006808663276727325,,
<icu_provider[cb9726a465308544]::response::DataPayload<icu_provider[cb9726a465308544]::buf::BufferMarker>>::into_deserialized::<icu_datetime[a89e5169bb62ebbc]::provider::names::DatetimeNamesMonthGregorianV1>,41,0.006808663276727325,,
<icu_provider[cb9726a465308544]::response::DataPayload<icu_provider[cb9726a465308544]::buf::BufferMarker>>::into_deserialized::<icu_datetime[a89e5169bb62ebbc]::provider::time_zones::legacy::TimezoneMetazonePeriodsV1>,41,0.006808663276727325,,
<alloc[508e33bd5656020b]::vec::Vec<u8>>::resize,41,0.006808663276727325,,
"<icu_datetime[a89e5169bb62ebbc]::neo::FixedCalendarDateTimeFormatter<icu_calendar[9ded05a9b369afae]::cal::gregorian::Gregorian, icu_datetime[a89e5169bb62ebbc]::fieldsets::enums::CompositeFieldSet>>::format_unchecked",41,0.006808663276727325,,
<smallvec[a949934cda03ae4d]::Drain<[u8; 8usize]> as core[ed718c3d60ebd546]::iter::traits::iterator::Iterator>::next,41,0.006808663276727325,,
"core[ed718c3d60ebd546]::slice::sort::shared::smallsort::sort8_stable::<(usize, alloc[508e33bd5656020b]::vec::Vec<u8>), <[(usize, alloc[508e33bd5656020b]::vec::Vec<u8>)]>::sort_by_key<isize, zerotrie[c520be459a73f88a]::byte_phf::builder::find::{closure#1}>::{closure#0}>",41,0.006808663276727325,,
"<litemap[3dfd17a1a4f9a878]::map::LiteMap<icu_locale_core[80ffd7f212f7bd21]::extensions::transform::key::Key, icu_locale_core[80ffd7f212f7bd21]::extensions::transform::value::Value>>::iter",41,0.006808663276727325,,
<fixed_decimal[f190755009246613]::decimal::UnsignedDecimal>::multiplied_pow10,41,0.006808663276727325,,
<tinystr[b223bb85873903b1]::int_ops::Aligned4>::to_ascii_lowercase,41,0.006808663276727325,,
core[ed718c3d60ebd546]::slice::sort::stable::drift::sqrt_approx,40,0.006642598318758365,,
<fixed_decimal[f190755009246613]::decimal::UnsignedDecimal>::pad_end,40,0.006642598318758365,,
"<alloc[508e33bd5656020b]::vec::Vec<zerovec[bebf1a62a3c1fad0]::ule::tuple::Tuple3ULE<zerovec[bebf1a62a3c1fad0]::ule::plain::RawBytesULE<3usize>, u8, zerovec[bebf1a62a3c1fad0]::ule::niche::NichedOptionULE<core[ed718c3d60ebd546]::num::nonzero::NonZero<u8>, 1usize>>>>::reserve",40,0.006642598318758365,,
"<alloc[508e33bd5656020b]::vec::Vec<(zerotrie[c520be459a73f88a]::serde::SerdeByteStrOwned, usize)>>::reserve",40,0.006642598318758365,,
"<alloc[508e33bd5656020b]::vec::Vec<(&[u8], usize)>>::reserve",40,0.006642598318758365,,
"<alloc[508e33bd5656020b]::vec::Vec<(usize, alloc[508e33bd5656020b]::vec::Vec<u8>)>>::reserve",40,0.006642598318758365,,
<alloc[508e33bd5656020b]::vec::Vec<bool>>::reserve,40,0.006642598318758365,,
"<alloc[508e33bd5656020b]::vec::Vec<(&[u8], usize)> as core[ed718c3d60ebd546]::slice::sort::stable::BufGuard<(&[u8], usize)>>::as_uninit_slice_mut",40,0.006642598318758365,,
<alloc[508e33bd5656020b]::vec::Vec<icu_locale_core[80ffd7f212f7bd21]::subtags::Subtag>>::reserve,40,0.006642598318758365,,
<alloc[508e33bd5656020b]::vec::Vec<u8>>::reserve,40,0.006642598318758365,,
<icu_datetime[a89e5169bb62ebbc]::fieldsets::enums::TimeFieldSet>::id_str_for_hour_cycle,40,0.006642598318758365,,
"<core[ed718c3d60ebd546]::slice::sort::stable::merge::MergeState<(&[u8], usize)> as core[ed718c3d60ebd546]::ops::drop::Drop>::drop",40,0.006642598318758365,,
"core[ed718c3d60ebd546]::slice::sort::shared::smallsort::sort8_stable::<(&[u8], usize), <[(&[u8], usize)]>::sort_by<<zerotrie[c520be459a73f88a]::builder::nonconst::builder::ZeroTrieBuilder<alloc[508e33bd5656020b]::collections::vec_deque::VecDeque<u8>>>::from_bytes_iter<&str, core[ed718c3d60ebd546]::iter::adapters::map::Map<core[ed718c3d60ebd546]::iter::adapters::enumerate::Enumerate<core[ed718c3d60ebd546]::iter::adapters::map::Map<core[ed718c3d60ebd546]::ops::range::Range<usize>, <zerovec[bebf1a62a3c1fad0]::map2d::map::ZeroMap2d<icu_time[fb65173487e4cb3a]::zone::TimeZone, icu_time[fb65173487e4cb3a]::zone::zone_name_timestamp::ZoneNameTimestamp, zerovec[bebf1a62a3c1fad0]::ule::niche::NichedOption<core[ed718c3d60ebd546]::num::nonzero::NonZero<u8>, 1usize>>>::iter0::{closure#0}>>, icu_datetime[a89e5169bb62ebbc]::provider::time_zones::legacy::metazone_timezone_compat<&&icu_provider_blob[7aedd55e3b0a236f]::blob_data_provider::BlobDataProvider>::{closure#0}>>::{closure#1}>::{closure#0}>",39,0.006476533360789407,,
core[ed718c3d60ebd546]::ptr::drop_glue::<core[ed718c3d60ebd546]::option::Option<icu_decimal[22a00049869067f7]::decimal_formatter::DecimalFormatter>>,39,0.006476533360789407,,
<alloc[508e33bd5656020b]::vec::Vec<u8> as core[ed718c3d60ebd546]::ops::index::Index<usize>>::index,39,0.006476533360789407,,
<alloc[508e33bd5656020b]::vec::Vec<bool> as core[ed718c3d60ebd546]::ops::index::Index<usize>>::index,39,0.006476533360789407,,
core[ed718c3d60ebd546]::ptr::drop_glue::<alloc[508e33bd5656020b]::borrow::Cow<icu_pattern[44006f5ff0e3d39e]::frontend::Pattern<icu_pattern[44006f5ff0e3d39e]::single::SinglePlaceholder>>>,39,0.006476533360789407,,
<icu_provider[cb9726a465308544]::response::DataPayload<icu_provider[cb9726a465308544]::buf::BufferMarker>>::from_yoked_buffer,39,0.006476533360789407,,
<zerovec[bebf1a62a3c1fad0]::cow::RawVarZeroCow as core[ed718c3d60ebd546]::ops::drop::Drop>::drop,39,0.006476533360789407,,
<icu_datetime[a89e5169bb62ebbc]::provider::day_periods::DayPeriodRules>::name_offset,38,0.006310468402820448,,
std[5a6270b673d0c64d]::alloc::rust_oom,38,0.006310468402820448,,
<zerotrie[c520be459a73f88a]::builder::slice_indices::ByteSliceWithIndices>::last,38,0.006310468402820448,,
<alloc[508e33bd5656020b]::alloc::Global>::alloc_impl_runtime[3],38,0.006310468402820448,,
core[ed718c3d60ebd546]::ptr::drop_glue::<alloc[508e33bd5656020b]::rc::Rc<alloc[508e33bd5656020b]::boxed::Box<[u8]>>>,38,0.006310468402820448,,
"<core[ed718c3d60ebd546]::slice::sort::shared::smallsort::CopyOnDrop<(&[u8], usize)> as core[ed718c3d60ebd546]::ops::drop::Drop>::drop",38,0.006310468402820448,,
"<alloc[508e33bd5656020b]::collections::btree::node::NodeRef<alloc[508e33bd5656020b]::collections::btree::node::marker::Owned, alloc[508e33bd5656020b]::vec::Vec<u8>, zerotrie[c520be459a73f88a]::byte_phf::PerfectByteHashMap<alloc[508e33bd5656020b]::vec::Vec<u8>>, alloc[508e33bd5656020b]::collections::btree::node::marker::Leaf>>::new_leaf::<alloc[508e33bd5656020b]::alloc::Global>",38,0.006310468402820448,,
<core[ed718c3d60ebd546]::option::Option<zerovec[bebf1a62a3c1fad0]::ule::plain::RawBytesULE<2usize>>>::expect,37,0.006144403444851489,,
"<zerovec[bebf1a62a3c1fad0]::varzerovec::owned::VarZeroVecOwned<zerovec[bebf1a62a3c1fad0]::ule::vartuple::VarTupleULE<(u8, zerovec[bebf1a62a3c1fad0]::ule::niche::NichedOption<core[ed718c3d60ebd546]::num::nonzero::NonZero<u8>, 1usize>), zerovec[bebf1a62a3c1fad0]::zerovec::slice::ZeroSlice<(icu_time[fb65173487e4cb3a]::provider::Timestamp24, u8, zerovec[bebf1a62a3c1fad0]::ule::niche::NichedOption<core[ed718c3d60ebd546]::num::nonzero::NonZero<u8>, 1usize>)>>>>::element_range_unchecked",37,0.006144403444851489,,
<icu_datetime[a89e5169bb62ebbc]::fieldsets::enums::DateFieldSet>::id_str,37,0.006144403444851489,,
<zerotrie[c520be459a73f88a]::options::ZeroTrieBuilderOptions>::to_u8_flags,36,0.00597833848688253,,
<icu_time[fb65173487e4cb3a]::zone::offset::UtcOffset>::try_from_seconds,36,0.00597833848688253,,
"data segment "".data""",36,0.00597833848688253,,
"<core[ed718c3d60ebd546]::option::Option<icu_datetime[a89e5169bb62ebbc]::fieldsets::enums::ZoneFieldSet>>::map::<icu_datetime[a89e5169bb62ebbc]::raw::neo::ZonePatternSelectionData, <icu_datetime[a89e5169bb62ebbc]::raw::neo::ZonePatternSelectionData>::new_with_skeleton>",35,0.00581227352891357,,
<[u8] as core[ed718c3d60ebd546]::cmp::PartialEq>::eq,34,0.005646208570944611,,
<str as core[ed718c3d60ebd546]::cmp::PartialEq>::eq,34,0.005646208570944611,,
<[u8]>::starts_with,34,0.005646208570944611,,
<icu_provider[cb9726a465308544]::request::DataMarkerAttributes>::try_from_utf8,34,0.005646208570944611,,
<zerovec[bebf1a62a3c1fad0]::zerovec::EyepatchHackVector<icu_datetime[a89e5169bb62ebbc]::provider::pattern::item::ule::PatternItemULE>>::get_vec,34,0.005646208570944611,,
<fixed_decimal[f190755009246613]::ParseError as core[ed718c3d60ebd546]::fmt::Debug>::fmt,34,0.005646208570944611,,
<&core[ed718c3d60ebd546]::num::error::IntErrorKind as core[ed718c3d60ebd546]::fmt::Debug>::fmt,34,0.005646208570944611,,
"core[ed718c3d60ebd546]::ptr::drop_glue::<yoke[28063c787be73a0e]::yoke::Yoke<icu_datetime[a89e5169bb62ebbc]::provider::time_zones::MetazoneSpecificNames, yoke[28063c787be73a0e]::cartable_ptr::CartableOptionPointer<alloc[508e33bd5656020b]::rc::Rc<alloc[508e33bd5656020b]::boxed::Box<[u8]>>>>>",33,0.005480143612975652,,
"core[ed718c3d60ebd546]::ptr::drop_glue::<zerovec[bebf1a62a3c1fad0]::map2d::map::ZeroMap2d<icu_time[fb65173487e4cb3a]::zone::TimeZone, icu_time[fb65173487e4cb3a]::zone::zone_name_timestamp::ZoneNameTimestamp, zerovec[bebf1a62a3c1fad0]::ule::niche::NichedOption<core[ed718c3d60ebd546]::num::nonzero::NonZero<u8>, 1usize>>>",33,0.005480143612975652,,
alloc[508e33bd5656020b]::boxed::box_new_uninit,33,0.005480143612975652,,
core[ed718c3d60ebd546]::ptr::drop_glue::<std[5a6270b673d0c64d]::panicking::panic_handler::FormatStringPayload>,33,0.005480143612975652,,
<alloc[508e33bd5656020b]::collections::vec_deque::VecDeque<u8> as zerotrie[c520be459a73f88a]::builder::nonconst::store::TrieBuilderStore>::atbs_prepend_n_zeros,32,0.005314078655006692,,
<icu_provider[cb9726a465308544]::marker_full::DataMarkerInfo>::make_locale,32,0.005314078655006692,,
std[5a6270b673d0c64d]::alloc::rust_oom::{closure#0},32,0.005314078655006692,,
<icu_calendar[9ded05a9b369afae]::cal::abstract_gregorian::AbstractGregorian<icu_calendar[9ded05a9b369afae]::cal::iso::IsoEra> as icu_calendar[9ded05a9b369afae]::calendar::Calendar>::day_of_year,31,0.005148013697037733,,
calendrical_calculations[8fb18fd2ba555b56]::gregorian::fixed_from_gregorian,31,0.005148013697037733,,
"core[ed718c3d60ebd546]::ptr::drop_glue::<icu_datetime[a89e5169bb62ebbc]::scaffold::names_storage::OptionalNames<icu_datetime[a89e5169bb62ebbc]::pattern::names::YearNameLength, icu_provider[cb9726a465308544]::response::DataPayload<icu_provider[cb9726a465308544]::marker_full::ErasedMarker<icu_datetime[a89e5169bb62ebbc]::provider::names::YearNames>>>>",31,0.005148013697037733,,
"core[ed718c3d60ebd546]::ptr::drop_glue::<icu_datetime[a89e5169bb62ebbc]::scaffold::names_storage::OptionalNames<icu_datetime[a89e5169bb62ebbc]::pattern::names::MonthNameLength, icu_provider[cb9726a465308544]::response::DataPayload<icu_provider[cb9726a465308544]::marker_full::ErasedMarker<icu_datetime[a89e5169bb62ebbc]::provider::names::MonthNames>>>>",31,0.005148013697037733,,
core[ed718c3d60ebd546]::ptr::drop_glue::<alloc[508e33bd5656020b]::boxed::Box<[u8]>>,31,0.005148013697037733,,
core[ed718c3d60ebd546]::ptr::drop_glue::<alloc[508e33bd5656020b]::string::String>,31,0.005148013697037733,,
<zerotrie[c520be459a73f88a]::error::ZeroTrieBuildError as core[ed718c3d60ebd546]::fmt::Debug>::fmt,31,0.005148013697037733,,
"core[ed718c3d60ebd546]::slice::sort::stable::drift::stable_quicksort::<(&[u8], usize), <[(&[u8], usize)]>::sort_by<<zerotrie[c520be459a73f88a]::builder::nonconst::builder::ZeroTrieBuilder<alloc[508e33bd5656020b]::collections::vec_deque::VecDeque<u8>>>::from_bytes_iter<&str, core[ed718c3d60ebd546]::iter::adapters::map::Map<core[ed718c3d60ebd546]::iter::adapters::enumerate::Enumerate<core[ed718c3d60ebd546]::iter::adapters::map::Map<core[ed718c3d60ebd546]::ops::range::Range<usize>, <zerovec[bebf1a62a3c1fad0]::map2d::map::ZeroMap2d<icu_time[fb65173487e4cb3a]::zone::TimeZone, icu_time[fb65173487e4cb3a]::zone::zone_name_timestamp::ZoneNameTimestamp, zerovec[bebf1a62a3c1fad0]::ule::niche::NichedOption<core[ed718c3d60ebd546]::num::nonzero::NonZero<u8>, 1usize>>>::iter0::{closure#0}>>, icu_datetime[a89e5169bb62ebbc]::provider::time_zones::legacy::metazone_timezone_compat<&&icu_provider_blob[7aedd55e3b0a236f]::blob_data_provider::BlobDataProvider>::{closure#0}>>::{closure#1}>::{closure#0}>",30,0.004981948739068774,,
"core[ed718c3d60ebd546]::slice::sort::stable::drift::stable_quicksort::<(usize, alloc[508e33bd5656020b]::vec::Vec<u8>), <[(usize, alloc[508e33bd5656020b]::vec::Vec<u8>)]>::sort_by_key<isize, zerotrie[c520be459a73f88a]::byte_phf::builder::find::{closure#1}>::{closure#0}>",30,0.004981948739068774,,
<icu_plurals[993a8e0f08d05f11]::provider::PluralCategoryAndMetadata>::try_from_unpacked,30,0.004981948739068774,,
"core[ed718c3d60ebd546]::ptr::drop_glue::<yoke[28063c787be73a0e]::yoke::Yoke<icu_datetime[a89e5169bb62ebbc]::provider::packed_pattern::GenericPackedPatterns<icu_plurals[993a8e0f08d05f11]::provider::PluralElementsPackedULE<zerovec[bebf1a62a3c1fad0]::zerovec::slice::ZeroSlice<icu_datetime[a89e5169bb62ebbc]::provider::pattern::item::PatternItem>>>, yoke[28063c787be73a0e]::cartable_ptr::CartableOptionPointer<alloc[508e33bd5656020b]::rc::Rc<alloc[508e33bd5656020b]::boxed::Box<[u8]>>>>>",30,0.004981948739068774,,
<icu_time[fb65173487e4cb3a]::zone::offset::UtcOffset>::minutes_part,28,0.004649818823130856,,
core[ed718c3d60ebd546]::ptr::drop_glue::<icu_provider[cb9726a465308544]::response::DataPayload<icu_decimal[22a00049869067f7]::provider::DecimalSymbolsV1>>,28,0.004649818823130856,,
core[ed718c3d60ebd546]::ptr::drop_glue::<icu_provider[cb9726a465308544]::response::DataPayload<icu_datetime[a89e5169bb62ebbc]::provider::names::DatetimeNamesWeekdayV1>>,28,0.004649818823130856,,
<icu_provider[cb9726a465308544]::request::DataIdentifierBorrowed>::for_marker_attributes,28,0.004649818823130856,,
<alloc[508e33bd5656020b]::string::String as core[ed718c3d60ebd546]::any::Any>::type_id,28,0.004649818823130856,,
<&str as core[ed718c3d60ebd546]::any::Any>::type_id,28,0.004649818823130856,,
"<zerovec[bebf1a62a3c1fad0]::varzerovec::owned::VarZeroVecOwned<_, _>>::shift::shift_bytes",27,0.004483753865161897,,
<icu_calendar[9ded05a9b369afae]::types::MonthInfo>::to_input,27,0.004483753865161897,,
<zerotrie[c520be459a73f88a]::cursor::ZeroTrieSimpleAsciiCursor as core[ed718c3d60ebd546]::fmt::Write>::write_char,27,0.004483753865161897,,
<&[u8] as core[ed718c3d60ebd546]::cmp::PartialEq>::eq,27,0.004483753865161897,,
"<alloc[508e33bd5656020b]::boxed::Box<alloc[508e33bd5656020b]::collections::btree::node::LeafNode<alloc[508e33bd5656020b]::vec::Vec<u8>, zerotrie[c520be459a73f88a]::byte_phf::PerfectByteHashMap<alloc[508e33bd5656020b]::vec::Vec<u8>>>>>::new_uninit_in",27,0.004483753865161897,,
"<alloc[508e33bd5656020b]::boxed::Box<alloc[508e33bd5656020b]::collections::btree::node::InternalNode<alloc[508e33bd5656020b]::vec::Vec<u8>, zerotrie[c520be459a73f88a]::byte_phf::PerfectByteHashMap<alloc[508e33bd5656020b]::vec::Vec<u8>>>>>::new_uninit_in",27,0.004483753865161897,,
<&str as core[ed718c3d60ebd546]::cmp::PartialEq>::eq,27,0.004483753865161897,,
core[ed718c3d60ebd546]::ptr::drop_glue::<core[ed718c3d60ebd546]::option::Option<alloc[508e33bd5656020b]::vec::Vec<u8>>>,26,0.004317688907192937,,
<alloc[508e33bd5656020b]::vec::Vec<u8>>::append,26,0.004317688907192937,,
<core[ed718c3d60ebd546]::fmt::Arguments as core[ed718c3d60ebd546]::fmt::Display>::fmt,26,0.004317688907192937,,
"""table names"" subsection",26,0.004317688907192937,,
<icu_calendar[9ded05a9b369afae]::calendar_arithmetic::ArithmeticDate<icu_calendar[9ded05a9b369afae]::cal::abstract_gregorian::AbstractGregorian<icu_calendar[9ded05a9b369afae]::cal::iso::IsoEra>>>::to_rata_die,25,0.004151623949223979,,
<core[ed718c3d60ebd546]::option::Option<&mut zerovec[bebf1a62a3c1fad0]::ule::plain::RawBytesULE<2usize>>>::expect,25,0.004151623949223979,,
__rustc[100742bb89c490cb]::__rdl_alloc,25,0.004151623949223979,,
core[ed718c3d60ebd546]::ptr::drop_glue::<icu_datetime[a89e5169bb62ebbc]::raw::neo::DateTimeZonePatternSelectionData>,25,0.004151623949223979,,
"core[ed718c3d60ebd546]::ptr::drop_glue::<yoke[28063c787be73a0e]::yoke::Yoke<icu_datetime[a89e5169bb62ebbc]::provider::time_zones::MetazoneGenericNames, yoke[28063c787be73a0e]::cartable_ptr::CartableOptionPointer<alloc[508e33bd5656020b]::rc::Rc<alloc[508e33bd5656020b]::boxed::Box<[u8]>>>>>",25,0.004151623949223979,,
"core[ed718c3d60ebd546]::ptr::drop_glue::<core[ed718c3d60ebd546]::option::Option<(icu_locale_core[80ffd7f212f7bd21]::extensions::unicode::key::Key, icu_locale_core[80ffd7f212f7bd21]::extensions::unicode::value::Value)>>",25,0.004151623949223979,,
"<zerovec[bebf1a62a3c1fad0]::cow::VarZeroCow<zerovec[bebf1a62a3c1fad0]::ule::tuplevar::Tuple2VarULE<zerovec[bebf1a62a3c1fad0]::varzerovec::slice::VarZeroSlice<potential_utf[a470693f0fde25c8]::ustr::PotentialUtf8>, zerovec[bebf1a62a3c1fad0]::varzerovec::slice::VarZeroSlice<str>>>>::new_borrowed",25,0.004151623949223979,,
zerotrie[c520be459a73f88a]::reader::byte_type,25,0.004151623949223979,,
<zerovec[bebf1a62a3c1fad0]::cow::VarZeroCow<icu_decimal[22a00049869067f7]::provider::DecimalSymbolsStrs>>::new_borrowed,25,0.004151623949223979,,
<[u8] as zerovec[bebf1a62a3c1fad0]::ule::VarULE>::parse_bytes,25,0.004151623949223979,,
zerotrie[c520be459a73f88a]::reader::byte_type[1],25,0.004151623949223979,,
"<yoke[28063c787be73a0e]::yoke::Yoke<&[u8], core[ed718c3d60ebd546]::option::Option<alloc[508e33bd5656020b]::rc::Rc<alloc[508e33bd5656020b]::boxed::Box<[u8]>>>>>::new_owned",25,0.004151623949223979,,
<alloc[508e33bd5656020b]::collections::vec_deque::VecDeque<u8>>::grow,25,0.004151623949223979,,
"type[24]: (i32, i32, i32, i32, i32, i32, i32, i32, i32, i32, i32, i32, i32, i32, i32, i32, i32, i32, i32, i32, i32) -> nil",24,0.003985558991255019,,
"export ""__instance_terminated""",24,0.003985558991255019,,
"export ""__wbindgen_externrefs""",24,0.003985558991255019,,
"<zerovec[bebf1a62a3c1fad0]::ule::vartuple::VarTupleULE<(u8, zerovec[bebf1a62a3c1fad0]::ule::niche::NichedOption<core[ed718c3d60ebd546]::num::nonzero::NonZero<u8>, 1usize>), zerovec[bebf1a62a3c1fad0]::zerovec::slice::ZeroSlice<(icu_time[fb65173487e4cb3a]::provider::Timestamp24, u8, zerovec[bebf1a62a3c1fad0]::ule::niche::NichedOption<core[ed718c3d60ebd546]::num::nonzero::NonZero<u8>, 1usize>)>> as zerovec[bebf1a62a3c1fad0]::ule::VarULE>::from_bytes_unchecked",24,0.003985558991255019,,
alloc[508e33bd5656020b]::raw_vec::handle_error,24,0.003985558991255019,,
<fixed_decimal[f190755009246613]::decimal::UnsignedDecimal>::magnitude_range,24,0.003985558991255019,,
<core[ed718c3d60ebd546]::fmt::Formatter>::write_str,24,0.003985558991255019,,
"""module name"" subsection",24,0.003985558991255019,,
core[ed718c3d60ebd546]::ptr::drop_glue::<core[ed718c3d60ebd546]::option::Option<icu_datetime[a89e5169bb62ebbc]::raw::neo::DatePatternSelectionData>>,23,0.00381949403328606,,
core[ed718c3d60ebd546]::ptr::drop_glue::<core[ed718c3d60ebd546]::option::Option<icu_provider[cb9726a465308544]::response::DataPayload<icu_datetime[a89e5169bb62ebbc]::provider::semantic_skeletons::DatetimePatternsGlueV1>>>,23,0.00381949403328606,,
core[ed718c3d60ebd546]::ptr::drop_glue::<core[ed718c3d60ebd546]::option::Option<icu_provider[cb9726a465308544]::response::DataPayload<icu_time[fb65173487e4cb3a]::provider::TimezonePeriodsV1>>>,23,0.00381949403328606,,
"core[ed718c3d60ebd546]::ptr::drop_glue::<icu_datetime[a89e5169bb62ebbc]::scaffold::names_storage::OptionalNames<icu_datetime[a89e5169bb62ebbc]::pattern::names::WeekdayNameLength, icu_provider[cb9726a465308544]::response::DataPayload<icu_datetime[a89e5169bb62ebbc]::provider::names::DatetimeNamesWeekdayV1>>>",23,0.00381949403328606,,
"core[ed718c3d60ebd546]::ptr::drop_glue::<icu_datetime[a89e5169bb62ebbc]::scaffold::names_storage::OptionalNames<(), icu_provider[cb9726a465308544]::response::DataPayload<icu_datetime[a89e5169bb62ebbc]::provider::time_zones::TimezoneNamesEssentialsV1>>>",23,0.00381949403328606,,
"core[ed718c3d60ebd546]::ptr::drop_glue::<icu_datetime[a89e5169bb62ebbc]::scaffold::names_storage::OptionalNames<(), icu_provider[cb9726a465308544]::response::DataPayload<icu_datetime[a89e5169bb62ebbc]::provider::time_zones::TimezoneNamesLocationsRootV1>>>",23,0.00381949403328606,,
"core[ed718c3d60ebd546]::ptr::drop_glue::<icu_datetime[a89e5169bb62ebbc]::scaffold::names_storage::OptionalNames<(), icu_provider[cb9726a465308544]::response::DataPayload<icu_datetime[a89e5169bb62ebbc]::provider::time_zones::TimezoneNamesCitiesRootV1>>>",23,0.00381949403328606,,
"core[ed718c3d60ebd546]::ptr::drop_glue::<icu_datetime[a89e5169bb62ebbc]::scaffold::names_storage::OptionalNames<(), icu_provider[cb9726a465308544]::response::DataPayload<icu_datetime[a89e5169bb62ebbc]::provider::time_zones::TimezoneNamesGenericLongV1>>>",23,0.00381949403328606,,
"core[ed718c3d60ebd546]::ptr::drop_glue::<icu_datetime[a89e5169bb62ebbc]::scaffold::names_storage::OptionalNames<(), icu_provider[cb9726a465308544]::response::DataPayload<icu_datetime[a89e5169bb62ebbc]::provider::time_zones::TimezoneNamesSpecificLongV1>>>",23,0.00381949403328606,,
"core[ed718c3d60ebd546]::ptr::drop_glue::<icu_datetime[a89e5169bb62ebbc]::scaffold::names_storage::OptionalNames<(), icu_provider[cb9726a465308544]::response::DataPayload<icu_time[fb65173487e4cb3a]::provider::TimezonePeriodsV1>>>",23,0.00381949403328606,,
<fixed_decimal[f190755009246613]::decimal::UnsignedDecimal>::clear,23,0.00381949403328606,,
"export ""__wbindgen_realloc""",22,0.0036534290753171012,,
<icu_time[fb65173487e4cb3a]::zone::offset::UtcOffset>::seconds_part,22,0.0036534290753171012,,
"core[ed718c3d60ebd546]::ptr::drop_glue::<zerovec[bebf1a62a3c1fad0]::varzerovec::vec::VarZeroVec<zerovec[bebf1a62a3c1fad0]::ule::vartuple::VarTupleULE<(u8, zerovec[bebf1a62a3c1fad0]::ule::niche::NichedOption<core[ed718c3d60ebd546]::num::nonzero::NonZero<u8>, 1usize>), zerovec[bebf1a62a3c1fad0]::zerovec::slice::ZeroSlice<(icu_time[fb65173487e4cb3a]::provider::Timestamp24, u8, zerovec[bebf1a62a3c1fad0]::ule::niche::NichedOption<core[ed718c3d60ebd546]::num::nonzero::NonZero<u8>, 1usize>)>>>>",22,0.0036534290753171012,,
core[ed718c3d60ebd546]::ptr::drop_glue::<alloc[508e33bd5656020b]::borrow::Cow<str>>,22,0.0036534290753171012,,
"core[ed718c3d60ebd546]::ptr::drop_glue::<core[ed718c3d60ebd546]::result::Result<(), fixed_decimal[f190755009246613]::decimal::UnsignedDecimal>>",22,0.0036534290753171012,,
core[ed718c3d60ebd546]::ptr::drop_glue::<icu_decimal[22a00049869067f7]::decimal_formatter::FormattedDecimal>,22,0.0036534290753171012,,
<smallvec[a949934cda03ae4d]::Drain<[u8; 8usize]> as core[ed718c3d60ebd546]::iter::traits::iterator::Iterator>::count,22,0.0036534290753171012,,
core[ed718c3d60ebd546]::ptr::drop_glue::<core[ed718c3d60ebd546]::option::Option<icu_locale_core[80ffd7f212f7bd21]::langid::LanguageIdentifier>>,22,0.0036534290753171012,,
core[ed718c3d60ebd546]::ptr::drop_glue::<core[ed718c3d60ebd546]::option::Option<icu_locale_core[80ffd7f212f7bd21]::extensions::private::Private>>,22,0.0036534290753171012,,
core[ed718c3d60ebd546]::ptr::drop_glue::<core[ed718c3d60ebd546]::option::Option<icu_locale_core[80ffd7f212f7bd21]::extensions::unicode::Unicode>>,22,0.0036534290753171012,,
core[ed718c3d60ebd546]::ptr::drop_glue::<core[ed718c3d60ebd546]::option::Option<icu_locale_core[80ffd7f212f7bd21]::extensions::transform::Transform>>,22,0.0036534290753171012,,
<&dyn core[ed718c3d60ebd546]::fmt::Debug as core[ed718c3d60ebd546]::fmt::Debug>::fmt,22,0.0036534290753171012,,
"export ""__wbindgen_malloc""",21,0.003487364117348142,,
<icu_datetime[a89e5169bb62ebbc]::provider::fields::symbols::DecimalSecond>::new_from_u8,21,0.003487364117348142,,
"<zerovec[bebf1a62a3c1fad0]::ule::vartuple::VarTupleULE<i8, icu_pattern[44006f5ff0e3d39e]::frontend::Pattern<icu_pattern[44006f5ff0e3d39e]::single::SinglePlaceholder>> as zerovec[bebf1a62a3c1fad0]::ule::VarULE>::from_bytes_unchecked",21,0.003487364117348142,,
<alloc[508e33bd5656020b]::alloc::Global as core[ed718c3d60ebd546]::alloc::Allocator>::deallocate,21,0.003487364117348142,,
<postcard[4ec100a46e8476d3]::de::flavors::Slice>::new,21,0.003487364117348142,,
<alloc[508e33bd5656020b]::alloc::Global as core[ed718c3d60ebd546]::alloc::Allocator>::deallocate[1],21,0.003487364117348142,,
"litemap[3dfd17a1a4f9a878]::store::vec_impl::map_f::<icu_locale_core[80ffd7f212f7bd21]::extensions::transform::key::Key, icu_locale_core[80ffd7f212f7bd21]::extensions::transform::value::Value>",21,0.003487364117348142,,
<icu_locale_core[80ffd7f212f7bd21]::extensions::other::Other>::get_ext_str,21,0.003487364117348142,,
<alloc[508e33bd5656020b]::alloc::Global as core[ed718c3d60ebd546]::alloc::Allocator>::deallocate[2],21,0.003487364117348142,,
__wbindgen_free,21,0.003487364117348142,,
<tinystr[b223bb85873903b1]::ascii::TinyAsciiStr<8usize>>::as_str[1],21,0.003487364117348142,,
<std[5a6270b673d0c64d]::panicking::panic_handler::StaticStrPayload as core[ed718c3d60ebd546]::panic::PanicPayload>::get,21,0.003487364117348142,,
core[ed718c3d60ebd546]::slice::sort::shared::smallsort::panic_on_ord_violation,21,0.003487364117348142,,
<zerovec[bebf1a62a3c1fad0]::zerovec::slice::ZeroSlice<icu_time[fb65173487e4cb3a]::zone::zone_name_timestamp::ZoneNameTimestamp>>::get_ule_ref,20,0.0033212991593791824,,
<icu_datetime[a89e5169bb62ebbc]::provider::fields::symbols::Month>::new_from_u8,20,0.0033212991593791824,,
core[ed718c3d60ebd546]::panicking::panic,20,0.0033212991593791824,,
<alloc[508e33bd5656020b]::borrow::Cow<fixed_decimal[f190755009246613]::decimal::UnsignedDecimal> as core[ed718c3d60ebd546]::ops::deref::Deref>::deref,20,0.0033212991593791824,,
__wbindgen_exn_store,20,0.0033212991593791824,,
core[ed718c3d60ebd546]::ptr::drop_glue::<icu_provider[cb9726a465308544]::response::DataPayload<icu_provider[cb9726a465308544]::marker_full::ErasedMarker<icu_datetime[a89e5169bb62ebbc]::provider::packed_pattern::GenericPackedPatterns<icu_plurals[993a8e0f08d05f11]::provider::PluralElementsPackedULE<zerovec[bebf1a62a3c1fad0]::zerovec::slice::ZeroSlice<icu_datetime[a89e5169bb62ebbc]::provider::pattern::item::PatternItem>>>>>>,20,0.0033212991593791824,,
core[ed718c3d60ebd546]::ptr::drop_glue::<icu_provider[cb9726a465308544]::response::DataPayload<icu_provider[cb9726a465308544]::buf::BufferMarker>>,20,0.0033212991593791824,,
core[ed718c3d60ebd546]::ptr::drop_glue::<icu_provider[cb9726a465308544]::response::DataPayload<icu_datetime[a89e5169bb62ebbc]::provider::time_zones::TimezoneNamesCitiesRootV1>>,20,0.0033212991593791824,,
core[ed718c3d60ebd546]::ptr::drop_glue::<icu_provider[cb9726a465308544]::response::DataPayload<icu_datetime[a89e5169bb62ebbc]::provider::time_zones::TimezoneNamesGenericLongV1>>,20,0.0033212991593791824,,
core[ed718c3d60ebd546]::ptr::drop_glue::<icu_provider[cb9726a465308544]::response::DataPayload<icu_datetime[a89e5169bb62ebbc]::provider::time_zones::TimezoneNamesSpecificLongV1>>,20,0.0033212991593791824,,
core[ed718c3d60ebd546]::ptr::drop_glue::<icu_provider[cb9726a465308544]::response::DataPayload<icu_datetime[a89e5169bb62ebbc]::provider::time_zones::TimezoneNamesLocationsRootV1>>,20,0.0033212991593791824,,
<icu_datetime[a89e5169bb62ebbc]::fieldsets::builder::FieldSetBuilder>::new,20,0.0033212991593791824,,
alloc[508e33bd5656020b]::raw_vec::capacity_overflow,20,0.0033212991593791824,,
"""global names"" subsection",20,0.0033212991593791824,,
"export ""__wbindgen_free""",19,0.003155234201410224,,
"export ""__wbindgen_start""",19,0.003155234201410224,,
<icu_datetime[a89e5169bb62ebbc]::pattern::names::DayPeriodNameLength as icu_datetime[a89e5169bb62ebbc]::scaffold::names_storage::MaybeAsErrorField>::maybe_as_error_field,19,0.003155234201410224,,
<icu_locale_core[80ffd7f212f7bd21]::extensions::transform::Transform>::is_empty,19,0.003155234201410224,,
"core[ed718c3d60ebd546]::slice::sort::stable::quicksort::quicksort::<(&[u8], usize), <[(&[u8], usize)]>::sort_by<<zerotrie[c520be459a73f88a]::builder::nonconst::builder::ZeroTrieBuilder<alloc[508e33bd5656020b]::collections::vec_deque::VecDeque<u8>>>::from_bytes_iter<&str, core[ed718c3d60ebd546]::iter::adapters::map::Map<core[ed718c3d60ebd546]::iter::adapters::enumerate::Enumerate<core[ed718c3d60ebd546]::iter::adapters::map::Map<core[ed718c3d60ebd546]::ops::range::Range<usize>, <zerovec[bebf1a62a3c1fad0]::map2d::map::ZeroMap2d<icu_time[fb65173487e4cb3a]::zone::TimeZone, icu_time[fb65173487e4cb3a]::zone::zone_name_timestamp::ZoneNameTimestamp, zerovec[bebf1a62a3c1fad0]::ule::niche::NichedOption<core[ed718c3d60ebd546]::num::nonzero::NonZero<u8>, 1usize>>>::iter0::{closure#0}>>, icu_datetime[a89e5169bb62ebbc]::provider::time_zones::legacy::metazone_timezone_compat<&&icu_provider_blob[7aedd55e3b0a236f]::blob_data_provider::BlobDataProvider>::{closure#0}>>::{closure#1}>::{closure#0}>::{closure#0}",19,0.003155234201410224,,
<&str as writeable[b3b2ab86242271a5]::Writeable>::write_to_parts::<writeable[b3b2ab86242271a5]::parts_write_adapter::CoreWriteAsPartsWrite<&mut writeable[b3b2ab86242271a5]::parts_write_adapter::CoreWriteAsPartsWrite<&mut alloc[508e33bd5656020b]::string::String>>>,19,0.003155234201410224,,
"<core[ed718c3d60ebd546]::slice::sort::stable::AlignedStorage<(&[u8], usize), 4096usize>>::as_uninit_slice_mut",19,0.003155234201410224,,
<&str as serde_core[a2f16ecbf4bfe085]::de::Expected>::fmt,19,0.003155234201410224,,
<std[5a6270b673d0c64d]::panicking::panic_handler::StaticStrPayload as core[ed718c3d60ebd546]::fmt::Display>::fmt,19,0.003155234201410224,,
<&str as core[ed718c3d60ebd546]::fmt::Display>::fmt,19,0.003155234201410224,,
"""data names"" subsection",19,0.003155234201410224,,
custom section 'target_features' headers,19,0.003155234201410224,,
"export ""__abort_handler""",18,0.002989169243441265,,
<icu_datetime[a89e5169bb62ebbc]::provider::fields::symbols::Day>::new_from_u8,18,0.002989169243441265,,
<icu_datetime[a89e5169bb62ebbc]::provider::fields::symbols::Hour>::new_from_u8,18,0.002989169243441265,,
<icu_datetime[a89e5169bb62ebbc]::provider::fields::symbols::TimeZone>::new_from_u8,18,0.002989169243441265,,
"core[ed718c3d60ebd546]::ptr::drop_glue::<icu_datetime[a89e5169bb62ebbc]::neo::FixedCalendarDateTimeFormatter<icu_calendar[9ded05a9b369afae]::cal::gregorian::Gregorian, icu_datetime[a89e5169bb62ebbc]::fieldsets::enums::CompositeFieldSet>>",18,0.002989169243441265,,
<icu_pattern[44006f5ff0e3d39e]::frontend::Pattern<icu_pattern[44006f5ff0e3d39e]::single::SinglePlaceholder> as zerovec[bebf1a62a3c1fad0]::ule::VarULE>::from_bytes_unchecked,18,0.002989169243441265,,
<icu_provider[cb9726a465308544]::request::DataIdentifierBorrowed>::for_locale,18,0.002989169243441265,,
<&str as core[ed718c3d60ebd546]::fmt::Display>::fmt[1],18,0.002989169243441265,,
<tinystr[b223bb85873903b1]::int_ops::Aligned8>::len,17,0.0028231042854723054,,
"core[ed718c3d60ebd546]::ptr::drop_glue::<yoke[28063c787be73a0e]::yoke::Yoke<icu_datetime[a89e5169bb62ebbc]::provider::time_zones::ExemplarCities, yoke[28063c787be73a0e]::cartable_ptr::CartableOptionPointer<alloc[508e33bd5656020b]::rc::Rc<alloc[508e33bd5656020b]::boxed::Box<[u8]>>>>>",17,0.0028231042854723054,,
"core[ed718c3d60ebd546]::ptr::drop_glue::<zerovec[bebf1a62a3c1fad0]::map::map::ZeroMap<icu_time[fb65173487e4cb3a]::zone::TimeZone, str>>",17,0.0028231042854723054,,
"core[ed718c3d60ebd546]::ptr::drop_glue::<zerovec[bebf1a62a3c1fad0]::map::map::ZeroMap<core[ed718c3d60ebd546]::num::nonzero::NonZero<u8>, str>>",17,0.0028231042854723054,,
"core[ed718c3d60ebd546]::ptr::drop_glue::<zerovec[bebf1a62a3c1fad0]::map::map::ZeroMap<(core[ed718c3d60ebd546]::num::nonzero::NonZero<u8>, icu_time[fb65173487e4cb3a]::provider::TimeZoneVariant), str>>",17,0.0028231042854723054,,
"core[ed718c3d60ebd546]::ptr::drop_glue::<zerovec[bebf1a62a3c1fad0]::map::map::ZeroMap<(icu_time[fb65173487e4cb3a]::zone::TimeZone, icu_time[fb65173487e4cb3a]::provider::TimeZoneVariant), str>>",17,0.0028231042854723054,,
<[u8]>::clone_from_slice,17,0.0028231042854723054,,
"<&mut smallvec[a949934cda03ae4d]::Drain<[u8; 8usize]> as core[ed718c3d60ebd546]::iter::traits::iterator::Iterator>::fold::<(), core[ed718c3d60ebd546]::iter::traits::iterator::Iterator::for_each::call<u8, core[ed718c3d60ebd546]::mem::drop<u8>>::{closure#0}>",17,0.0028231042854723054,,
<icu_calendar[9ded05a9b369afae]::cal::abstract_gregorian::AbstractGregorian<icu_calendar[9ded05a9b369afae]::cal::gregorian::CeBce> as icu_calendar[9ded05a9b369afae]::calendar::Calendar>::year_info,17,0.0028231042854723054,,
core[ed718c3d60ebd546]::ptr::drop_glue::<zerotrie[c520be459a73f88a]::builder::nonconst::builder::ZeroTrieBuilder<alloc[508e33bd5656020b]::collections::vec_deque::VecDeque<u8>>>,17,0.0028231042854723054,,
core[ed718c3d60ebd546]::ptr::drop_glue::<icu_locale_core[80ffd7f212f7bd21]::extensions::unicode::Unicode>,17,0.0028231042854723054,,
core[ed718c3d60ebd546]::ptr::drop_glue::<icu_locale_core[80ffd7f212f7bd21]::extensions::transform::Transform>,17,0.0028231042854723054,,
<icu_provider[cb9726a465308544]::buf::serde::DeserializingBufferProvider<icu_provider_blob[7aedd55e3b0a236f]::blob_data_provider::BlobDataProvider> as icu_provider[cb9726a465308544]::data_provider::DataProvider<icu_decimal[22a00049869067f7]::provider::DecimalDigitsV1>>::load,17,0.0028231042854723054,,
<icu_provider[cb9726a465308544]::buf::serde::DeserializingBufferProvider<icu_provider_blob[7aedd55e3b0a236f]::blob_data_provider::BlobDataProvider> as icu_provider[cb9726a465308544]::data_provider::DataProvider<icu_decimal[22a00049869067f7]::provider::DecimalSymbolsV1>>::load,17,0.0028231042854723054,,
<icu_provider[cb9726a465308544]::buf::serde::DeserializingBufferProvider<&&icu_provider_blob[7aedd55e3b0a236f]::blob_data_provider::BlobDataProvider> as icu_provider[cb9726a465308544]::data_provider::DataProvider<icu_datetime[a89e5169bb62ebbc]::provider::time_zones::legacy::TimezoneMetazonePeriodsV1>>::load,17,0.0028231042854723054,,
<icu_provider[cb9726a465308544]::buf::serde::DeserializingBufferProvider<icu_provider_blob[7aedd55e3b0a236f]::blob_data_provider::BlobDataProvider> as icu_provider[cb9726a465308544]::data_provider::DataProvider<icu_datetime[a89e5169bb62ebbc]::provider::time_zones::TimezoneNamesCitiesRootV1>>::load,17,0.0028231042854723054,,
<icu_provider[cb9726a465308544]::buf::serde::DeserializingBufferProvider<icu_provider_blob[7aedd55e3b0a236f]::blob_data_provider::BlobDataProvider> as icu_provider[cb9726a465308544]::data_provider::DataProvider<icu_datetime[a89e5169bb62ebbc]::provider::time_zones::TimezoneNamesEssentialsV1>>::load,17,0.0028231042854723054,,
<icu_provider[cb9726a465308544]::buf::serde::DeserializingBufferProvider<icu_provider_blob[7aedd55e3b0a236f]::blob_data_provider::BlobDataProvider> as icu_provider[cb9726a465308544]::data_provider::DataProvider<icu_datetime[a89e5169bb62ebbc]::provider::time_zones::TimezoneNamesGenericLongV1>>::load,17,0.0028231042854723054,,
<icu_provider[cb9726a465308544]::buf::serde::DeserializingBufferProvider<icu_provider_blob[7aedd55e3b0a236f]::blob_data_provider::BlobDataProvider> as icu_provider[cb9726a465308544]::data_provider::DataProvider<icu_datetime[a89e5169bb62ebbc]::provider::time_zones::TimezoneNamesGenericShortV1>>::load,17,0.0028231042854723054,,
<icu_provider[cb9726a465308544]::buf::serde::DeserializingBufferProvider<icu_provider_blob[7aedd55e3b0a236f]::blob_data_provider::BlobDataProvider> as icu_provider[cb9726a465308544]::data_provider::DataProvider<icu_datetime[a89e5169bb62ebbc]::provider::time_zones::TimezoneNamesSpecificLongV1>>::load,17,0.0028231042854723054,,
<icu_provider[cb9726a465308544]::buf::serde::DeserializingBufferProvider<icu_provider_blob[7aedd55e3b0a236f]::blob_data_provider::BlobDataProvider> as icu_provider[cb9726a465308544]::data_provider::DataProvider<icu_datetime[a89e5169bb62ebbc]::provider::time_zones::TimezoneNamesStandardLongV1>>::load,17,0.0028231042854723054,,
<icu_provider[cb9726a465308544]::buf::serde::DeserializingBufferProvider<icu_provider_blob[7aedd55e3b0a236f]::blob_data_provider::BlobDataProvider> as icu_provider[cb9726a465308544]::data_provider::DataProvider<icu_datetime[a89e5169bb62ebbc]::provider::time_zones::TimezoneNamesLocationsRootV1>>::load,17,0.0028231042854723054,,
<icu_provider[cb9726a465308544]::buf::serde::DeserializingBufferProvider<icu_provider_blob[7aedd55e3b0a236f]::blob_data_provider::BlobDataProvider> as icu_provider[cb9726a465308544]::data_provider::DataProvider<icu_datetime[a89e5169bb62ebbc]::provider::time_zones::TimezoneNamesSpecificShortV1>>::load,17,0.0028231042854723054,,
<icu_provider[cb9726a465308544]::buf::serde::DeserializingBufferProvider<icu_provider_blob[7aedd55e3b0a236f]::blob_data_provider::BlobDataProvider> as icu_provider[cb9726a465308544]::data_provider::DataProvider<icu_datetime[a89e5169bb62ebbc]::provider::time_zones::TimezoneNamesCitiesOverrideV1>>::load,17,0.0028231042854723054,,
<icu_provider[cb9726a465308544]::buf::serde::DeserializingBufferProvider<icu_provider_blob[7aedd55e3b0a236f]::blob_data_provider::BlobDataProvider> as icu_provider[cb9726a465308544]::data_provider::DataProvider<icu_datetime[a89e5169bb62ebbc]::provider::time_zones::TimezoneNamesLocationsOverrideV1>>::load,17,0.0028231042854723054,,
<icu_provider[cb9726a465308544]::buf::serde::DeserializingBufferProvider<icu_provider_blob[7aedd55e3b0a236f]::blob_data_provider::BlobDataProvider> as icu_provider[cb9726a465308544]::data_provider::DataProvider<icu_datetime[a89e5169bb62ebbc]::provider::semantic_skeletons::DatetimePatternsGlueV1>>::load,17,0.0028231042854723054,,
<icu_provider[cb9726a465308544]::buf::serde::DeserializingBufferProvider<icu_provider_blob[7aedd55e3b0a236f]::blob_data_provider::BlobDataProvider> as icu_provider[cb9726a465308544]::data_provider::DataProvider<icu_datetime[a89e5169bb62ebbc]::provider::semantic_skeletons::DatetimePatternsTimeV1>>::load,17,0.0028231042854723054,,
<icu_provider[cb9726a465308544]::buf::serde::DeserializingBufferProvider<icu_provider_blob[7aedd55e3b0a236f]::blob_data_provider::BlobDataProvider> as icu_provider[cb9726a465308544]::data_provider::DataProvider<icu_datetime[a89e5169bb62ebbc]::provider::semantic_skeletons::DatetimePatternsDateGregorianV1>>::load,17,0.0028231042854723054,,
<icu_provider[cb9726a465308544]::buf::serde::DeserializingBufferProvider<icu_provider_blob[7aedd55e3b0a236f]::blob_data_provider::BlobDataProvider> as icu_provider[cb9726a465308544]::data_provider::DataProvider<icu_datetime[a89e5169bb62ebbc]::provider::names::DatetimeNamesWeekdayV1>>::load,17,0.0028231042854723054,,
<icu_provider[cb9726a465308544]::buf::serde::DeserializingBufferProvider<icu_provider_blob[7aedd55e3b0a236f]::blob_data_provider::BlobDataProvider> as icu_provider[cb9726a465308544]::data_provider::DataProvider<icu_datetime[a89e5169bb62ebbc]::provider::names::DatetimeNamesDayperiodV1>>::load,17,0.0028231042854723054,,
<icu_provider[cb9726a465308544]::buf::serde::DeserializingBufferProvider<icu_provider_blob[7aedd55e3b0a236f]::blob_data_provider::BlobDataProvider> as icu_provider[cb9726a465308544]::data_provider::DataProvider<icu_datetime[a89e5169bb62ebbc]::provider::names::DatetimeNamesYearGregorianV1>>::load,17,0.0028231042854723054,,
<icu_provider[cb9726a465308544]::buf::serde::DeserializingBufferProvider<icu_provider_blob[7aedd55e3b0a236f]::blob_data_provider::BlobDataProvider> as icu_provider[cb9726a465308544]::data_provider::DataProvider<icu_datetime[a89e5169bb62ebbc]::provider::names::DatetimeNamesMonthGregorianV1>>::load,17,0.0028231042854723054,,
<icu_provider[cb9726a465308544]::buf::serde::DeserializingBufferProvider<icu_provider_blob[7aedd55e3b0a236f]::blob_data_provider::BlobDataProvider> as icu_provider[cb9726a465308544]::data_provider::DataProvider<icu_time[fb65173487e4cb3a]::provider::TimezonePeriodsV1>>::load,17,0.0028231042854723054,,
"<icu_locale_core[80ffd7f212f7bd21]::shortvec::ShortBoxSlice<(icu_locale_core[80ffd7f212f7bd21]::extensions::unicode::key::Key, icu_locale_core[80ffd7f212f7bd21]::extensions::unicode::value::Value)> as litemap[3dfd17a1a4f9a878]::store::Store<icu_locale_core[80ffd7f212f7bd21]::extensions::unicode::key::Key, icu_locale_core[80ffd7f212f7bd21]::extensions::unicode::value::Value>>::lm_binary_search_by::<<litemap[3dfd17a1a4f9a878]::map::LiteMap<icu_locale_core[80ffd7f212f7bd21]::extensions::unicode::key::Key, icu_locale_core[80ffd7f212f7bd21]::extensions::unicode::value::Value, icu_locale_core[80ffd7f212f7bd21]::shortvec::ShortBoxSlice<(icu_locale_core[80ffd7f212f7bd21]::extensions::unicode::key::Key, icu_locale_core[80ffd7f212f7bd21]::extensions::unicode::value::Value)>>>::find_index<icu_locale_core[80ffd7f212f7bd21]::extensions::unicode::key::Key>::{closure#0}>::{closure#0}",17,0.0028231042854723054,,
<&icu_locale_core[80ffd7f212f7bd21]::subtags::Subtag as core[ed718c3d60ebd546]::cmp::PartialEq>::eq,17,0.0028231042854723054,,
<alloc[508e33bd5656020b]::string::String as core[ed718c3d60ebd546]::fmt::Write>::write_fmt,17,0.0028231042854723054,,
core[ed718c3d60ebd546]::option::unwrap_failed,17,0.0028231042854723054,,
<core[ed718c3d60ebd546]::fmt::builders::PadAdapter as core[ed718c3d60ebd546]::fmt::Write>::write_fmt,17,0.0028231042854723054,,
<tinystr[b223bb85873903b1]::int_ops::Aligned4>::len,16,0.002657039327503346,,
<alloc[508e33bd5656020b]::vec::Vec<u8> as core[ed718c3d60ebd546]::iter::traits::collect::Extend<&u8>>::extend::<&[u8]>,16,0.002657039327503346,,
"<alloc[508e33bd5656020b]::vec::Vec<u8> as alloc[508e33bd5656020b]::vec::spec_extend::SpecExtend<&u8, core[ed718c3d60ebd546]::slice::iter::Iter<u8>>>::spec_extend",16,0.002657039327503346,,
<&mut writeable[b3b2ab86242271a5]::parts_write_adapter::CoreWriteAsPartsWrite<&mut alloc[508e33bd5656020b]::string::String> as core[ed718c3d60ebd546]::fmt::Write>::write_str,16,0.002657039327503346,,
<&mut writeable[b3b2ab86242271a5]::parts_write_adapter::CoreWriteAsPartsWrite<&mut writeable[b3b2ab86242271a5]::parts_write_adapter::CoreWriteAsPartsWrite<&mut alloc[508e33bd5656020b]::string::String>> as core[ed718c3d60ebd546]::fmt::Write>::write_str,16,0.002657039327503346,,
<icu_calendar[9ded05a9b369afae]::cal::abstract_gregorian::AbstractGregorian<icu_calendar[9ded05a9b369afae]::cal::iso::IsoEra> as icu_calendar[9ded05a9b369afae]::calendar::Calendar>::month,16,0.002657039327503346,,
<icu_locale_core[80ffd7f212f7bd21]::preferences::extensions::unicode::keywords::numbering_system::NumberingSystem as core[ed718c3d60ebd546]::convert::TryFrom<icu_locale_core[80ffd7f212f7bd21]::extensions::unicode::value::Value>>::try_from,16,0.002657039327503346,,
"<<(_, _) as serde_core[a2f16ecbf4bfe085]::de::Deserialize>::deserialize::TupleVisitor<alloc[508e33bd5656020b]::boxed::Box<zerovec[bebf1a62a3c1fad0]::varzerovec::slice::VarZeroSlice<potential_utf[a470693f0fde25c8]::ustr::PotentialUtf8>>, alloc[508e33bd5656020b]::boxed::Box<zerovec[bebf1a62a3c1fad0]::varzerovec::slice::VarZeroSlice<str>>> as serde_core[a2f16ecbf4bfe085]::de::Visitor>::expecting",16,0.002657039327503346,,
"<<(_, _, _, _) as serde_core[a2f16ecbf4bfe085]::de::Deserialize>::deserialize::TupleVisitor<zerovec[bebf1a62a3c1fad0]::zerovec::ZeroVec<icu_time[fb65173487e4cb3a]::zone::TimeZone>, zerovec[bebf1a62a3c1fad0]::zerovec::ZeroVec<u32>, zerovec[bebf1a62a3c1fad0]::zerovec::ZeroVec<icu_time[fb65173487e4cb3a]::zone::zone_name_timestamp::ZoneNameTimestamp>, zerovec[bebf1a62a3c1fad0]::zerovec::ZeroVec<zerovec[bebf1a62a3c1fad0]::ule::niche::NichedOption<core[ed718c3d60ebd546]::num::nonzero::NonZero<u8>, 1usize>>> as serde_core[a2f16ecbf4bfe085]::de::Visitor>::expecting",16,0.002657039327503346,,
<serde_core[a2f16ecbf4bfe085]::de::impls::ArrayVisitor<[char; 10usize]> as serde_core[a2f16ecbf4bfe085]::de::Visitor>::expecting,16,0.002657039327503346,,
<icu_datetime[a89e5169bb62ebbc]::provider::fields::length::LengthError as core[ed718c3d60ebd546]::fmt::Debug>::fmt,16,0.002657039327503346,,
<icu_datetime[a89e5169bb62ebbc]::provider::fields::length::LengthError as core[ed718c3d60ebd546]::fmt::Debug>::fmt[1],16,0.002657039327503346,,
"type[23]: (i32, i32, i32, i32, i32, i32, i32, i32, i32, i32, i32) -> i32",15,0.002490974369534387,,
__rustc[100742bb89c490cb]::__rust_realloc,15,0.002490974369534387,,
<icu_datetime[a89e5169bb62ebbc]::pattern::names::YearNameLength as icu_datetime[a89e5169bb62ebbc]::scaffold::names_storage::MaybeAsErrorField>::maybe_as_error_field,15,0.002490974369534387,,
<tinystr[b223bb85873903b1]::ascii::TinyAsciiStr<2usize> as core[ed718c3d60ebd546]::cmp::Ord>::cmp,15,0.002490974369534387,,
<tinystr[b223bb85873903b1]::ascii::TinyAsciiStr<2usize>>::try_from_utf8,15,0.002490974369534387,,
<tinystr[b223bb85873903b1]::ascii::TinyAsciiStr<3usize>>::try_from_utf8,15,0.002490974369534387,,
<tinystr[b223bb85873903b1]::ascii::TinyAsciiStr<4usize>>::try_from_utf8,15,0.002490974369534387,,
<tinystr[b223bb85873903b1]::ascii::TinyAsciiStr<8usize>>::try_from_raw,15,0.002490974369534387,,
<tinystr[b223bb85873903b1]::ascii::TinyAsciiStr<8usize>>::try_from_utf8,15,0.002490974369534387,,
<tinystr[b223bb85873903b1]::ascii::TinyAsciiStr<8usize> as core[ed718c3d60ebd546]::cmp::Ord>::cmp,15,0.002490974369534387,,
"type[21]: (i32, i32, i32, i32, i32, i32, i32, i32, i32) -> (i32, i32)",14,0.002324909411565428,,
__rustc[100742bb89c490cb]::__rust_dealloc,14,0.002324909411565428,,
<icu_locale_core[80ffd7f212f7bd21]::subtags::Subtag as core[ed718c3d60ebd546]::cmp::PartialEq>::ne,14,0.002324909411565428,,
"core[ed718c3d60ebd546]::ptr::drop_glue::<alloc[508e33bd5656020b]::vec::Vec<(&[u8], usize)>>",14,0.002324909411565428,,
core[ed718c3d60ebd546]::ptr::drop_glue::<alloc[508e33bd5656020b]::vec::Vec<u8>>,14,0.002324909411565428,,
core[ed718c3d60ebd546]::ptr::drop_glue::<alloc[508e33bd5656020b]::vec::Vec<icu_datetime[a89e5169bb62ebbc]::provider::pattern::item::ule::GenericPatternItemULE>>,14,0.002324909411565428,,
<alloc[508e33bd5656020b]::alloc::Global>::alloc_impl_runtime,14,0.002324909411565428,,
<&mut writeable[b3b2ab86242271a5]::parts_write_adapter::CoreWriteAsPartsWrite<&mut writeable[b3b2ab86242271a5]::parts_write_adapter::CoreWriteAsPartsWrite<&mut alloc[508e33bd5656020b]::string::String>> as core[ed718c3d60ebd546]::fmt::Write>::write_char,14,0.002324909411565428,,
<&mut writeable[b3b2ab86242271a5]::parts_write_adapter::CoreWriteAsPartsWrite<&mut alloc[508e33bd5656020b]::string::String> as core[ed718c3d60ebd546]::fmt::Write>::write_char,14,0.002324909411565428,,
<&char as core[ed718c3d60ebd546]::fmt::Debug>::fmt,14,0.002324909411565428,,
<zerovec[bebf1a62a3c1fad0]::zerovec::ZeroVec<icu_time[fb65173487e4cb3a]::zone::TimeZone> as zerovec[bebf1a62a3c1fad0]::map::vecs::ZeroVecLike<icu_time[fb65173487e4cb3a]::zone::TimeZone>>::zvl_as_borrowed,14,0.002324909411565428,,
"<zerovec[bebf1a62a3c1fad0]::varzerovec::vec::VarZeroVec<zerovec[bebf1a62a3c1fad0]::ule::vartuple::VarTupleULE<(u8, zerovec[bebf1a62a3c1fad0]::ule::niche::NichedOption<core[ed718c3d60ebd546]::num::nonzero::NonZero<u8>, 1usize>), zerovec[bebf1a62a3c1fad0]::zerovec::slice::ZeroSlice<(icu_time[fb65173487e4cb3a]::provider::Timestamp24, u8, zerovec[bebf1a62a3c1fad0]::ule::niche::NichedOption<core[ed718c3d60ebd546]::num::nonzero::NonZero<u8>, 1usize>)>>> as core[ed718c3d60ebd546]::ops::deref::Deref>::deref",14,0.002324909411565428,,
"<zerovec[bebf1a62a3c1fad0]::varzerovec::owned::VarZeroVecOwned<zerovec[bebf1a62a3c1fad0]::ule::vartuple::VarTupleULE<(u8, zerovec[bebf1a62a3c1fad0]::ule::niche::NichedOption<core[ed718c3d60ebd546]::num::nonzero::NonZero<u8>, 1usize>), zerovec[bebf1a62a3c1fad0]::zerovec::slice::ZeroSlice<(icu_time[fb65173487e4cb3a]::provider::Timestamp24, u8, zerovec[bebf1a62a3c1fad0]::ule::niche::NichedOption<core[ed718c3d60ebd546]::num::nonzero::NonZero<u8>, 1usize>)>>> as core[ed718c3d60ebd546]::ops::deref::Deref>::deref",14,0.002324909411565428,,
<zerovec[bebf1a62a3c1fad0]::cow::VarZeroCow<icu_decimal[22a00049869067f7]::provider::DecimalSymbolsStrs> as core[ed718c3d60ebd546]::ops::deref::Deref>::deref,14,0.002324909411565428,,
<&core[ed718c3d60ebd546]::mem::alignment::Alignment as core[ed718c3d60ebd546]::fmt::Debug>::fmt,14,0.002324909411565428,,
"core[ed718c3d60ebd546]::ptr::drop_glue::<alloc[508e33bd5656020b]::vec::Vec<(usize, alloc[508e33bd5656020b]::vec::Vec<u8>)>>",14,0.002324909411565428,,
<alloc[508e33bd5656020b]::alloc::Global>::alloc_impl_runtime[1],14,0.002324909411565428,,
<alloc[508e33bd5656020b]::alloc::Global>::alloc_impl_runtime[2],14,0.002324909411565428,,
<alloc[508e33bd5656020b]::borrow::Cow<icu_provider[cb9726a465308544]::request::DataMarkerAttributes> as core[ed718c3d60ebd546]::ops::deref::Deref>::deref,14,0.002324909411565428,,
"core[ed718c3d60ebd546]::ptr::drop_glue::<litemap[3dfd17a1a4f9a878]::map::LiteMap<icu_locale_core[80ffd7f212f7bd21]::extensions::transform::key::Key, icu_locale_core[80ffd7f212f7bd21]::extensions::transform::value::Value>>",14,0.002324909411565428,,
core[ed718c3d60ebd546]::ptr::drop_glue::<alloc[508e33bd5656020b]::vec::Vec<icu_locale_core[80ffd7f212f7bd21]::extensions::other::Other>>,14,0.002324909411565428,,
<std[5a6270b673d0c64d]::panicking::panic_handler::StaticStrPayload as core[ed718c3d60ebd546]::panic::PanicPayload>::as_str,14,0.002324909411565428,,
"type[22]: (i32, i32, i32, i32, i32, i32, i32, i32, i32, i32) -> nil",13,0.0021588444535964686,,
__rustc[100742bb89c490cb]::rust_panic,13,0.0021588444535964686,,
<alloc[508e33bd5656020b]::raw_vec::RawVec<icu_pattern[44006f5ff0e3d39e]::common::PatternItemCow<icu_pattern[44006f5ff0e3d39e]::double::DoublePlaceholderKey>> as core[ed718c3d60ebd546]::ops::drop::Drop>::drop,13,0.0021588444535964686,,
core[ed718c3d60ebd546]::mem::swap::<core[ed718c3d60ebd546]::option::Option<icu_provider[cb9726a465308544]::response::DataPayload<icu_time[fb65173487e4cb3a]::provider::TimezonePeriodsV1>>>,13,0.0021588444535964686,,
<alloc[508e33bd5656020b]::raw_vec::RawVec<zerovec[bebf1a62a3c1fad0]::ule::plain::RawBytesULE<4usize>> as core[ed718c3d60ebd546]::ops::drop::Drop>::drop,13,0.0021588444535964686,,
"<alloc[508e33bd5656020b]::raw_vec::RawVec<zerovec[bebf1a62a3c1fad0]::ule::niche::NichedOptionULE<core[ed718c3d60ebd546]::num::nonzero::NonZero<u8>, 1usize>> as core[ed718c3d60ebd546]::ops::drop::Drop>::drop",13,0.0021588444535964686,,
<alloc[508e33bd5656020b]::raw_vec::RawVec<icu_time[fb65173487e4cb3a]::zone::TimeZone> as core[ed718c3d60ebd546]::ops::drop::Drop>::drop,13,0.0021588444535964686,,
<alloc[508e33bd5656020b]::raw_vec::RawVec<[i8; 2usize]> as core[ed718c3d60ebd546]::ops::drop::Drop>::drop,13,0.0021588444535964686,,
"<alloc[508e33bd5656020b]::raw_vec::RawVec<zerovec[bebf1a62a3c1fad0]::ule::tuple::Tuple2ULE<icu_time[fb65173487e4cb3a]::zone::TimeZone, icu_time[fb65173487e4cb3a]::provider::TimeZoneVariantULE>> as core[ed718c3d60ebd546]::ops::drop::Drop>::drop",13,0.0021588444535964686,,
"<alloc[508e33bd5656020b]::raw_vec::RawVec<zerovec[bebf1a62a3c1fad0]::ule::tuple::Tuple3ULE<zerovec[bebf1a62a3c1fad0]::ule::plain::RawBytesULE<3usize>, u8, zerovec[bebf1a62a3c1fad0]::ule::niche::NichedOptionULE<core[ed718c3d60ebd546]::num::nonzero::NonZero<u8>, 1usize>>> as core[ed718c3d60ebd546]::ops::drop::Drop>::drop",13,0.0021588444535964686,,
"<usize as core[ed718c3d60ebd546]::iter::traits::accum::Sum>::sum::<core[ed718c3d60ebd546]::iter::adapters::map::Map<core[ed718c3d60ebd546]::slice::iter::Iter<&[u8]>, <alloc[508e33bd5656020b]::boxed::Box<icu_pattern[44006f5ff0e3d39e]::frontend::Pattern<icu_pattern[44006f5ff0e3d39e]::single::SinglePlaceholder>> as zerovec[bebf1a62a3c1fad0]::ule::encode::EncodeAsVarULE<icu_pattern[44006f5ff0e3d39e]::frontend::Pattern<icu_pattern[44006f5ff0e3d39e]::single::SinglePlaceholder>>>::encode_var_ule_len::{closure#0}::{closure#0}>>",13,0.0021588444535964686,,
<alloc[508e33bd5656020b]::raw_vec::RawVec<icu_datetime[a89e5169bb62ebbc]::provider::pattern::item::ule::PatternItemULE> as core[ed718c3d60ebd546]::ops::drop::Drop>::drop,13,0.0021588444535964686,,
<alloc[508e33bd5656020b]::raw_vec::RawVec<u8> as core[ed718c3d60ebd546]::ops::drop::Drop>::drop,13,0.0021588444535964686,,
<icu_calendar[9ded05a9b369afae]::cal::gregorian::Gregorian as icu_calendar[9ded05a9b369afae]::calendar::Calendar>::month,13,0.0021588444535964686,,
<icu_calendar[9ded05a9b369afae]::cal::gregorian::Gregorian as icu_calendar[9ded05a9b369afae]::calendar::Calendar>::year_info,13,0.0021588444535964686,,
<alloc[508e33bd5656020b]::raw_vec::RawVec<icu_provider[cb9726a465308544]::marker_full::DataMarkerIdHash> as core[ed718c3d60ebd546]::ops::drop::Drop>::drop,13,0.0021588444535964686,,
<alloc[508e33bd5656020b]::raw_vec::RawVec<zerotrie[c520be459a73f88a]::builder::branch_meta::BranchMeta> as core[ed718c3d60ebd546]::ops::drop::Drop>::drop,13,0.0021588444535964686,,
<alloc[508e33bd5656020b]::raw_vec::RawVec<bool> as core[ed718c3d60ebd546]::ops::drop::Drop>::drop,13,0.0021588444535964686,,
"<alloc[508e33bd5656020b]::raw_vec::RawVec<(&[u8], usize)> as core[ed718c3d60ebd546]::ops::drop::Drop>::drop",13,0.0021588444535964686,,
<alloc[508e33bd5656020b]::raw_vec::RawVec<icu_locale_core[80ffd7f212f7bd21]::extensions::other::Other> as core[ed718c3d60ebd546]::ops::drop::Drop>::drop,13,0.0021588444535964686,,
"<tinystr[b223bb85873903b1]::asciibyte::AsciiByte as core[ed718c3d60ebd546]::array::equality::SpecArrayEq<tinystr[b223bb85873903b1]::asciibyte::AsciiByte, 2usize>>::spec_eq",13,0.0021588444535964686,,
"<tinystr[b223bb85873903b1]::asciibyte::AsciiByte as core[ed718c3d60ebd546]::array::equality::SpecArrayEq<tinystr[b223bb85873903b1]::asciibyte::AsciiByte, 8usize>>::spec_eq",13,0.0021588444535964686,,
"<tinystr[b223bb85873903b1]::asciibyte::AsciiByte as core[ed718c3d60ebd546]::array::equality::SpecArrayEq<tinystr[b223bb85873903b1]::asciibyte::AsciiByte, 3usize>>::spec_eq",13,0.0021588444535964686,,
"<tinystr[b223bb85873903b1]::asciibyte::AsciiByte as core[ed718c3d60ebd546]::array::equality::SpecArrayEq<tinystr[b223bb85873903b1]::asciibyte::AsciiByte, 4usize>>::spec_eq",13,0.0021588444535964686,,
<alloc[508e33bd5656020b]::raw_vec::RawVec<u8> as core[ed718c3d60ebd546]::ops::drop::Drop>::drop[1],13,0.0021588444535964686,,
"<icu_locale_core[80ffd7f212f7bd21]::subtags::Subtag as core[ed718c3d60ebd546]::array::equality::SpecArrayEq<icu_locale_core[80ffd7f212f7bd21]::subtags::Subtag, 3usize>>::spec_eq",13,0.0021588444535964686,,
std[5a6270b673d0c64d]::alloc::default_alloc_error_hook,13,0.0021588444535964686,,
"type[20]: (i32, i32, i32, i32, i32, i32, i32, i32, i32) -> nil",12,0.0019927794956275096,,
"type[25]: (i32, i32, i32, i32, i32, i32, i32, i64, i64) -> nil",12,0.0019927794956275096,,
__rustc[100742bb89c490cb]::__rust_alloc,12,0.0019927794956275096,,
__rustc[100742bb89c490cb]::__rust_alloc_zeroed,12,0.0019927794956275096,,
<icu_calendar[9ded05a9b369afae]::cal::gregorian::Gregorian as icu_calendar[9ded05a9b369afae]::calendar::Calendar>::day_of_month,12,0.0019927794956275096,,
__rustc[100742bb89c490cb]::__rust_alloc_error_handler,12,0.0019927794956275096,,
alloc[508e33bd5656020b]::alloc::handle_alloc_error,12,0.0019927794956275096,,
<str as core[ed718c3d60ebd546]::fmt::Display>::fmt,12,0.0019927794956275096,,
<icu_calendar[9ded05a9b369afae]::cal::gregorian::Gregorian as icu_calendar[9ded05a9b369afae]::calendar::Calendar>::to_rata_die,12,0.0019927794956275096,,
"<alloc[508e33bd5656020b]::boxed::Box<alloc[508e33bd5656020b]::collections::btree::node::InternalNode<alloc[508e33bd5656020b]::vec::Vec<u8>, zerotrie[c520be459a73f88a]::byte_phf::PerfectByteHashMap<alloc[508e33bd5656020b]::vec::Vec<u8>>>>>::try_new_uninit_in",12,0.0019927794956275096,,
"<alloc[508e33bd5656020b]::boxed::Box<alloc[508e33bd5656020b]::collections::btree::node::LeafNode<alloc[508e33bd5656020b]::vec::Vec<u8>, zerotrie[c520be459a73f88a]::byte_phf::PerfectByteHashMap<alloc[508e33bd5656020b]::vec::Vec<u8>>>>>::try_new_uninit_in",12,0.0019927794956275096,,
custom section 'producers' headers,12,0.0019927794956275096,,
"type[18]: (i32, i32, i32, i32, i32, i32, i32) -> i32",11,0.0018267145376585506,,
"type[19]: (i32, i32, i32, i32, i32, i32, i32, i32) -> nil",11,0.0018267145376585506,,
<serde_core[a2f16ecbf4bfe085]::de::impls::ArrayVisitor<[char; 10usize]> as serde_core[a2f16ecbf4bfe085]::de::Expected>::fmt,11,0.0018267145376585506,,
"<<(_, _) as serde_core[a2f16ecbf4bfe085]::de::Deserialize>::deserialize::TupleVisitor<zerovec[bebf1a62a3c1fad0]::zerovec::ZeroVec<core[ed718c3d60ebd546]::num::nonzero::NonZero<u8>>, zerovec[bebf1a62a3c1fad0]::varzerovec::vec::VarZeroVec<str>> as serde_core[a2f16ecbf4bfe085]::de::Expected>::fmt",11,0.0018267145376585506,,
"<<(_, _, _, _) as serde_core[a2f16ecbf4bfe085]::de::Deserialize>::deserialize::TupleVisitor<zerovec[bebf1a62a3c1fad0]::zerovec::ZeroVec<icu_time[fb65173487e4cb3a]::zone::TimeZone>, zerovec[bebf1a62a3c1fad0]::zerovec::ZeroVec<u32>, zerovec[bebf1a62a3c1fad0]::zerovec::ZeroVec<icu_time[fb65173487e4cb3a]::zone::zone_name_timestamp::ZoneNameTimestamp>, zerovec[bebf1a62a3c1fad0]::zerovec::ZeroVec<zerovec[bebf1a62a3c1fad0]::ule::niche::NichedOption<core[ed718c3d60ebd546]::num::nonzero::NonZero<u8>, 1usize>>> as serde_core[a2f16ecbf4bfe085]::de::Expected>::fmt",11,0.0018267145376585506,,
<icu_datetime[a89e5169bb62ebbc]::raw::neo::DatePatternSelectionData>::none,11,0.0018267145376585506,,
<smallvec[a949934cda03ae4d]::SmallVec<[u8; 8usize]>>::clear,11,0.0018267145376585506,,
<fixed_decimal[f190755009246613]::variations::Signed<fixed_decimal[f190755009246613]::decimal::UnsignedDecimal>>::trunc,11,0.0018267145376585506,,
<icu_calendar[9ded05a9b369afae]::cal::gregorian::Gregorian as icu_calendar[9ded05a9b369afae]::calendar::Calendar>::day_of_year,11,0.0018267145376585506,,
<zerotrie[c520be459a73f88a]::builder::nonconst::builder::ZeroTrieBuilder<alloc[508e33bd5656020b]::collections::vec_deque::VecDeque<u8>>>::to_bytes,11,0.0018267145376585506,,
<&icu_provider[cb9726a465308544]::request::DataMarkerAttributes as core[ed718c3d60ebd546]::default::Default>::default,11,0.0018267145376585506,,
<icu_locale_core[80ffd7f212f7bd21]::extensions::unicode::keywords::Keywords>::iter,11,0.0018267145376585506,,
<std[5a6270b673d0c64d]::panicking::begin_panic::Payload<&str> as core[ed718c3d60ebd546]::panic::PanicPayload>::as_str,11,0.0018267145376585506,,
code section headers,11,0.0018267145376585506,,
"type[16]: (i32, i32, i32, i32, i32, i32) -> i32",10,0.0016606495796895912,,
"type[17]: (i32, i32, i32, i32, i32, i32, i32) -> nil",10,0.0016606495796895912,,
"std[5a6270b673d0c64d]::sys::backtrace::__rust_end_short_backtrace::<std[5a6270b673d0c64d]::alloc::rust_oom::{closure#0}, !>",10,0.0016606495796895912,,
"std[5a6270b673d0c64d]::sys::backtrace::__rust_end_short_backtrace::<std[5a6270b673d0c64d]::panicking::panic_handler::{closure#0}, !>",10,0.0016606495796895912,,
"type[14]: (i32, i32, i32, i32, i32) -> i32",9,0.0014945846217206324,,
"type[15]: (i32, i32, i32, i32, i32, i32) -> nil",9,0.0014945846217206324,,
"export ""memory""",9,0.0014945846217206324,,
<calendrical_calculations[8fb18fd2ba555b56]::rata_die::RataDie as core[ed718c3d60ebd546]::ops::arith::Sub>::sub,9,0.0014945846217206324,,
<alloc[508e33bd5656020b]::rc::Rc<alloc[508e33bd5656020b]::boxed::Box<[u8]>>>::from_raw_in,9,0.0014945846217206324,,
custom section 'name' headers,9,0.0014945846217206324,,
wasm magic bytes,8,0.001328519663751673,,
"type[12]: (i32, i32, i32, i32) -> i32",8,0.001328519663751673,,
"type[13]: (i32, i32, i32, i32, i32) -> nil",8,0.001328519663751673,,
global[0],8,0.001328519663751673,,
global[1],8,0.001328519663751673,,
global[2],8,0.001328519663751673,,
__rustc[100742bb89c490cb]::__rust_start_panic,8,0.001328519663751673,,
"type[9]: (i32, i32, i32) -> i32",7,0.001162454705782714,,
"type[10]: (i32, i32, i32) -> i64",7,0.001162454705782714,,
"type[11]: (i32, i32, i32, i32) -> nil",7,0.001162454705782714,,
"export ""fmt""",7,0.001162454705782714,,
"type[6]: (i32, i32) -> i32",6,0.0009963897478137548,,
"type[7]: (i32, i32) -> i64",6,0.0009963897478137548,,
"type[8]: (i32, i32, i32) -> nil",6,0.0009963897478137548,,
"type[28]: (i64, i64) -> i64",6,0.0009963897478137548,,
"<zerovec[bebf1a62a3c1fad0]::ule::niche::NichedOptionULE<core[ed718c3d60ebd546]::num::nonzero::NonZero<u8>, 1usize>>::get",6,0.0009963897478137548,,
postcard[4ec100a46e8476d3]::varint::varint_max::<u32>,6,0.0009963897478137548,,
postcard[4ec100a46e8476d3]::varint::max_of_last_byte::<u32>,6,0.0009963897478137548,,
<postcard[4ec100a46e8476d3]::error::Error as serde_core[a2f16ecbf4bfe085]::de::Error>::custom::<zerovec[bebf1a62a3c1fad0]::ule::UleError>,6,0.0009963897478137548,,
<postcard[4ec100a46e8476d3]::error::Error as serde_core[a2f16ecbf4bfe085]::de::Error>::custom::<&str>,6,0.0009963897478137548,,
<u32 as serde_core[a2f16ecbf4bfe085]::de::IntoDeserializer<postcard[4ec100a46e8476d3]::error::Error>>::into_deserializer,6,0.0009963897478137548,,
<postcard[4ec100a46e8476d3]::error::Error as serde_core[a2f16ecbf4bfe085]::de::Error>::invalid_value,6,0.0009963897478137548,,
<postcard[4ec100a46e8476d3]::error::Error as serde_core[a2f16ecbf4bfe085]::de::Error>::invalid_length,6,0.0009963897478137548,,
type[3]: (i32) -> i32,5,0.0008303247898447956,,
type[4]: (i32) -> i64,5,0.0008303247898447956,,
"type[5]: (i32, i32) -> nil",5,0.0008303247898447956,,
"type[26]: (i32, i64) -> nil",5,0.0008303247898447956,,
type[27]: (i64) -> i32,5,0.0008303247898447956,,
__rustc[100742bb89c490cb]::__rust_no_alloc_shim_is_unstable_v2,5,0.0008303247898447956,,
__rustc[100742bb89c490cb]::__rust_abort,5,0.0008303247898447956,,
data section headers,5,0.0008303247898447956,,
type[1]: () -> i32,4,0.0006642598318758365,,
type[2]: (i32) -> nil,4,0.0006642598318758365,,
type section headers,4,0.0006642598318758365,,
table[0],4,0.0006642598318758365,,
table[1],4,0.0006642598318758365,,
export section headers,4,0.0006642598318758365,,
"<alloc[508e33bd5656020b]::vec::Vec<icu_plurals[993a8e0f08d05f11]::PluralElements<(icu_plurals[993a8e0f08d05f11]::provider::FourBitMetadata, &zerovec[bebf1a62a3c1fad0]::zerovec::slice::ZeroSlice<icu_datetime[a89e5169bb62ebbc]::provider::pattern::item::PatternItem>)>> as core[ed718c3d60ebd546]::ops::drop::Drop>::drop",4,0.0006642598318758365,,
<alloc[508e33bd5656020b]::collections::vec_deque::VecDeque<u8> as core[ed718c3d60ebd546]::ops::drop::Drop>::drop,4,0.0006642598318758365,,
<alloc[508e33bd5656020b]::vec::Vec<zerotrie[c520be459a73f88a]::builder::branch_meta::BranchMeta> as core[ed718c3d60ebd546]::ops::drop::Drop>::drop,4,0.0006642598318758365,,
<alloc[508e33bd5656020b]::vec::Vec<icu_locale_core[80ffd7f212f7bd21]::subtags::Subtag> as core[ed718c3d60ebd546]::ops::drop::Drop>::drop,4,0.0006642598318758365,,
wasm_bindgen[3e212429144f4068]::__rt::link_mem_intrinsics,4,0.0006642598318758365,,
type[0]: () -> nil,3,0.0004981948739068774,,
import section headers,3,0.0004981948739068774,,
table section headers,3,0.0004981948739068774,,
memory section headers,3,0.0004981948739068774,,
global section headers,3,0.0004981948739068774,,
element section headers,3,0.0004981948739068774,,
memory[0],2,0.00033212991593791825,,
