# rust-mf2 locale-output goldens: dates — the date/time family (host-std-datetime-icu: ICU4X from the catalog's icu.blob): :datetime, :date, :time with every length, the field sets, precisions, hour12, zone styles in UTC, a named zone and an offset, two other calendars; instants and floating values, in UTC.
# Generated by `cargo xtask goldens` (conformance/src/goldens.rs); reviewed, committed, checked by tests/goldens.rs and on wasm32-wasip1 by `cargo xtask wasi-matches-native`.
# CLDR 48.2.1. Line: locale \t message \t argument \t output (JSON) \t errors
en	{$n :datetime}	datetime 2006-01-02T15:04:06Z	"Jan 2, 2006, 3:04\u202fPM"	
en	{$n :datetime}	datetime 2024-07-15T23:59:59Z	"Jul 15, 2024, 11:59\u202fPM"	
en	{$n :datetime}	datetime 1970-01-01T00:00:00Z	"Jan 1, 1970, 12:00\u202fAM"	
en	{$n :datetime}	datetime 2006-01-02T15:04:06+05:30	"Jan 2, 2006, 9:34\u202fAM"	
en	{$n :datetime}	datetime 2006-01-02T15:04:06	"Jan 2, 2006, 3:04\u202fPM"	
en	{$n :datetime}	datetime 2000-02-29T00:00:00	"Feb 29, 2000, 12:00\u202fAM"	
en	{$n :datetime}	datetime -000044-03-15T00:00:00	"Mar 15, 45 BC, 12:00\u202fAM"	
en	{$n :datetime dateLength=long timePrecision=second}	datetime 2006-01-02T15:04:06Z	"January 2, 2006 at 3:04:06\u202fPM"	
en	{$n :datetime dateLength=long timePrecision=second}	datetime 2024-07-15T23:59:59Z	"July 15, 2024 at 11:59:59\u202fPM"	
en	{$n :datetime dateLength=long timePrecision=second}	datetime 1970-01-01T00:00:00Z	"January 1, 1970 at 12:00:00\u202fAM"	
en	{$n :datetime dateLength=long timePrecision=second}	datetime 2006-01-02T15:04:06+05:30	"January 2, 2006 at 9:34:06\u202fAM"	
en	{$n :datetime dateLength=long timePrecision=second}	datetime 2006-01-02T15:04:06	"January 2, 2006 at 3:04:06\u202fPM"	
en	{$n :datetime dateLength=long timePrecision=second}	datetime 2000-02-29T00:00:00	"February 29, 2000 at 12:00:00\u202fAM"	
en	{$n :datetime dateLength=long timePrecision=second}	datetime -000044-03-15T00:00:00	"March 15, 45 BC at 12:00:00\u202fAM"	
en	{$n :datetime dateLength=short timePrecision=hour}	datetime 2006-01-02T15:04:06Z	"1/2/06, 3\u202fPM"	
en	{$n :datetime dateLength=short timePrecision=hour}	datetime 2024-07-15T23:59:59Z	"7/15/24, 11\u202fPM"	
en	{$n :datetime dateLength=short timePrecision=hour}	datetime 1970-01-01T00:00:00Z	"1/1/70, 12\u202fAM"	
en	{$n :datetime dateLength=short timePrecision=hour}	datetime 2006-01-02T15:04:06+05:30	"1/2/06, 9\u202fAM"	
en	{$n :datetime dateLength=short timePrecision=hour}	datetime 2006-01-02T15:04:06	"1/2/06, 3\u202fPM"	
en	{$n :datetime dateLength=short timePrecision=hour}	datetime 2000-02-29T00:00:00	"2/29/00, 12\u202fAM"	
en	{$n :datetime dateLength=short timePrecision=hour}	datetime -000044-03-15T00:00:00	"3/15/45 BC, 12\u202fAM"	
en	{$n :date}	datetime 2006-01-02T15:04:06Z	"Jan 2, 2006"	
en	{$n :date}	datetime 2024-07-15T23:59:59Z	"Jul 15, 2024"	
en	{$n :date}	datetime 1970-01-01T00:00:00Z	"Jan 1, 1970"	
en	{$n :date}	datetime 2006-01-02T15:04:06+05:30	"Jan 2, 2006"	
en	{$n :date}	datetime 2006-01-02T15:04:06	"Jan 2, 2006"	
en	{$n :date}	datetime 2000-02-29T00:00:00	"Feb 29, 2000"	
en	{$n :date}	datetime -000044-03-15T00:00:00	"Mar 15, 45 BC"	
en	{$n :date length=long}	datetime 2006-01-02T15:04:06Z	"January 2, 2006"	
en	{$n :date length=long}	datetime 2024-07-15T23:59:59Z	"July 15, 2024"	
en	{$n :date length=long}	datetime 1970-01-01T00:00:00Z	"January 1, 1970"	
en	{$n :date length=long}	datetime 2006-01-02T15:04:06+05:30	"January 2, 2006"	
en	{$n :date length=long}	datetime 2006-01-02T15:04:06	"January 2, 2006"	
en	{$n :date length=long}	datetime 2000-02-29T00:00:00	"February 29, 2000"	
en	{$n :date length=long}	datetime -000044-03-15T00:00:00	"March 15, 45 BC"	
en	{$n :date length=short}	datetime 2006-01-02T15:04:06Z	"1/2/06"	
en	{$n :date length=short}	datetime 2024-07-15T23:59:59Z	"7/15/24"	
en	{$n :date length=short}	datetime 1970-01-01T00:00:00Z	"1/1/70"	
en	{$n :date length=short}	datetime 2006-01-02T15:04:06+05:30	"1/2/06"	
en	{$n :date length=short}	datetime 2006-01-02T15:04:06	"1/2/06"	
en	{$n :date length=short}	datetime 2000-02-29T00:00:00	"2/29/00"	
en	{$n :date length=short}	datetime -000044-03-15T00:00:00	"3/15/45 BC"	
en	{$n :date fields=year-month-day-weekday length=long}	datetime 2006-01-02T15:04:06Z	"Monday, January 2, 2006"	
en	{$n :date fields=year-month-day-weekday length=long}	datetime 2024-07-15T23:59:59Z	"Monday, July 15, 2024"	
en	{$n :date fields=year-month-day-weekday length=long}	datetime 1970-01-01T00:00:00Z	"Thursday, January 1, 1970"	
en	{$n :date fields=year-month-day-weekday length=long}	datetime 2006-01-02T15:04:06+05:30	"Monday, January 2, 2006"	
en	{$n :date fields=year-month-day-weekday length=long}	datetime 2006-01-02T15:04:06	"Monday, January 2, 2006"	
en	{$n :date fields=year-month-day-weekday length=long}	datetime 2000-02-29T00:00:00	"Tuesday, February 29, 2000"	
en	{$n :date fields=year-month-day-weekday length=long}	datetime -000044-03-15T00:00:00	"Thursday, March 15, 45 BC"	
en	{$n :date fields=month-day}	datetime 2006-01-02T15:04:06Z	"Jan 2"	
en	{$n :date fields=month-day}	datetime 2024-07-15T23:59:59Z	"Jul 15"	
en	{$n :date fields=month-day}	datetime 1970-01-01T00:00:00Z	"Jan 1"	
en	{$n :date fields=month-day}	datetime 2006-01-02T15:04:06+05:30	"Jan 2"	
en	{$n :date fields=month-day}	datetime 2006-01-02T15:04:06	"Jan 2"	
en	{$n :date fields=month-day}	datetime 2000-02-29T00:00:00	"Feb 29"	
en	{$n :date fields=month-day}	datetime -000044-03-15T00:00:00	"Mar 15"	
en	{$n :date fields=weekday length=long}	datetime 2006-01-02T15:04:06Z	"Monday"	
en	{$n :date fields=weekday length=long}	datetime 2024-07-15T23:59:59Z	"Monday"	
en	{$n :date fields=weekday length=long}	datetime 1970-01-01T00:00:00Z	"Thursday"	
en	{$n :date fields=weekday length=long}	datetime 2006-01-02T15:04:06+05:30	"Monday"	
en	{$n :date fields=weekday length=long}	datetime 2006-01-02T15:04:06	"Monday"	
en	{$n :date fields=weekday length=long}	datetime 2000-02-29T00:00:00	"Tuesday"	
en	{$n :date fields=weekday length=long}	datetime -000044-03-15T00:00:00	"Thursday"	
en	{$n :time}	datetime 2006-01-02T15:04:06Z	"3:04\u202fPM"	
en	{$n :time}	datetime 2024-07-15T23:59:59Z	"11:59\u202fPM"	
en	{$n :time}	datetime 1970-01-01T00:00:00Z	"12:00\u202fAM"	
en	{$n :time}	datetime 2006-01-02T15:04:06+05:30	"9:34\u202fAM"	
en	{$n :time}	datetime 2006-01-02T15:04:06	"3:04\u202fPM"	
en	{$n :time}	datetime 2000-02-29T00:00:00	"12:00\u202fAM"	
en	{$n :time}	datetime -000044-03-15T00:00:00	"12:00\u202fAM"	
en	{$n :time precision=second}	datetime 2006-01-02T15:04:06Z	"3:04:06\u202fPM"	
en	{$n :time precision=second}	datetime 2024-07-15T23:59:59Z	"11:59:59\u202fPM"	
en	{$n :time precision=second}	datetime 1970-01-01T00:00:00Z	"12:00:00\u202fAM"	
en	{$n :time precision=second}	datetime 2006-01-02T15:04:06+05:30	"9:34:06\u202fAM"	
en	{$n :time precision=second}	datetime 2006-01-02T15:04:06	"3:04:06\u202fPM"	
en	{$n :time precision=second}	datetime 2000-02-29T00:00:00	"12:00:00\u202fAM"	
en	{$n :time precision=second}	datetime -000044-03-15T00:00:00	"12:00:00\u202fAM"	
en	{$n :time hour12=true}	datetime 2006-01-02T15:04:06Z	"3:04\u202fPM"	
en	{$n :time hour12=true}	datetime 2024-07-15T23:59:59Z	"11:59\u202fPM"	
en	{$n :time hour12=true}	datetime 1970-01-01T00:00:00Z	"12:00\u202fAM"	
en	{$n :time hour12=true}	datetime 2006-01-02T15:04:06+05:30	"9:34\u202fAM"	
en	{$n :time hour12=true}	datetime 2006-01-02T15:04:06	"3:04\u202fPM"	
en	{$n :time hour12=true}	datetime 2000-02-29T00:00:00	"12:00\u202fAM"	
en	{$n :time hour12=true}	datetime -000044-03-15T00:00:00	"12:00\u202fAM"	
en	{$n :time hour12=false}	datetime 2006-01-02T15:04:06Z	"15:04"	
en	{$n :time hour12=false}	datetime 2024-07-15T23:59:59Z	"23:59"	
en	{$n :time hour12=false}	datetime 1970-01-01T00:00:00Z	"00:00"	
en	{$n :time hour12=false}	datetime 2006-01-02T15:04:06+05:30	"09:34"	
en	{$n :time hour12=false}	datetime 2006-01-02T15:04:06	"15:04"	
en	{$n :time hour12=false}	datetime 2000-02-29T00:00:00	"00:00"	
en	{$n :time hour12=false}	datetime -000044-03-15T00:00:00	"00:00"	
en	{$n :datetime timeZone=UTC timeZoneStyle=short}	datetime 2006-01-02T15:04:06Z	"Jan 2, 2006, 3:04\u202fPM UTC"	
en	{$n :datetime timeZone=UTC timeZoneStyle=short}	datetime 2024-07-15T23:59:59Z	"Jul 15, 2024, 11:59\u202fPM UTC"	
en	{$n :datetime timeZone=UTC timeZoneStyle=short}	datetime 1970-01-01T00:00:00Z	"Jan 1, 1970, 12:00\u202fAM UTC"	
en	{$n :datetime timeZone=UTC timeZoneStyle=short}	datetime 2006-01-02T15:04:06+05:30	"Jan 2, 2006, 9:34\u202fAM UTC"	
en	{$n :datetime timeZone=UTC timeZoneStyle=short}	datetime 2006-01-02T15:04:06	"Jan 2, 2006, 3:04\u202fPM UTC"	
en	{$n :datetime timeZone=UTC timeZoneStyle=short}	datetime 2000-02-29T00:00:00	"Feb 29, 2000, 12:00\u202fAM UTC"	
en	{$n :datetime timeZone=UTC timeZoneStyle=short}	datetime -000044-03-15T00:00:00	"Mar 15, 45 BC, 12:00\u202fAM UTC"	
en	{$n :datetime timeZone=|America/New_York| timeZoneStyle=long}	datetime 2006-01-02T15:04:06Z	"Jan 2, 2006, 10:04\u202fAM Eastern Standard Time"	
en	{$n :datetime timeZone=|America/New_York| timeZoneStyle=long}	datetime 2024-07-15T23:59:59Z	"Jul 15, 2024, 7:59\u202fPM Eastern Daylight Time"	
en	{$n :datetime timeZone=|America/New_York| timeZoneStyle=long}	datetime 1970-01-01T00:00:00Z	"Dec 31, 1969, 7:00\u202fPM Eastern Standard Time"	
en	{$n :datetime timeZone=|America/New_York| timeZoneStyle=long}	datetime 2006-01-02T15:04:06+05:30	"Jan 2, 2006, 4:34\u202fAM Eastern Standard Time"	
en	{$n :datetime timeZone=|America/New_York| timeZoneStyle=long}	datetime 2006-01-02T15:04:06	"Jan 2, 2006, 3:04\u202fPM Eastern Standard Time"	
en	{$n :datetime timeZone=|America/New_York| timeZoneStyle=long}	datetime 2000-02-29T00:00:00	"Feb 29, 2000, 12:00\u202fAM Eastern Standard Time"	
en	{$n :datetime timeZone=|America/New_York| timeZoneStyle=long}	datetime -000044-03-15T00:00:00	"Mar 15, 45 BC, 12:00\u202fAM GMT-04:56:02"	
en	{$n :time timeZone=|Asia/Kolkata| timeZoneStyle=short}	datetime 2006-01-02T15:04:06Z	"8:34\u202fPM GMT+5:30"	
en	{$n :time timeZone=|Asia/Kolkata| timeZoneStyle=short}	datetime 2024-07-15T23:59:59Z	"5:29\u202fAM GMT+5:30"	
en	{$n :time timeZone=|Asia/Kolkata| timeZoneStyle=short}	datetime 1970-01-01T00:00:00Z	"5:30\u202fAM GMT+5:30"	
en	{$n :time timeZone=|Asia/Kolkata| timeZoneStyle=short}	datetime 2006-01-02T15:04:06+05:30	"3:04\u202fPM GMT+5:30"	
en	{$n :time timeZone=|Asia/Kolkata| timeZoneStyle=short}	datetime 2006-01-02T15:04:06	"3:04\u202fPM GMT+5:30"	
en	{$n :time timeZone=|Asia/Kolkata| timeZoneStyle=short}	datetime 2000-02-29T00:00:00	"12:00\u202fAM GMT+5:30"	
en	{$n :time timeZone=|Asia/Kolkata| timeZoneStyle=short}	datetime -000044-03-15T00:00:00	"12:00\u202fAM GMT+5:53:28"	
en	{$n :datetime timeZone=|+05:45|}	datetime 2006-01-02T15:04:06Z	"Jan 2, 2006, 8:49\u202fPM"	
en	{$n :datetime timeZone=|+05:45|}	datetime 2024-07-15T23:59:59Z	"Jul 16, 2024, 5:44\u202fAM"	
en	{$n :datetime timeZone=|+05:45|}	datetime 1970-01-01T00:00:00Z	"Jan 1, 1970, 5:45\u202fAM"	
en	{$n :datetime timeZone=|+05:45|}	datetime 2006-01-02T15:04:06+05:30	"Jan 2, 2006, 3:19\u202fPM"	
en	{$n :datetime timeZone=|+05:45|}	datetime 2006-01-02T15:04:06	"Jan 2, 2006, 3:04\u202fPM"	
en	{$n :datetime timeZone=|+05:45|}	datetime 2000-02-29T00:00:00	"Feb 29, 2000, 12:00\u202fAM"	
en	{$n :datetime timeZone=|+05:45|}	datetime -000044-03-15T00:00:00	"Mar 15, 45 BC, 12:00\u202fAM"	
en	{$n :date calendar=japanese length=long}	datetime 2006-01-02T15:04:06Z	"January 2, 18 Heisei"	
en	{$n :date calendar=japanese length=long}	datetime 2024-07-15T23:59:59Z	"July 15, 6 Reiwa"	
en	{$n :date calendar=japanese length=long}	datetime 1970-01-01T00:00:00Z	"January 1, 45 Shōwa"	
en	{$n :date calendar=japanese length=long}	datetime 2006-01-02T15:04:06+05:30	"January 2, 18 Heisei"	
en	{$n :date calendar=japanese length=long}	datetime 2006-01-02T15:04:06	"January 2, 18 Heisei"	
en	{$n :date calendar=japanese length=long}	datetime 2000-02-29T00:00:00	"February 29, 12 Heisei"	
en	{$n :date calendar=japanese length=long}	datetime -000044-03-15T00:00:00	"March 15, 45 BC"	
en	{$n :date calendar=hebrew}	datetime 2006-01-02T15:04:06Z	"2 Tevet 5766"	
en	{$n :date calendar=hebrew}	datetime 2024-07-15T23:59:59Z	"9 Tamuz 5784"	
en	{$n :date calendar=hebrew}	datetime 1970-01-01T00:00:00Z	"23 Tevet 5730"	
en	{$n :date calendar=hebrew}	datetime 2006-01-02T15:04:06+05:30	"2 Tevet 5766"	
en	{$n :date calendar=hebrew}	datetime 2006-01-02T15:04:06	"2 Tevet 5766"	
en	{$n :date calendar=hebrew}	datetime 2000-02-29T00:00:00	"23 Adar I 5760"	
en	{$n :date calendar=hebrew}	datetime -000044-03-15T00:00:00	"16 Adar II 3716"	
es	{$n :datetime}	datetime 2006-01-02T15:04:06Z	"2 ene 2006, 15:04"	
es	{$n :datetime}	datetime 2024-07-15T23:59:59Z	"15 jul 2024, 23:59"	
es	{$n :datetime}	datetime 1970-01-01T00:00:00Z	"1 ene 1970, 00:00"	
es	{$n :datetime}	datetime 2006-01-02T15:04:06+05:30	"2 ene 2006, 09:34"	
es	{$n :datetime}	datetime 2006-01-02T15:04:06	"2 ene 2006, 15:04"	
es	{$n :datetime}	datetime 2000-02-29T00:00:00	"29 feb 2000, 00:00"	
es	{$n :datetime}	datetime -000044-03-15T00:00:00	"15 mar 45 a. C., 00:00"	
es	{$n :datetime dateLength=long timePrecision=second}	datetime 2006-01-02T15:04:06Z	"2 de enero de 2006 a las 15:04:06"	
es	{$n :datetime dateLength=long timePrecision=second}	datetime 2024-07-15T23:59:59Z	"15 de julio de 2024 a las 23:59:59"	
es	{$n :datetime dateLength=long timePrecision=second}	datetime 1970-01-01T00:00:00Z	"1 de enero de 1970 a las 00:00:00"	
es	{$n :datetime dateLength=long timePrecision=second}	datetime 2006-01-02T15:04:06+05:30	"2 de enero de 2006 a las 09:34:06"	
es	{$n :datetime dateLength=long timePrecision=second}	datetime 2006-01-02T15:04:06	"2 de enero de 2006 a las 15:04:06"	
es	{$n :datetime dateLength=long timePrecision=second}	datetime 2000-02-29T00:00:00	"29 de febrero de 2000 a las 00:00:00"	
es	{$n :datetime dateLength=long timePrecision=second}	datetime -000044-03-15T00:00:00	"15 de marzo de 45 a. C. a las 00:00:00"	
es	{$n :datetime dateLength=short timePrecision=hour}	datetime 2006-01-02T15:04:06Z	"2/1/06, 15"	
es	{$n :datetime dateLength=short timePrecision=hour}	datetime 2024-07-15T23:59:59Z	"15/7/24, 23"	
es	{$n :datetime dateLength=short timePrecision=hour}	datetime 1970-01-01T00:00:00Z	"1/1/70, 00"	
es	{$n :datetime dateLength=short timePrecision=hour}	datetime 2006-01-02T15:04:06+05:30	"2/1/06, 09"	
es	{$n :datetime dateLength=short timePrecision=hour}	datetime 2006-01-02T15:04:06	"2/1/06, 15"	
es	{$n :datetime dateLength=short timePrecision=hour}	datetime 2000-02-29T00:00:00	"29/2/00, 00"	
es	{$n :datetime dateLength=short timePrecision=hour}	datetime -000044-03-15T00:00:00	"15/3/45 a. C., 00"	
es	{$n :date}	datetime 2006-01-02T15:04:06Z	"2 ene 2006"	
es	{$n :date}	datetime 2024-07-15T23:59:59Z	"15 jul 2024"	
es	{$n :date}	datetime 1970-01-01T00:00:00Z	"1 ene 1970"	
es	{$n :date}	datetime 2006-01-02T15:04:06+05:30	"2 ene 2006"	
es	{$n :date}	datetime 2006-01-02T15:04:06	"2 ene 2006"	
es	{$n :date}	datetime 2000-02-29T00:00:00	"29 feb 2000"	
es	{$n :date}	datetime -000044-03-15T00:00:00	"15 mar 45 a. C."	
es	{$n :date length=long}	datetime 2006-01-02T15:04:06Z	"2 de enero de 2006"	
es	{$n :date length=long}	datetime 2024-07-15T23:59:59Z	"15 de julio de 2024"	
es	{$n :date length=long}	datetime 1970-01-01T00:00:00Z	"1 de enero de 1970"	
es	{$n :date length=long}	datetime 2006-01-02T15:04:06+05:30	"2 de enero de 2006"	
es	{$n :date length=long}	datetime 2006-01-02T15:04:06	"2 de enero de 2006"	
es	{$n :date length=long}	datetime 2000-02-29T00:00:00	"29 de febrero de 2000"	
es	{$n :date length=long}	datetime -000044-03-15T00:00:00	"15 de marzo de 45 a. C."	
es	{$n :date length=short}	datetime 2006-01-02T15:04:06Z	"2/1/06"	
es	{$n :date length=short}	datetime 2024-07-15T23:59:59Z	"15/7/24"	
es	{$n :date length=short}	datetime 1970-01-01T00:00:00Z	"1/1/70"	
es	{$n :date length=short}	datetime 2006-01-02T15:04:06+05:30	"2/1/06"	
es	{$n :date length=short}	datetime 2006-01-02T15:04:06	"2/1/06"	
es	{$n :date length=short}	datetime 2000-02-29T00:00:00	"29/2/00"	
es	{$n :date length=short}	datetime -000044-03-15T00:00:00	"15/3/45 a. C."	
es	{$n :date fields=year-month-day-weekday length=long}	datetime 2006-01-02T15:04:06Z	"lunes, 2 de enero de 2006"	
es	{$n :date fields=year-month-day-weekday length=long}	datetime 2024-07-15T23:59:59Z	"lunes, 15 de julio de 2024"	
es	{$n :date fields=year-month-day-weekday length=long}	datetime 1970-01-01T00:00:00Z	"jueves, 1 de enero de 1970"	
es	{$n :date fields=year-month-day-weekday length=long}	datetime 2006-01-02T15:04:06+05:30	"lunes, 2 de enero de 2006"	
es	{$n :date fields=year-month-day-weekday length=long}	datetime 2006-01-02T15:04:06	"lunes, 2 de enero de 2006"	
es	{$n :date fields=year-month-day-weekday length=long}	datetime 2000-02-29T00:00:00	"martes, 29 de febrero de 2000"	
es	{$n :date fields=year-month-day-weekday length=long}	datetime -000044-03-15T00:00:00	"jueves, 15 de marzo de 45 a. C."	
es	{$n :date fields=month-day}	datetime 2006-01-02T15:04:06Z	"2 ene"	
es	{$n :date fields=month-day}	datetime 2024-07-15T23:59:59Z	"15 jul"	
es	{$n :date fields=month-day}	datetime 1970-01-01T00:00:00Z	"1 ene"	
es	{$n :date fields=month-day}	datetime 2006-01-02T15:04:06+05:30	"2 ene"	
es	{$n :date fields=month-day}	datetime 2006-01-02T15:04:06	"2 ene"	
es	{$n :date fields=month-day}	datetime 2000-02-29T00:00:00	"29 feb"	
es	{$n :date fields=month-day}	datetime -000044-03-15T00:00:00	"15 mar"	
es	{$n :date fields=weekday length=long}	datetime 2006-01-02T15:04:06Z	"lunes"	
es	{$n :date fields=weekday length=long}	datetime 2024-07-15T23:59:59Z	"lunes"	
es	{$n :date fields=weekday length=long}	datetime 1970-01-01T00:00:00Z	"jueves"	
es	{$n :date fields=weekday length=long}	datetime 2006-01-02T15:04:06+05:30	"lunes"	
es	{$n :date fields=weekday length=long}	datetime 2006-01-02T15:04:06	"lunes"	
es	{$n :date fields=weekday length=long}	datetime 2000-02-29T00:00:00	"martes"	
es	{$n :date fields=weekday length=long}	datetime -000044-03-15T00:00:00	"jueves"	
es	{$n :time}	datetime 2006-01-02T15:04:06Z	"15:04"	
es	{$n :time}	datetime 2024-07-15T23:59:59Z	"23:59"	
es	{$n :time}	datetime 1970-01-01T00:00:00Z	"00:00"	
es	{$n :time}	datetime 2006-01-02T15:04:06+05:30	"09:34"	
es	{$n :time}	datetime 2006-01-02T15:04:06	"15:04"	
es	{$n :time}	datetime 2000-02-29T00:00:00	"00:00"	
es	{$n :time}	datetime -000044-03-15T00:00:00	"00:00"	
es	{$n :time precision=second}	datetime 2006-01-02T15:04:06Z	"15:04:06"	
es	{$n :time precision=second}	datetime 2024-07-15T23:59:59Z	"23:59:59"	
es	{$n :time precision=second}	datetime 1970-01-01T00:00:00Z	"00:00:00"	
es	{$n :time precision=second}	datetime 2006-01-02T15:04:06+05:30	"09:34:06"	
es	{$n :time precision=second}	datetime 2006-01-02T15:04:06	"15:04:06"	
es	{$n :time precision=second}	datetime 2000-02-29T00:00:00	"00:00:00"	
es	{$n :time precision=second}	datetime -000044-03-15T00:00:00	"00:00:00"	
es	{$n :time hour12=true}	datetime 2006-01-02T15:04:06Z	"3:04\u202fp.\u202fm."	
es	{$n :time hour12=true}	datetime 2024-07-15T23:59:59Z	"11:59\u202fp.\u202fm."	
es	{$n :time hour12=true}	datetime 1970-01-01T00:00:00Z	"12:00\u202fa.\u202fm."	
es	{$n :time hour12=true}	datetime 2006-01-02T15:04:06+05:30	"9:34\u202fa.\u202fm."	
es	{$n :time hour12=true}	datetime 2006-01-02T15:04:06	"3:04\u202fp.\u202fm."	
es	{$n :time hour12=true}	datetime 2000-02-29T00:00:00	"12:00\u202fa.\u202fm."	
es	{$n :time hour12=true}	datetime -000044-03-15T00:00:00	"12:00\u202fa.\u202fm."	
es	{$n :time hour12=false}	datetime 2006-01-02T15:04:06Z	"15:04"	
es	{$n :time hour12=false}	datetime 2024-07-15T23:59:59Z	"23:59"	
es	{$n :time hour12=false}	datetime 1970-01-01T00:00:00Z	"00:00"	
es	{$n :time hour12=false}	datetime 2006-01-02T15:04:06+05:30	"09:34"	
es	{$n :time hour12=false}	datetime 2006-01-02T15:04:06	"15:04"	
es	{$n :time hour12=false}	datetime 2000-02-29T00:00:00	"00:00"	
es	{$n :time hour12=false}	datetime -000044-03-15T00:00:00	"00:00"	
es	{$n :datetime timeZone=UTC timeZoneStyle=short}	datetime 2006-01-02T15:04:06Z	"2 ene 2006, 15:04 UTC"	
es	{$n :datetime timeZone=UTC timeZoneStyle=short}	datetime 2024-07-15T23:59:59Z	"15 jul 2024, 23:59 UTC"	
es	{$n :datetime timeZone=UTC timeZoneStyle=short}	datetime 1970-01-01T00:00:00Z	"1 ene 1970, 00:00 UTC"	
es	{$n :datetime timeZone=UTC timeZoneStyle=short}	datetime 2006-01-02T15:04:06+05:30	"2 ene 2006, 09:34 UTC"	
es	{$n :datetime timeZone=UTC timeZoneStyle=short}	datetime 2006-01-02T15:04:06	"2 ene 2006, 15:04 UTC"	
es	{$n :datetime timeZone=UTC timeZoneStyle=short}	datetime 2000-02-29T00:00:00	"29 feb 2000, 00:00 UTC"	
es	{$n :datetime timeZone=UTC timeZoneStyle=short}	datetime -000044-03-15T00:00:00	"15 mar 45 a. C., 00:00 UTC"	
es	{$n :datetime timeZone=|America/New_York| timeZoneStyle=long}	datetime 2006-01-02T15:04:06Z	"2 ene 2006, 10:04 hora estándar oriental"	
es	{$n :datetime timeZone=|America/New_York| timeZoneStyle=long}	datetime 2024-07-15T23:59:59Z	"15 jul 2024, 19:59 hora de verano oriental"	
es	{$n :datetime timeZone=|America/New_York| timeZoneStyle=long}	datetime 1970-01-01T00:00:00Z	"31 dic 1969, 19:00 hora estándar oriental"	
es	{$n :datetime timeZone=|America/New_York| timeZoneStyle=long}	datetime 2006-01-02T15:04:06+05:30	"2 ene 2006, 04:34 hora estándar oriental"	
es	{$n :datetime timeZone=|America/New_York| timeZoneStyle=long}	datetime 2006-01-02T15:04:06	"2 ene 2006, 15:04 hora estándar oriental"	
es	{$n :datetime timeZone=|America/New_York| timeZoneStyle=long}	datetime 2000-02-29T00:00:00	"29 feb 2000, 00:00 hora estándar oriental"	
es	{$n :datetime timeZone=|America/New_York| timeZoneStyle=long}	datetime -000044-03-15T00:00:00	"15 mar 45 a. C., 00:00 GMT-04:56:02"	
es	{$n :time timeZone=|Asia/Kolkata| timeZoneStyle=short}	datetime 2006-01-02T15:04:06Z	"20:34 GMT+5:30"	
es	{$n :time timeZone=|Asia/Kolkata| timeZoneStyle=short}	datetime 2024-07-15T23:59:59Z	"05:29 GMT+5:30"	
es	{$n :time timeZone=|Asia/Kolkata| timeZoneStyle=short}	datetime 1970-01-01T00:00:00Z	"05:30 GMT+5:30"	
es	{$n :time timeZone=|Asia/Kolkata| timeZoneStyle=short}	datetime 2006-01-02T15:04:06+05:30	"15:04 GMT+5:30"	
es	{$n :time timeZone=|Asia/Kolkata| timeZoneStyle=short}	datetime 2006-01-02T15:04:06	"15:04 GMT+5:30"	
es	{$n :time timeZone=|Asia/Kolkata| timeZoneStyle=short}	datetime 2000-02-29T00:00:00	"00:00 GMT+5:30"	
es	{$n :time timeZone=|Asia/Kolkata| timeZoneStyle=short}	datetime -000044-03-15T00:00:00	"00:00 GMT+5:53:28"	
es	{$n :datetime timeZone=|+05:45|}	datetime 2006-01-02T15:04:06Z	"2 ene 2006, 20:49"	
es	{$n :datetime timeZone=|+05:45|}	datetime 2024-07-15T23:59:59Z	"16 jul 2024, 05:44"	
es	{$n :datetime timeZone=|+05:45|}	datetime 1970-01-01T00:00:00Z	"1 ene 1970, 05:45"	
es	{$n :datetime timeZone=|+05:45|}	datetime 2006-01-02T15:04:06+05:30	"2 ene 2006, 15:19"	
es	{$n :datetime timeZone=|+05:45|}	datetime 2006-01-02T15:04:06	"2 ene 2006, 15:04"	
es	{$n :datetime timeZone=|+05:45|}	datetime 2000-02-29T00:00:00	"29 feb 2000, 00:00"	
es	{$n :datetime timeZone=|+05:45|}	datetime -000044-03-15T00:00:00	"15 mar 45 a. C., 00:00"	
es	{$n :date calendar=japanese length=long}	datetime 2006-01-02T15:04:06Z	"2 de enero de 18 Heisei"	
es	{$n :date calendar=japanese length=long}	datetime 2024-07-15T23:59:59Z	"15 de julio de 6 Reiwa"	
es	{$n :date calendar=japanese length=long}	datetime 1970-01-01T00:00:00Z	"1 de enero de 45 Shōwa"	
es	{$n :date calendar=japanese length=long}	datetime 2006-01-02T15:04:06+05:30	"2 de enero de 18 Heisei"	
es	{$n :date calendar=japanese length=long}	datetime 2006-01-02T15:04:06	"2 de enero de 18 Heisei"	
es	{$n :date calendar=japanese length=long}	datetime 2000-02-29T00:00:00	"29 de febrero de 12 Heisei"	
es	{$n :date calendar=japanese length=long}	datetime -000044-03-15T00:00:00	"15 de marzo de 45 a. C."	
es	{$n :date calendar=hebrew}	datetime 2006-01-02T15:04:06Z	"2/4/5766 AM"	
es	{$n :date calendar=hebrew}	datetime 2024-07-15T23:59:59Z	"9/10/5784 AM"	
es	{$n :date calendar=hebrew}	datetime 1970-01-01T00:00:00Z	"23/4/5730 AM"	
es	{$n :date calendar=hebrew}	datetime 2006-01-02T15:04:06+05:30	"2/4/5766 AM"	
es	{$n :date calendar=hebrew}	datetime 2006-01-02T15:04:06	"2/4/5766 AM"	
es	{$n :date calendar=hebrew}	datetime 2000-02-29T00:00:00	"23/6a/5760 AM"	
es	{$n :date calendar=hebrew}	datetime -000044-03-15T00:00:00	"16/6b/3716 AM"	
de	{$n :datetime}	datetime 2006-01-02T15:04:06Z	"02.01.2006, 15:04"	
de	{$n :datetime}	datetime 2024-07-15T23:59:59Z	"15.07.2024, 23:59"	
de	{$n :datetime}	datetime 1970-01-01T00:00:00Z	"01.01.1970, 00:00"	
de	{$n :datetime}	datetime 2006-01-02T15:04:06+05:30	"02.01.2006, 09:34"	
de	{$n :datetime}	datetime 2006-01-02T15:04:06	"02.01.2006, 15:04"	
de	{$n :datetime}	datetime 2000-02-29T00:00:00	"29.02.2000, 00:00"	
de	{$n :datetime}	datetime -000044-03-15T00:00:00	"15.03.45 v. Chr., 00:00"	
de	{$n :datetime dateLength=long timePrecision=second}	datetime 2006-01-02T15:04:06Z	"2. Januar 2006 um 15:04:06"	
de	{$n :datetime dateLength=long timePrecision=second}	datetime 2024-07-15T23:59:59Z	"15. Juli 2024 um 23:59:59"	
de	{$n :datetime dateLength=long timePrecision=second}	datetime 1970-01-01T00:00:00Z	"1. Januar 1970 um 00:00:00"	
de	{$n :datetime dateLength=long timePrecision=second}	datetime 2006-01-02T15:04:06+05:30	"2. Januar 2006 um 09:34:06"	
de	{$n :datetime dateLength=long timePrecision=second}	datetime 2006-01-02T15:04:06	"2. Januar 2006 um 15:04:06"	
de	{$n :datetime dateLength=long timePrecision=second}	datetime 2000-02-29T00:00:00	"29. Februar 2000 um 00:00:00"	
de	{$n :datetime dateLength=long timePrecision=second}	datetime -000044-03-15T00:00:00	"15. März 45 v. Chr. um 00:00:00"	
de	{$n :datetime dateLength=short timePrecision=hour}	datetime 2006-01-02T15:04:06Z	"02.01.06, 15 Uhr"	
de	{$n :datetime dateLength=short timePrecision=hour}	datetime 2024-07-15T23:59:59Z	"15.07.24, 23 Uhr"	
de	{$n :datetime dateLength=short timePrecision=hour}	datetime 1970-01-01T00:00:00Z	"01.01.70, 00 Uhr"	
de	{$n :datetime dateLength=short timePrecision=hour}	datetime 2006-01-02T15:04:06+05:30	"02.01.06, 09 Uhr"	
de	{$n :datetime dateLength=short timePrecision=hour}	datetime 2006-01-02T15:04:06	"02.01.06, 15 Uhr"	
de	{$n :datetime dateLength=short timePrecision=hour}	datetime 2000-02-29T00:00:00	"29.02.00, 00 Uhr"	
de	{$n :datetime dateLength=short timePrecision=hour}	datetime -000044-03-15T00:00:00	"15.03.45 v. Chr., 00 Uhr"	
de	{$n :date}	datetime 2006-01-02T15:04:06Z	"02.01.2006"	
de	{$n :date}	datetime 2024-07-15T23:59:59Z	"15.07.2024"	
de	{$n :date}	datetime 1970-01-01T00:00:00Z	"01.01.1970"	
de	{$n :date}	datetime 2006-01-02T15:04:06+05:30	"02.01.2006"	
de	{$n :date}	datetime 2006-01-02T15:04:06	"02.01.2006"	
de	{$n :date}	datetime 2000-02-29T00:00:00	"29.02.2000"	
de	{$n :date}	datetime -000044-03-15T00:00:00	"15.03.45 v. Chr."	
de	{$n :date length=long}	datetime 2006-01-02T15:04:06Z	"2. Januar 2006"	
de	{$n :date length=long}	datetime 2024-07-15T23:59:59Z	"15. Juli 2024"	
de	{$n :date length=long}	datetime 1970-01-01T00:00:00Z	"1. Januar 1970"	
de	{$n :date length=long}	datetime 2006-01-02T15:04:06+05:30	"2. Januar 2006"	
de	{$n :date length=long}	datetime 2006-01-02T15:04:06	"2. Januar 2006"	
de	{$n :date length=long}	datetime 2000-02-29T00:00:00	"29. Februar 2000"	
de	{$n :date length=long}	datetime -000044-03-15T00:00:00	"15. März 45 v. Chr."	
de	{$n :date length=short}	datetime 2006-01-02T15:04:06Z	"02.01.06"	
de	{$n :date length=short}	datetime 2024-07-15T23:59:59Z	"15.07.24"	
de	{$n :date length=short}	datetime 1970-01-01T00:00:00Z	"01.01.70"	
de	{$n :date length=short}	datetime 2006-01-02T15:04:06+05:30	"02.01.06"	
de	{$n :date length=short}	datetime 2006-01-02T15:04:06	"02.01.06"	
de	{$n :date length=short}	datetime 2000-02-29T00:00:00	"29.02.00"	
de	{$n :date length=short}	datetime -000044-03-15T00:00:00	"15.03.45 v. Chr."	
de	{$n :date fields=year-month-day-weekday length=long}	datetime 2006-01-02T15:04:06Z	"Montag, 2. Januar 2006"	
de	{$n :date fields=year-month-day-weekday length=long}	datetime 2024-07-15T23:59:59Z	"Montag, 15. Juli 2024"	
de	{$n :date fields=year-month-day-weekday length=long}	datetime 1970-01-01T00:00:00Z	"Donnerstag, 1. Januar 1970"	
de	{$n :date fields=year-month-day-weekday length=long}	datetime 2006-01-02T15:04:06+05:30	"Montag, 2. Januar 2006"	
de	{$n :date fields=year-month-day-weekday length=long}	datetime 2006-01-02T15:04:06	"Montag, 2. Januar 2006"	
de	{$n :date fields=year-month-day-weekday length=long}	datetime 2000-02-29T00:00:00	"Dienstag, 29. Februar 2000"	
de	{$n :date fields=year-month-day-weekday length=long}	datetime -000044-03-15T00:00:00	"Donnerstag, 15. März 45 v. Chr."	
de	{$n :date fields=month-day}	datetime 2006-01-02T15:04:06Z	"02.01."	
de	{$n :date fields=month-day}	datetime 2024-07-15T23:59:59Z	"15.07."	
de	{$n :date fields=month-day}	datetime 1970-01-01T00:00:00Z	"01.01."	
de	{$n :date fields=month-day}	datetime 2006-01-02T15:04:06+05:30	"02.01."	
de	{$n :date fields=month-day}	datetime 2006-01-02T15:04:06	"02.01."	
de	{$n :date fields=month-day}	datetime 2000-02-29T00:00:00	"29.02."	
de	{$n :date fields=month-day}	datetime -000044-03-15T00:00:00	"15.03."	
de	{$n :date fields=weekday length=long}	datetime 2006-01-02T15:04:06Z	"Montag"	
de	{$n :date fields=weekday length=long}	datetime 2024-07-15T23:59:59Z	"Montag"	
de	{$n :date fields=weekday length=long}	datetime 1970-01-01T00:00:00Z	"Donnerstag"	
de	{$n :date fields=weekday length=long}	datetime 2006-01-02T15:04:06+05:30	"Montag"	
de	{$n :date fields=weekday length=long}	datetime 2006-01-02T15:04:06	"Montag"	
de	{$n :date fields=weekday length=long}	datetime 2000-02-29T00:00:00	"Dienstag"	
de	{$n :date fields=weekday length=long}	datetime -000044-03-15T00:00:00	"Donnerstag"	
de	{$n :time}	datetime 2006-01-02T15:04:06Z	"15:04"	
de	{$n :time}	datetime 2024-07-15T23:59:59Z	"23:59"	
de	{$n :time}	datetime 1970-01-01T00:00:00Z	"00:00"	
de	{$n :time}	datetime 2006-01-02T15:04:06+05:30	"09:34"	
de	{$n :time}	datetime 2006-01-02T15:04:06	"15:04"	
de	{$n :time}	datetime 2000-02-29T00:00:00	"00:00"	
de	{$n :time}	datetime -000044-03-15T00:00:00	"00:00"	
de	{$n :time precision=second}	datetime 2006-01-02T15:04:06Z	"15:04:06"	
de	{$n :time precision=second}	datetime 2024-07-15T23:59:59Z	"23:59:59"	
de	{$n :time precision=second}	datetime 1970-01-01T00:00:00Z	"00:00:00"	
de	{$n :time precision=second}	datetime 2006-01-02T15:04:06+05:30	"09:34:06"	
de	{$n :time precision=second}	datetime 2006-01-02T15:04:06	"15:04:06"	
de	{$n :time precision=second}	datetime 2000-02-29T00:00:00	"00:00:00"	
de	{$n :time precision=second}	datetime -000044-03-15T00:00:00	"00:00:00"	
de	{$n :time hour12=true}	datetime 2006-01-02T15:04:06Z	"3:04\u202fPM"	
de	{$n :time hour12=true}	datetime 2024-07-15T23:59:59Z	"11:59\u202fPM"	
de	{$n :time hour12=true}	datetime 1970-01-01T00:00:00Z	"12:00\u202fAM"	
de	{$n :time hour12=true}	datetime 2006-01-02T15:04:06+05:30	"9:34\u202fAM"	
de	{$n :time hour12=true}	datetime 2006-01-02T15:04:06	"3:04\u202fPM"	
de	{$n :time hour12=true}	datetime 2000-02-29T00:00:00	"12:00\u202fAM"	
de	{$n :time hour12=true}	datetime -000044-03-15T00:00:00	"12:00\u202fAM"	
de	{$n :time hour12=false}	datetime 2006-01-02T15:04:06Z	"15:04"	
de	{$n :time hour12=false}	datetime 2024-07-15T23:59:59Z	"23:59"	
de	{$n :time hour12=false}	datetime 1970-01-01T00:00:00Z	"00:00"	
de	{$n :time hour12=false}	datetime 2006-01-02T15:04:06+05:30	"09:34"	
de	{$n :time hour12=false}	datetime 2006-01-02T15:04:06	"15:04"	
de	{$n :time hour12=false}	datetime 2000-02-29T00:00:00	"00:00"	
de	{$n :time hour12=false}	datetime -000044-03-15T00:00:00	"00:00"	
de	{$n :datetime timeZone=UTC timeZoneStyle=short}	datetime 2006-01-02T15:04:06Z	"02.01.2006, 15:04 UTC"	
de	{$n :datetime timeZone=UTC timeZoneStyle=short}	datetime 2024-07-15T23:59:59Z	"15.07.2024, 23:59 UTC"	
de	{$n :datetime timeZone=UTC timeZoneStyle=short}	datetime 1970-01-01T00:00:00Z	"01.01.1970, 00:00 UTC"	
de	{$n :datetime timeZone=UTC timeZoneStyle=short}	datetime 2006-01-02T15:04:06+05:30	"02.01.2006, 09:34 UTC"	
de	{$n :datetime timeZone=UTC timeZoneStyle=short}	datetime 2006-01-02T15:04:06	"02.01.2006, 15:04 UTC"	
de	{$n :datetime timeZone=UTC timeZoneStyle=short}	datetime 2000-02-29T00:00:00	"29.02.2000, 00:00 UTC"	
de	{$n :datetime timeZone=UTC timeZoneStyle=short}	datetime -000044-03-15T00:00:00	"15.03.45 v. Chr., 00:00 UTC"	
de	{$n :datetime timeZone=|America/New_York| timeZoneStyle=long}	datetime 2006-01-02T15:04:06Z	"02.01.2006, 10:04 Nordamerikanische Ostküsten-Normalzeit"	
de	{$n :datetime timeZone=|America/New_York| timeZoneStyle=long}	datetime 2024-07-15T23:59:59Z	"15.07.2024, 19:59 Nordamerikanische Ostküsten-Sommerzeit"	
de	{$n :datetime timeZone=|America/New_York| timeZoneStyle=long}	datetime 1970-01-01T00:00:00Z	"31.12.1969, 19:00 Nordamerikanische Ostküsten-Normalzeit"	
de	{$n :datetime timeZone=|America/New_York| timeZoneStyle=long}	datetime 2006-01-02T15:04:06+05:30	"02.01.2006, 04:34 Nordamerikanische Ostküsten-Normalzeit"	
de	{$n :datetime timeZone=|America/New_York| timeZoneStyle=long}	datetime 2006-01-02T15:04:06	"02.01.2006, 15:04 Nordamerikanische Ostküsten-Normalzeit"	
de	{$n :datetime timeZone=|America/New_York| timeZoneStyle=long}	datetime 2000-02-29T00:00:00	"29.02.2000, 00:00 Nordamerikanische Ostküsten-Normalzeit"	
de	{$n :datetime timeZone=|America/New_York| timeZoneStyle=long}	datetime -000044-03-15T00:00:00	"15.03.45 v. Chr., 00:00 GMT-04:56:02"	
de	{$n :time timeZone=|Asia/Kolkata| timeZoneStyle=short}	datetime 2006-01-02T15:04:06Z	"20:34 GMT+5:30"	
de	{$n :time timeZone=|Asia/Kolkata| timeZoneStyle=short}	datetime 2024-07-15T23:59:59Z	"05:29 GMT+5:30"	
de	{$n :time timeZone=|Asia/Kolkata| timeZoneStyle=short}	datetime 1970-01-01T00:00:00Z	"05:30 GMT+5:30"	
de	{$n :time timeZone=|Asia/Kolkata| timeZoneStyle=short}	datetime 2006-01-02T15:04:06+05:30	"15:04 GMT+5:30"	
de	{$n :time timeZone=|Asia/Kolkata| timeZoneStyle=short}	datetime 2006-01-02T15:04:06	"15:04 GMT+5:30"	
de	{$n :time timeZone=|Asia/Kolkata| timeZoneStyle=short}	datetime 2000-02-29T00:00:00	"00:00 GMT+5:30"	
de	{$n :time timeZone=|Asia/Kolkata| timeZoneStyle=short}	datetime -000044-03-15T00:00:00	"00:00 GMT+5:53:28"	
de	{$n :datetime timeZone=|+05:45|}	datetime 2006-01-02T15:04:06Z	"02.01.2006, 20:49"	
de	{$n :datetime timeZone=|+05:45|}	datetime 2024-07-15T23:59:59Z	"16.07.2024, 05:44"	
de	{$n :datetime timeZone=|+05:45|}	datetime 1970-01-01T00:00:00Z	"01.01.1970, 05:45"	
de	{$n :datetime timeZone=|+05:45|}	datetime 2006-01-02T15:04:06+05:30	"02.01.2006, 15:19"	
de	{$n :datetime timeZone=|+05:45|}	datetime 2006-01-02T15:04:06	"02.01.2006, 15:04"	
de	{$n :datetime timeZone=|+05:45|}	datetime 2000-02-29T00:00:00	"29.02.2000, 00:00"	
de	{$n :datetime timeZone=|+05:45|}	datetime -000044-03-15T00:00:00	"15.03.45 v. Chr., 00:00"	
de	{$n :date calendar=japanese length=long}	datetime 2006-01-02T15:04:06Z	"2. Januar 18 Heisei"	
de	{$n :date calendar=japanese length=long}	datetime 2024-07-15T23:59:59Z	"15. Juli 6 Reiwa"	
de	{$n :date calendar=japanese length=long}	datetime 1970-01-01T00:00:00Z	"1. Januar 45 Shōwa"	
de	{$n :date calendar=japanese length=long}	datetime 2006-01-02T15:04:06+05:30	"2. Januar 18 Heisei"	
de	{$n :date calendar=japanese length=long}	datetime 2006-01-02T15:04:06	"2. Januar 18 Heisei"	
de	{$n :date calendar=japanese length=long}	datetime 2000-02-29T00:00:00	"29. Februar 12 Heisei"	
de	{$n :date calendar=japanese length=long}	datetime -000044-03-15T00:00:00	"15. März 45 v. Chr."	
de	{$n :date calendar=hebrew}	datetime 2006-01-02T15:04:06Z	"02.04.5766 AM"	
de	{$n :date calendar=hebrew}	datetime 2024-07-15T23:59:59Z	"09.10.5784 AM"	
de	{$n :date calendar=hebrew}	datetime 1970-01-01T00:00:00Z	"23.04.5730 AM"	
de	{$n :date calendar=hebrew}	datetime 2006-01-02T15:04:06+05:30	"02.04.5766 AM"	
de	{$n :date calendar=hebrew}	datetime 2006-01-02T15:04:06	"02.04.5766 AM"	
de	{$n :date calendar=hebrew}	datetime 2000-02-29T00:00:00	"23.06a.5760 AM"	
de	{$n :date calendar=hebrew}	datetime -000044-03-15T00:00:00	"16.06b.3716 AM"	
fr	{$n :datetime}	datetime 2006-01-02T15:04:06Z	"2 janv. 2006, 15:04"	
fr	{$n :datetime}	datetime 2024-07-15T23:59:59Z	"15 juil. 2024, 23:59"	
fr	{$n :datetime}	datetime 1970-01-01T00:00:00Z	"1 janv. 1970, 00:00"	
fr	{$n :datetime}	datetime 2006-01-02T15:04:06+05:30	"2 janv. 2006, 09:34"	
fr	{$n :datetime}	datetime 2006-01-02T15:04:06	"2 janv. 2006, 15:04"	
fr	{$n :datetime}	datetime 2000-02-29T00:00:00	"29 févr. 2000, 00:00"	
fr	{$n :datetime}	datetime -000044-03-15T00:00:00	"15 mars 45 av. J.-C., 00:00"	
fr	{$n :datetime dateLength=long timePrecision=second}	datetime 2006-01-02T15:04:06Z	"2 janvier 2006 à 15:04:06"	
fr	{$n :datetime dateLength=long timePrecision=second}	datetime 2024-07-15T23:59:59Z	"15 juillet 2024 à 23:59:59"	
fr	{$n :datetime dateLength=long timePrecision=second}	datetime 1970-01-01T00:00:00Z	"1 janvier 1970 à 00:00:00"	
fr	{$n :datetime dateLength=long timePrecision=second}	datetime 2006-01-02T15:04:06+05:30	"2 janvier 2006 à 09:34:06"	
fr	{$n :datetime dateLength=long timePrecision=second}	datetime 2006-01-02T15:04:06	"2 janvier 2006 à 15:04:06"	
fr	{$n :datetime dateLength=long timePrecision=second}	datetime 2000-02-29T00:00:00	"29 février 2000 à 00:00:00"	
fr	{$n :datetime dateLength=long timePrecision=second}	datetime -000044-03-15T00:00:00	"15 mars 45 av. J.-C. à 00:00:00"	
fr	{$n :datetime dateLength=short timePrecision=hour}	datetime 2006-01-02T15:04:06Z	"02/01/2006 15"	
fr	{$n :datetime dateLength=short timePrecision=hour}	datetime 2024-07-15T23:59:59Z	"15/07/2024 23"	
fr	{$n :datetime dateLength=short timePrecision=hour}	datetime 1970-01-01T00:00:00Z	"01/01/1970 00"	
fr	{$n :datetime dateLength=short timePrecision=hour}	datetime 2006-01-02T15:04:06+05:30	"02/01/2006 09"	
fr	{$n :datetime dateLength=short timePrecision=hour}	datetime 2006-01-02T15:04:06	"02/01/2006 15"	
fr	{$n :datetime dateLength=short timePrecision=hour}	datetime 2000-02-29T00:00:00	"29/02/2000 00"	
fr	{$n :datetime dateLength=short timePrecision=hour}	datetime -000044-03-15T00:00:00	"15/03/45 av. J.-C. 00"	
fr	{$n :date}	datetime 2006-01-02T15:04:06Z	"2 janv. 2006"	
fr	{$n :date}	datetime 2024-07-15T23:59:59Z	"15 juil. 2024"	
fr	{$n :date}	datetime 1970-01-01T00:00:00Z	"1 janv. 1970"	
fr	{$n :date}	datetime 2006-01-02T15:04:06+05:30	"2 janv. 2006"	
fr	{$n :date}	datetime 2006-01-02T15:04:06	"2 janv. 2006"	
fr	{$n :date}	datetime 2000-02-29T00:00:00	"29 févr. 2000"	
fr	{$n :date}	datetime -000044-03-15T00:00:00	"15 mars 45 av. J.-C."	
fr	{$n :date length=long}	datetime 2006-01-02T15:04:06Z	"2 janvier 2006"	
fr	{$n :date length=long}	datetime 2024-07-15T23:59:59Z	"15 juillet 2024"	
fr	{$n :date length=long}	datetime 1970-01-01T00:00:00Z	"1 janvier 1970"	
fr	{$n :date length=long}	datetime 2006-01-02T15:04:06+05:30	"2 janvier 2006"	
fr	{$n :date length=long}	datetime 2006-01-02T15:04:06	"2 janvier 2006"	
fr	{$n :date length=long}	datetime 2000-02-29T00:00:00	"29 février 2000"	
fr	{$n :date length=long}	datetime -000044-03-15T00:00:00	"15 mars 45 av. J.-C."	
fr	{$n :date length=short}	datetime 2006-01-02T15:04:06Z	"02/01/2006"	
fr	{$n :date length=short}	datetime 2024-07-15T23:59:59Z	"15/07/2024"	
fr	{$n :date length=short}	datetime 1970-01-01T00:00:00Z	"01/01/1970"	
fr	{$n :date length=short}	datetime 2006-01-02T15:04:06+05:30	"02/01/2006"	
fr	{$n :date length=short}	datetime 2006-01-02T15:04:06	"02/01/2006"	
fr	{$n :date length=short}	datetime 2000-02-29T00:00:00	"29/02/2000"	
fr	{$n :date length=short}	datetime -000044-03-15T00:00:00	"15/03/45 av. J.-C."	
fr	{$n :date fields=year-month-day-weekday length=long}	datetime 2006-01-02T15:04:06Z	"lundi 2 janvier 2006"	
fr	{$n :date fields=year-month-day-weekday length=long}	datetime 2024-07-15T23:59:59Z	"lundi 15 juillet 2024"	
fr	{$n :date fields=year-month-day-weekday length=long}	datetime 1970-01-01T00:00:00Z	"jeudi 1 janvier 1970"	
fr	{$n :date fields=year-month-day-weekday length=long}	datetime 2006-01-02T15:04:06+05:30	"lundi 2 janvier 2006"	
fr	{$n :date fields=year-month-day-weekday length=long}	datetime 2006-01-02T15:04:06	"lundi 2 janvier 2006"	
fr	{$n :date fields=year-month-day-weekday length=long}	datetime 2000-02-29T00:00:00	"mardi 29 février 2000"	
fr	{$n :date fields=year-month-day-weekday length=long}	datetime -000044-03-15T00:00:00	"jeudi 15 mars 45 av. J.-C."	
fr	{$n :date fields=month-day}	datetime 2006-01-02T15:04:06Z	"2 janv."	
fr	{$n :date fields=month-day}	datetime 2024-07-15T23:59:59Z	"15 juil."	
fr	{$n :date fields=month-day}	datetime 1970-01-01T00:00:00Z	"1 janv."	
fr	{$n :date fields=month-day}	datetime 2006-01-02T15:04:06+05:30	"2 janv."	
fr	{$n :date fields=month-day}	datetime 2006-01-02T15:04:06	"2 janv."	
fr	{$n :date fields=month-day}	datetime 2000-02-29T00:00:00	"29 févr."	
fr	{$n :date fields=month-day}	datetime -000044-03-15T00:00:00	"15 mars"	
fr	{$n :date fields=weekday length=long}	datetime 2006-01-02T15:04:06Z	"lundi"	
fr	{$n :date fields=weekday length=long}	datetime 2024-07-15T23:59:59Z	"lundi"	
fr	{$n :date fields=weekday length=long}	datetime 1970-01-01T00:00:00Z	"jeudi"	
fr	{$n :date fields=weekday length=long}	datetime 2006-01-02T15:04:06+05:30	"lundi"	
fr	{$n :date fields=weekday length=long}	datetime 2006-01-02T15:04:06	"lundi"	
fr	{$n :date fields=weekday length=long}	datetime 2000-02-29T00:00:00	"mardi"	
fr	{$n :date fields=weekday length=long}	datetime -000044-03-15T00:00:00	"jeudi"	
fr	{$n :time}	datetime 2006-01-02T15:04:06Z	"15:04"	
fr	{$n :time}	datetime 2024-07-15T23:59:59Z	"23:59"	
fr	{$n :time}	datetime 1970-01-01T00:00:00Z	"00:00"	
fr	{$n :time}	datetime 2006-01-02T15:04:06+05:30	"09:34"	
fr	{$n :time}	datetime 2006-01-02T15:04:06	"15:04"	
fr	{$n :time}	datetime 2000-02-29T00:00:00	"00:00"	
fr	{$n :time}	datetime -000044-03-15T00:00:00	"00:00"	
fr	{$n :time precision=second}	datetime 2006-01-02T15:04:06Z	"15:04:06"	
fr	{$n :time precision=second}	datetime 2024-07-15T23:59:59Z	"23:59:59"	
fr	{$n :time precision=second}	datetime 1970-01-01T00:00:00Z	"00:00:00"	
fr	{$n :time precision=second}	datetime 2006-01-02T15:04:06+05:30	"09:34:06"	
fr	{$n :time precision=second}	datetime 2006-01-02T15:04:06	"15:04:06"	
fr	{$n :time precision=second}	datetime 2000-02-29T00:00:00	"00:00:00"	
fr	{$n :time precision=second}	datetime -000044-03-15T00:00:00	"00:00:00"	
fr	{$n :time hour12=true}	datetime 2006-01-02T15:04:06Z	"3:04\u202fPM"	
fr	{$n :time hour12=true}	datetime 2024-07-15T23:59:59Z	"11:59\u202fPM"	
fr	{$n :time hour12=true}	datetime 1970-01-01T00:00:00Z	"12:00\u202fAM"	
fr	{$n :time hour12=true}	datetime 2006-01-02T15:04:06+05:30	"9:34\u202fAM"	
fr	{$n :time hour12=true}	datetime 2006-01-02T15:04:06	"3:04\u202fPM"	
fr	{$n :time hour12=true}	datetime 2000-02-29T00:00:00	"12:00\u202fAM"	
fr	{$n :time hour12=true}	datetime -000044-03-15T00:00:00	"12:00\u202fAM"	
fr	{$n :time hour12=false}	datetime 2006-01-02T15:04:06Z	"15:04"	
fr	{$n :time hour12=false}	datetime 2024-07-15T23:59:59Z	"23:59"	
fr	{$n :time hour12=false}	datetime 1970-01-01T00:00:00Z	"00:00"	
fr	{$n :time hour12=false}	datetime 2006-01-02T15:04:06+05:30	"09:34"	
fr	{$n :time hour12=false}	datetime 2006-01-02T15:04:06	"15:04"	
fr	{$n :time hour12=false}	datetime 2000-02-29T00:00:00	"00:00"	
fr	{$n :time hour12=false}	datetime -000044-03-15T00:00:00	"00:00"	
fr	{$n :datetime timeZone=UTC timeZoneStyle=short}	datetime 2006-01-02T15:04:06Z	"2 janv. 2006, 15:04 UTC"	
fr	{$n :datetime timeZone=UTC timeZoneStyle=short}	datetime 2024-07-15T23:59:59Z	"15 juil. 2024, 23:59 UTC"	
fr	{$n :datetime timeZone=UTC timeZoneStyle=short}	datetime 1970-01-01T00:00:00Z	"1 janv. 1970, 00:00 UTC"	
fr	{$n :datetime timeZone=UTC timeZoneStyle=short}	datetime 2006-01-02T15:04:06+05:30	"2 janv. 2006, 09:34 UTC"	
fr	{$n :datetime timeZone=UTC timeZoneStyle=short}	datetime 2006-01-02T15:04:06	"2 janv. 2006, 15:04 UTC"	
fr	{$n :datetime timeZone=UTC timeZoneStyle=short}	datetime 2000-02-29T00:00:00	"29 févr. 2000, 00:00 UTC"	
fr	{$n :datetime timeZone=UTC timeZoneStyle=short}	datetime -000044-03-15T00:00:00	"15 mars 45 av. J.-C., 00:00 UTC"	
fr	{$n :datetime timeZone=|America/New_York| timeZoneStyle=long}	datetime 2006-01-02T15:04:06Z	"2 janv. 2006, 10:04 heure normale de l’Est nord-américain"	
fr	{$n :datetime timeZone=|America/New_York| timeZoneStyle=long}	datetime 2024-07-15T23:59:59Z	"15 juil. 2024, 19:59 heure d’été de l’Est nord-américain"	
fr	{$n :datetime timeZone=|America/New_York| timeZoneStyle=long}	datetime 1970-01-01T00:00:00Z	"31 déc. 1969, 19:00 heure normale de l’Est nord-américain"	
fr	{$n :datetime timeZone=|America/New_York| timeZoneStyle=long}	datetime 2006-01-02T15:04:06+05:30	"2 janv. 2006, 04:34 heure normale de l’Est nord-américain"	
fr	{$n :datetime timeZone=|America/New_York| timeZoneStyle=long}	datetime 2006-01-02T15:04:06	"2 janv. 2006, 15:04 heure normale de l’Est nord-américain"	
fr	{$n :datetime timeZone=|America/New_York| timeZoneStyle=long}	datetime 2000-02-29T00:00:00	"29 févr. 2000, 00:00 heure normale de l’Est nord-américain"	
fr	{$n :datetime timeZone=|America/New_York| timeZoneStyle=long}	datetime -000044-03-15T00:00:00	"15 mars 45 av. J.-C., 00:00 UTC-04:56:02"	
fr	{$n :time timeZone=|Asia/Kolkata| timeZoneStyle=short}	datetime 2006-01-02T15:04:06Z	"20:34 UTC+5:30"	
fr	{$n :time timeZone=|Asia/Kolkata| timeZoneStyle=short}	datetime 2024-07-15T23:59:59Z	"05:29 UTC+5:30"	
fr	{$n :time timeZone=|Asia/Kolkata| timeZoneStyle=short}	datetime 1970-01-01T00:00:00Z	"05:30 UTC+5:30"	
fr	{$n :time timeZone=|Asia/Kolkata| timeZoneStyle=short}	datetime 2006-01-02T15:04:06+05:30	"15:04 UTC+5:30"	
fr	{$n :time timeZone=|Asia/Kolkata| timeZoneStyle=short}	datetime 2006-01-02T15:04:06	"15:04 UTC+5:30"	
fr	{$n :time timeZone=|Asia/Kolkata| timeZoneStyle=short}	datetime 2000-02-29T00:00:00	"00:00 UTC+5:30"	
fr	{$n :time timeZone=|Asia/Kolkata| timeZoneStyle=short}	datetime -000044-03-15T00:00:00	"00:00 UTC+5:53:28"	
fr	{$n :datetime timeZone=|+05:45|}	datetime 2006-01-02T15:04:06Z	"2 janv. 2006, 20:49"	
fr	{$n :datetime timeZone=|+05:45|}	datetime 2024-07-15T23:59:59Z	"16 juil. 2024, 05:44"	
fr	{$n :datetime timeZone=|+05:45|}	datetime 1970-01-01T00:00:00Z	"1 janv. 1970, 05:45"	
fr	{$n :datetime timeZone=|+05:45|}	datetime 2006-01-02T15:04:06+05:30	"2 janv. 2006, 15:19"	
fr	{$n :datetime timeZone=|+05:45|}	datetime 2006-01-02T15:04:06	"2 janv. 2006, 15:04"	
fr	{$n :datetime timeZone=|+05:45|}	datetime 2000-02-29T00:00:00	"29 févr. 2000, 00:00"	
fr	{$n :datetime timeZone=|+05:45|}	datetime -000044-03-15T00:00:00	"15 mars 45 av. J.-C., 00:00"	
fr	{$n :date calendar=japanese length=long}	datetime 2006-01-02T15:04:06Z	"2 janvier 18 Heisei"	
fr	{$n :date calendar=japanese length=long}	datetime 2024-07-15T23:59:59Z	"15 juillet 6 Reiwa"	
fr	{$n :date calendar=japanese length=long}	datetime 1970-01-01T00:00:00Z	"1 janvier 45 Shōwa"	
fr	{$n :date calendar=japanese length=long}	datetime 2006-01-02T15:04:06+05:30	"2 janvier 18 Heisei"	
fr	{$n :date calendar=japanese length=long}	datetime 2006-01-02T15:04:06	"2 janvier 18 Heisei"	
fr	{$n :date calendar=japanese length=long}	datetime 2000-02-29T00:00:00	"29 février 12 Heisei"	
fr	{$n :date calendar=japanese length=long}	datetime -000044-03-15T00:00:00	"15 mars 45 av. J.-C."	
fr	{$n :date calendar=hebrew}	datetime 2006-01-02T15:04:06Z	"2 tév. 5766 A. M."	
fr	{$n :date calendar=hebrew}	datetime 2024-07-15T23:59:59Z	"9 tam. 5784 A. M."	
fr	{$n :date calendar=hebrew}	datetime 1970-01-01T00:00:00Z	"23 tév. 5730 A. M."	
fr	{$n :date calendar=hebrew}	datetime 2006-01-02T15:04:06+05:30	"2 tév. 5766 A. M."	
fr	{$n :date calendar=hebrew}	datetime 2006-01-02T15:04:06	"2 tév. 5766 A. M."	
fr	{$n :date calendar=hebrew}	datetime 2000-02-29T00:00:00	"23 ad.I 5760 A. M."	
fr	{$n :date calendar=hebrew}	datetime -000044-03-15T00:00:00	"16 ad.II 3716 A. M."	
ar	{$n :datetime}	datetime 2006-01-02T15:04:06Z	"02\u200f/01\u200f/2006، 3:04 م"	
ar	{$n :datetime}	datetime 2024-07-15T23:59:59Z	"15\u200f/07\u200f/2024، 11:59 م"	
ar	{$n :datetime}	datetime 1970-01-01T00:00:00Z	"01\u200f/01\u200f/1970، 12:00 ص"	
ar	{$n :datetime}	datetime 2006-01-02T15:04:06+05:30	"02\u200f/01\u200f/2006، 9:34 ص"	
ar	{$n :datetime}	datetime 2006-01-02T15:04:06	"02\u200f/01\u200f/2006، 3:04 م"	
ar	{$n :datetime}	datetime 2000-02-29T00:00:00	"29\u200f/02\u200f/2000، 12:00 ص"	
ar	{$n :datetime}	datetime -000044-03-15T00:00:00	"15-03-45 ق.م، 12:00 ص"	
ar	{$n :datetime dateLength=long timePrecision=second}	datetime 2006-01-02T15:04:06Z	"2 يناير 2006 في 3:04:06 م"	
ar	{$n :datetime dateLength=long timePrecision=second}	datetime 2024-07-15T23:59:59Z	"15 يوليو 2024 في 11:59:59 م"	
ar	{$n :datetime dateLength=long timePrecision=second}	datetime 1970-01-01T00:00:00Z	"1 يناير 1970 في 12:00:00 ص"	
ar	{$n :datetime dateLength=long timePrecision=second}	datetime 2006-01-02T15:04:06+05:30	"2 يناير 2006 في 9:34:06 ص"	
ar	{$n :datetime dateLength=long timePrecision=second}	datetime 2006-01-02T15:04:06	"2 يناير 2006 في 3:04:06 م"	
ar	{$n :datetime dateLength=long timePrecision=second}	datetime 2000-02-29T00:00:00	"29 فبراير 2000 في 12:00:00 ص"	
ar	{$n :datetime dateLength=long timePrecision=second}	datetime -000044-03-15T00:00:00	"15 مارس 45 ق.م في 12:00:00 ص"	
ar	{$n :datetime dateLength=short timePrecision=hour}	datetime 2006-01-02T15:04:06Z	"2\u200f/1\u200f/2006، 3\u202fم"	
ar	{$n :datetime dateLength=short timePrecision=hour}	datetime 2024-07-15T23:59:59Z	"15\u200f/7\u200f/2024، 11\u202fم"	
ar	{$n :datetime dateLength=short timePrecision=hour}	datetime 1970-01-01T00:00:00Z	"1\u200f/1\u200f/1970، 12\u202fص"	
ar	{$n :datetime dateLength=short timePrecision=hour}	datetime 2006-01-02T15:04:06+05:30	"2\u200f/1\u200f/2006، 9\u202fص"	
ar	{$n :datetime dateLength=short timePrecision=hour}	datetime 2006-01-02T15:04:06	"2\u200f/1\u200f/2006، 3\u202fم"	
ar	{$n :datetime dateLength=short timePrecision=hour}	datetime 2000-02-29T00:00:00	"29\u200f/2\u200f/2000، 12\u202fص"	
ar	{$n :datetime dateLength=short timePrecision=hour}	datetime -000044-03-15T00:00:00	"15-3-45 ق.م، 12\u202fص"	
ar	{$n :date}	datetime 2006-01-02T15:04:06Z	"02\u200f/01\u200f/2006"	
ar	{$n :date}	datetime 2024-07-15T23:59:59Z	"15\u200f/07\u200f/2024"	
ar	{$n :date}	datetime 1970-01-01T00:00:00Z	"01\u200f/01\u200f/1970"	
ar	{$n :date}	datetime 2006-01-02T15:04:06+05:30	"02\u200f/01\u200f/2006"	
ar	{$n :date}	datetime 2006-01-02T15:04:06	"02\u200f/01\u200f/2006"	
ar	{$n :date}	datetime 2000-02-29T00:00:00	"29\u200f/02\u200f/2000"	
ar	{$n :date}	datetime -000044-03-15T00:00:00	"15-03-45 ق.م"	
ar	{$n :date length=long}	datetime 2006-01-02T15:04:06Z	"2 يناير 2006"	
ar	{$n :date length=long}	datetime 2024-07-15T23:59:59Z	"15 يوليو 2024"	
ar	{$n :date length=long}	datetime 1970-01-01T00:00:00Z	"1 يناير 1970"	
ar	{$n :date length=long}	datetime 2006-01-02T15:04:06+05:30	"2 يناير 2006"	
ar	{$n :date length=long}	datetime 2006-01-02T15:04:06	"2 يناير 2006"	
ar	{$n :date length=long}	datetime 2000-02-29T00:00:00	"29 فبراير 2000"	
ar	{$n :date length=long}	datetime -000044-03-15T00:00:00	"15 مارس 45 ق.م"	
ar	{$n :date length=short}	datetime 2006-01-02T15:04:06Z	"2\u200f/1\u200f/2006"	
ar	{$n :date length=short}	datetime 2024-07-15T23:59:59Z	"15\u200f/7\u200f/2024"	
ar	{$n :date length=short}	datetime 1970-01-01T00:00:00Z	"1\u200f/1\u200f/1970"	
ar	{$n :date length=short}	datetime 2006-01-02T15:04:06+05:30	"2\u200f/1\u200f/2006"	
ar	{$n :date length=short}	datetime 2006-01-02T15:04:06	"2\u200f/1\u200f/2006"	
ar	{$n :date length=short}	datetime 2000-02-29T00:00:00	"29\u200f/2\u200f/2000"	
ar	{$n :date length=short}	datetime -000044-03-15T00:00:00	"15-3-45 ق.م"	
ar	{$n :date fields=year-month-day-weekday length=long}	datetime 2006-01-02T15:04:06Z	"الاثنين، 2 يناير 2006"	
ar	{$n :date fields=year-month-day-weekday length=long}	datetime 2024-07-15T23:59:59Z	"الاثنين، 15 يوليو 2024"	
ar	{$n :date fields=year-month-day-weekday length=long}	datetime 1970-01-01T00:00:00Z	"الخميس، 1 يناير 1970"	
ar	{$n :date fields=year-month-day-weekday length=long}	datetime 2006-01-02T15:04:06+05:30	"الاثنين، 2 يناير 2006"	
ar	{$n :date fields=year-month-day-weekday length=long}	datetime 2006-01-02T15:04:06	"الاثنين، 2 يناير 2006"	
ar	{$n :date fields=year-month-day-weekday length=long}	datetime 2000-02-29T00:00:00	"الثلاثاء، 29 فبراير 2000"	
ar	{$n :date fields=year-month-day-weekday length=long}	datetime -000044-03-15T00:00:00	"الخميس، 15 مارس 45 ق.م"	
ar	{$n :date fields=month-day}	datetime 2006-01-02T15:04:06Z	"02\u200f/01"	
ar	{$n :date fields=month-day}	datetime 2024-07-15T23:59:59Z	"15\u200f/07"	
ar	{$n :date fields=month-day}	datetime 1970-01-01T00:00:00Z	"01\u200f/01"	
ar	{$n :date fields=month-day}	datetime 2006-01-02T15:04:06+05:30	"02\u200f/01"	
ar	{$n :date fields=month-day}	datetime 2006-01-02T15:04:06	"02\u200f/01"	
ar	{$n :date fields=month-day}	datetime 2000-02-29T00:00:00	"29\u200f/02"	
ar	{$n :date fields=month-day}	datetime -000044-03-15T00:00:00	"15\u200f/03"	
ar	{$n :date fields=weekday length=long}	datetime 2006-01-02T15:04:06Z	"الاثنين"	
ar	{$n :date fields=weekday length=long}	datetime 2024-07-15T23:59:59Z	"الاثنين"	
ar	{$n :date fields=weekday length=long}	datetime 1970-01-01T00:00:00Z	"الخميس"	
ar	{$n :date fields=weekday length=long}	datetime 2006-01-02T15:04:06+05:30	"الاثنين"	
ar	{$n :date fields=weekday length=long}	datetime 2006-01-02T15:04:06	"الاثنين"	
ar	{$n :date fields=weekday length=long}	datetime 2000-02-29T00:00:00	"الثلاثاء"	
ar	{$n :date fields=weekday length=long}	datetime -000044-03-15T00:00:00	"الخميس"	
ar	{$n :time}	datetime 2006-01-02T15:04:06Z	"3:04 م"	
ar	{$n :time}	datetime 2024-07-15T23:59:59Z	"11:59 م"	
ar	{$n :time}	datetime 1970-01-01T00:00:00Z	"12:00 ص"	
ar	{$n :time}	datetime 2006-01-02T15:04:06+05:30	"9:34 ص"	
ar	{$n :time}	datetime 2006-01-02T15:04:06	"3:04 م"	
ar	{$n :time}	datetime 2000-02-29T00:00:00	"12:00 ص"	
ar	{$n :time}	datetime -000044-03-15T00:00:00	"12:00 ص"	
ar	{$n :time precision=second}	datetime 2006-01-02T15:04:06Z	"3:04:06 م"	
ar	{$n :time precision=second}	datetime 2024-07-15T23:59:59Z	"11:59:59 م"	
ar	{$n :time precision=second}	datetime 1970-01-01T00:00:00Z	"12:00:00 ص"	
ar	{$n :time precision=second}	datetime 2006-01-02T15:04:06+05:30	"9:34:06 ص"	
ar	{$n :time precision=second}	datetime 2006-01-02T15:04:06	"3:04:06 م"	
ar	{$n :time precision=second}	datetime 2000-02-29T00:00:00	"12:00:00 ص"	
ar	{$n :time precision=second}	datetime -000044-03-15T00:00:00	"12:00:00 ص"	
ar	{$n :time hour12=true}	datetime 2006-01-02T15:04:06Z	"3:04 م"	
ar	{$n :time hour12=true}	datetime 2024-07-15T23:59:59Z	"11:59 م"	
ar	{$n :time hour12=true}	datetime 1970-01-01T00:00:00Z	"12:00 ص"	
ar	{$n :time hour12=true}	datetime 2006-01-02T15:04:06+05:30	"9:34 ص"	
ar	{$n :time hour12=true}	datetime 2006-01-02T15:04:06	"3:04 م"	
ar	{$n :time hour12=true}	datetime 2000-02-29T00:00:00	"12:00 ص"	
ar	{$n :time hour12=true}	datetime -000044-03-15T00:00:00	"12:00 ص"	
ar	{$n :time hour12=false}	datetime 2006-01-02T15:04:06Z	"15:04"	
ar	{$n :time hour12=false}	datetime 2024-07-15T23:59:59Z	"23:59"	
ar	{$n :time hour12=false}	datetime 1970-01-01T00:00:00Z	"00:00"	
ar	{$n :time hour12=false}	datetime 2006-01-02T15:04:06+05:30	"09:34"	
ar	{$n :time hour12=false}	datetime 2006-01-02T15:04:06	"15:04"	
ar	{$n :time hour12=false}	datetime 2000-02-29T00:00:00	"00:00"	
ar	{$n :time hour12=false}	datetime -000044-03-15T00:00:00	"00:00"	
ar	{$n :datetime timeZone=UTC timeZoneStyle=short}	datetime 2006-01-02T15:04:06Z	"02\u200f/01\u200f/2006، 3:04 م UTC"	
ar	{$n :datetime timeZone=UTC timeZoneStyle=short}	datetime 2024-07-15T23:59:59Z	"15\u200f/07\u200f/2024، 11:59 م UTC"	
ar	{$n :datetime timeZone=UTC timeZoneStyle=short}	datetime 1970-01-01T00:00:00Z	"01\u200f/01\u200f/1970، 12:00 ص UTC"	
ar	{$n :datetime timeZone=UTC timeZoneStyle=short}	datetime 2006-01-02T15:04:06+05:30	"02\u200f/01\u200f/2006، 9:34 ص UTC"	
ar	{$n :datetime timeZone=UTC timeZoneStyle=short}	datetime 2006-01-02T15:04:06	"02\u200f/01\u200f/2006، 3:04 م UTC"	
ar	{$n :datetime timeZone=UTC timeZoneStyle=short}	datetime 2000-02-29T00:00:00	"29\u200f/02\u200f/2000، 12:00 ص UTC"	
ar	{$n :datetime timeZone=UTC timeZoneStyle=short}	datetime -000044-03-15T00:00:00	"15-03-45 ق.م، 12:00 ص UTC"	
ar	{$n :datetime timeZone=|America/New_York| timeZoneStyle=long}	datetime 2006-01-02T15:04:06Z	"02\u200f/01\u200f/2006، 10:04 ص التوقيت الرسمي الشرقي لأمريكا الشمالية"	
ar	{$n :datetime timeZone=|America/New_York| timeZoneStyle=long}	datetime 2024-07-15T23:59:59Z	"15\u200f/07\u200f/2024، 7:59 م التوقيت الصيفي الشرقي لأمريكا الشمالية"	
ar	{$n :datetime timeZone=|America/New_York| timeZoneStyle=long}	datetime 1970-01-01T00:00:00Z	"31\u200f/12\u200f/1969، 7:00 م التوقيت الرسمي الشرقي لأمريكا الشمالية"	
ar	{$n :datetime timeZone=|America/New_York| timeZoneStyle=long}	datetime 2006-01-02T15:04:06+05:30	"02\u200f/01\u200f/2006، 4:34 ص التوقيت الرسمي الشرقي لأمريكا الشمالية"	
ar	{$n :datetime timeZone=|America/New_York| timeZoneStyle=long}	datetime 2006-01-02T15:04:06	"02\u200f/01\u200f/2006، 3:04 م التوقيت الرسمي الشرقي لأمريكا الشمالية"	
ar	{$n :datetime timeZone=|America/New_York| timeZoneStyle=long}	datetime 2000-02-29T00:00:00	"29\u200f/02\u200f/2000، 12:00 ص التوقيت الرسمي الشرقي لأمريكا الشمالية"	
ar	{$n :datetime timeZone=|America/New_York| timeZoneStyle=long}	datetime -000044-03-15T00:00:00	"15-03-45 ق.م، 12:00 ص غرينتش\u200e-04:56:02"	
ar	{$n :time timeZone=|Asia/Kolkata| timeZoneStyle=short}	datetime 2006-01-02T15:04:06Z	"8:34 م غرينتش\u200e+5:30"	
ar	{$n :time timeZone=|Asia/Kolkata| timeZoneStyle=short}	datetime 2024-07-15T23:59:59Z	"5:29 ص غرينتش\u200e+5:30"	
ar	{$n :time timeZone=|Asia/Kolkata| timeZoneStyle=short}	datetime 1970-01-01T00:00:00Z	"5:30 ص غرينتش\u200e+5:30"	
ar	{$n :time timeZone=|Asia/Kolkata| timeZoneStyle=short}	datetime 2006-01-02T15:04:06+05:30	"3:04 م غرينتش\u200e+5:30"	
ar	{$n :time timeZone=|Asia/Kolkata| timeZoneStyle=short}	datetime 2006-01-02T15:04:06	"3:04 م غرينتش\u200e+5:30"	
ar	{$n :time timeZone=|Asia/Kolkata| timeZoneStyle=short}	datetime 2000-02-29T00:00:00	"12:00 ص غرينتش\u200e+5:30"	
ar	{$n :time timeZone=|Asia/Kolkata| timeZoneStyle=short}	datetime -000044-03-15T00:00:00	"12:00 ص غرينتش\u200e+5:53:28"	
ar	{$n :datetime timeZone=|+05:45|}	datetime 2006-01-02T15:04:06Z	"02\u200f/01\u200f/2006، 8:49 م"	
ar	{$n :datetime timeZone=|+05:45|}	datetime 2024-07-15T23:59:59Z	"16\u200f/07\u200f/2024، 5:44 ص"	
ar	{$n :datetime timeZone=|+05:45|}	datetime 1970-01-01T00:00:00Z	"01\u200f/01\u200f/1970، 5:45 ص"	
ar	{$n :datetime timeZone=|+05:45|}	datetime 2006-01-02T15:04:06+05:30	"02\u200f/01\u200f/2006، 3:19 م"	
ar	{$n :datetime timeZone=|+05:45|}	datetime 2006-01-02T15:04:06	"02\u200f/01\u200f/2006، 3:04 م"	
ar	{$n :datetime timeZone=|+05:45|}	datetime 2000-02-29T00:00:00	"29\u200f/02\u200f/2000، 12:00 ص"	
ar	{$n :datetime timeZone=|+05:45|}	datetime -000044-03-15T00:00:00	"15-03-45 ق.م، 12:00 ص"	
ar	{$n :date calendar=japanese length=long}	datetime 2006-01-02T15:04:06Z	"2 يناير 18 هيسي"	
ar	{$n :date calendar=japanese length=long}	datetime 2024-07-15T23:59:59Z	"15 يوليو 6 ريوا"	
ar	{$n :date calendar=japanese length=long}	datetime 1970-01-01T00:00:00Z	"1 يناير 45 شووا"	
ar	{$n :date calendar=japanese length=long}	datetime 2006-01-02T15:04:06+05:30	"2 يناير 18 هيسي"	
ar	{$n :date calendar=japanese length=long}	datetime 2006-01-02T15:04:06	"2 يناير 18 هيسي"	
ar	{$n :date calendar=japanese length=long}	datetime 2000-02-29T00:00:00	"29 فبراير 12 هيسي"	
ar	{$n :date calendar=japanese length=long}	datetime -000044-03-15T00:00:00	"15 مارس 45 ق.م"	
ar	{$n :date calendar=hebrew}	datetime 2006-01-02T15:04:06Z	"02\u200f/04\u200f/5766 ص"	
ar	{$n :date calendar=hebrew}	datetime 2024-07-15T23:59:59Z	"09\u200f/10\u200f/5784 ص"	
ar	{$n :date calendar=hebrew}	datetime 1970-01-01T00:00:00Z	"23\u200f/04\u200f/5730 ص"	
ar	{$n :date calendar=hebrew}	datetime 2006-01-02T15:04:06+05:30	"02\u200f/04\u200f/5766 ص"	
ar	{$n :date calendar=hebrew}	datetime 2006-01-02T15:04:06	"02\u200f/04\u200f/5766 ص"	
ar	{$n :date calendar=hebrew}	datetime 2000-02-29T00:00:00	"23\u200f/06a\u200f/5760 ص"	
ar	{$n :date calendar=hebrew}	datetime -000044-03-15T00:00:00	"16\u200f/06b\u200f/3716 ص"	
he	{$n :datetime}	datetime 2006-01-02T15:04:06Z	"2 בינו׳ 2006, 15:04"	
he	{$n :datetime}	datetime 2024-07-15T23:59:59Z	"15 ביולי 2024, 23:59"	
he	{$n :datetime}	datetime 1970-01-01T00:00:00Z	"1 בינו׳ 1970, 0:00"	
he	{$n :datetime}	datetime 2006-01-02T15:04:06+05:30	"2 בינו׳ 2006, 9:34"	
he	{$n :datetime}	datetime 2006-01-02T15:04:06	"2 בינו׳ 2006, 15:04"	
he	{$n :datetime}	datetime 2000-02-29T00:00:00	"29 בפבר׳ 2000, 0:00"	
he	{$n :datetime}	datetime -000044-03-15T00:00:00	"15 במרץ 45 לפנה״ס, 0:00"	
he	{$n :datetime dateLength=long timePrecision=second}	datetime 2006-01-02T15:04:06Z	"2 בינואר 2006 בשעה 15:04:06"	
he	{$n :datetime dateLength=long timePrecision=second}	datetime 2024-07-15T23:59:59Z	"15 ביולי 2024 בשעה 23:59:59"	
he	{$n :datetime dateLength=long timePrecision=second}	datetime 1970-01-01T00:00:00Z	"1 בינואר 1970 בשעה 0:00:00"	
he	{$n :datetime dateLength=long timePrecision=second}	datetime 2006-01-02T15:04:06+05:30	"2 בינואר 2006 בשעה 9:34:06"	
he	{$n :datetime dateLength=long timePrecision=second}	datetime 2006-01-02T15:04:06	"2 בינואר 2006 בשעה 15:04:06"	
he	{$n :datetime dateLength=long timePrecision=second}	datetime 2000-02-29T00:00:00	"29 בפברואר 2000 בשעה 0:00:00"	
he	{$n :datetime dateLength=long timePrecision=second}	datetime -000044-03-15T00:00:00	"15 במרץ 45 לפנה״ס בשעה 0:00:00"	
he	{$n :datetime dateLength=short timePrecision=hour}	datetime 2006-01-02T15:04:06Z	"2.1.2006, 15"	
he	{$n :datetime dateLength=short timePrecision=hour}	datetime 2024-07-15T23:59:59Z	"15.7.2024, 23"	
he	{$n :datetime dateLength=short timePrecision=hour}	datetime 1970-01-01T00:00:00Z	"1.1.1970, 0"	
he	{$n :datetime dateLength=short timePrecision=hour}	datetime 2006-01-02T15:04:06+05:30	"2.1.2006, 9"	
he	{$n :datetime dateLength=short timePrecision=hour}	datetime 2006-01-02T15:04:06	"2.1.2006, 15"	
he	{$n :datetime dateLength=short timePrecision=hour}	datetime 2000-02-29T00:00:00	"29.2.2000, 0"	
he	{$n :datetime dateLength=short timePrecision=hour}	datetime -000044-03-15T00:00:00	"15/3/45 לפנה״ס, 0"	
he	{$n :date}	datetime 2006-01-02T15:04:06Z	"2 בינו׳ 2006"	
he	{$n :date}	datetime 2024-07-15T23:59:59Z	"15 ביולי 2024"	
he	{$n :date}	datetime 1970-01-01T00:00:00Z	"1 בינו׳ 1970"	
he	{$n :date}	datetime 2006-01-02T15:04:06+05:30	"2 בינו׳ 2006"	
he	{$n :date}	datetime 2006-01-02T15:04:06	"2 בינו׳ 2006"	
he	{$n :date}	datetime 2000-02-29T00:00:00	"29 בפבר׳ 2000"	
he	{$n :date}	datetime -000044-03-15T00:00:00	"15 במרץ 45 לפנה״ס"	
he	{$n :date length=long}	datetime 2006-01-02T15:04:06Z	"2 בינואר 2006"	
he	{$n :date length=long}	datetime 2024-07-15T23:59:59Z	"15 ביולי 2024"	
he	{$n :date length=long}	datetime 1970-01-01T00:00:00Z	"1 בינואר 1970"	
he	{$n :date length=long}	datetime 2006-01-02T15:04:06+05:30	"2 בינואר 2006"	
he	{$n :date length=long}	datetime 2006-01-02T15:04:06	"2 בינואר 2006"	
he	{$n :date length=long}	datetime 2000-02-29T00:00:00	"29 בפברואר 2000"	
he	{$n :date length=long}	datetime -000044-03-15T00:00:00	"15 במרץ 45 לפנה״ס"	
he	{$n :date length=short}	datetime 2006-01-02T15:04:06Z	"2.1.2006"	
he	{$n :date length=short}	datetime 2024-07-15T23:59:59Z	"15.7.2024"	
he	{$n :date length=short}	datetime 1970-01-01T00:00:00Z	"1.1.1970"	
he	{$n :date length=short}	datetime 2006-01-02T15:04:06+05:30	"2.1.2006"	
he	{$n :date length=short}	datetime 2006-01-02T15:04:06	"2.1.2006"	
he	{$n :date length=short}	datetime 2000-02-29T00:00:00	"29.2.2000"	
he	{$n :date length=short}	datetime -000044-03-15T00:00:00	"15/3/45 לפנה״ס"	
he	{$n :date fields=year-month-day-weekday length=long}	datetime 2006-01-02T15:04:06Z	"יום שני, 2 בינואר 2006"	
he	{$n :date fields=year-month-day-weekday length=long}	datetime 2024-07-15T23:59:59Z	"יום שני, 15 ביולי 2024"	
he	{$n :date fields=year-month-day-weekday length=long}	datetime 1970-01-01T00:00:00Z	"יום חמישי, 1 בינואר 1970"	
he	{$n :date fields=year-month-day-weekday length=long}	datetime 2006-01-02T15:04:06+05:30	"יום שני, 2 בינואר 2006"	
he	{$n :date fields=year-month-day-weekday length=long}	datetime 2006-01-02T15:04:06	"יום שני, 2 בינואר 2006"	
he	{$n :date fields=year-month-day-weekday length=long}	datetime 2000-02-29T00:00:00	"יום שלישי, 29 בפברואר 2000"	
he	{$n :date fields=year-month-day-weekday length=long}	datetime -000044-03-15T00:00:00	"יום חמישי, 15 במרץ 45 לפנה״ס"	
he	{$n :date fields=month-day}	datetime 2006-01-02T15:04:06Z	"2 בינו׳"	
he	{$n :date fields=month-day}	datetime 2024-07-15T23:59:59Z	"15 ביולי"	
he	{$n :date fields=month-day}	datetime 1970-01-01T00:00:00Z	"1 בינו׳"	
he	{$n :date fields=month-day}	datetime 2006-01-02T15:04:06+05:30	"2 בינו׳"	
he	{$n :date fields=month-day}	datetime 2006-01-02T15:04:06	"2 בינו׳"	
he	{$n :date fields=month-day}	datetime 2000-02-29T00:00:00	"29 בפבר׳"	
he	{$n :date fields=month-day}	datetime -000044-03-15T00:00:00	"15 במרץ"	
he	{$n :date fields=weekday length=long}	datetime 2006-01-02T15:04:06Z	"יום שני"	
he	{$n :date fields=weekday length=long}	datetime 2024-07-15T23:59:59Z	"יום שני"	
he	{$n :date fields=weekday length=long}	datetime 1970-01-01T00:00:00Z	"יום חמישי"	
he	{$n :date fields=weekday length=long}	datetime 2006-01-02T15:04:06+05:30	"יום שני"	
he	{$n :date fields=weekday length=long}	datetime 2006-01-02T15:04:06	"יום שני"	
he	{$n :date fields=weekday length=long}	datetime 2000-02-29T00:00:00	"יום שלישי"	
he	{$n :date fields=weekday length=long}	datetime -000044-03-15T00:00:00	"יום חמישי"	
he	{$n :time}	datetime 2006-01-02T15:04:06Z	"15:04"	
he	{$n :time}	datetime 2024-07-15T23:59:59Z	"23:59"	
he	{$n :time}	datetime 1970-01-01T00:00:00Z	"0:00"	
he	{$n :time}	datetime 2006-01-02T15:04:06+05:30	"9:34"	
he	{$n :time}	datetime 2006-01-02T15:04:06	"15:04"	
he	{$n :time}	datetime 2000-02-29T00:00:00	"0:00"	
he	{$n :time}	datetime -000044-03-15T00:00:00	"0:00"	
he	{$n :time precision=second}	datetime 2006-01-02T15:04:06Z	"15:04:06"	
he	{$n :time precision=second}	datetime 2024-07-15T23:59:59Z	"23:59:59"	
he	{$n :time precision=second}	datetime 1970-01-01T00:00:00Z	"0:00:00"	
he	{$n :time precision=second}	datetime 2006-01-02T15:04:06+05:30	"9:34:06"	
he	{$n :time precision=second}	datetime 2006-01-02T15:04:06	"15:04:06"	
he	{$n :time precision=second}	datetime 2000-02-29T00:00:00	"0:00:00"	
he	{$n :time precision=second}	datetime -000044-03-15T00:00:00	"0:00:00"	
he	{$n :time hour12=true}	datetime 2006-01-02T15:04:06Z	"3:04 PM"	
he	{$n :time hour12=true}	datetime 2024-07-15T23:59:59Z	"11:59 PM"	
he	{$n :time hour12=true}	datetime 1970-01-01T00:00:00Z	"12:00 AM"	
he	{$n :time hour12=true}	datetime 2006-01-02T15:04:06+05:30	"9:34 AM"	
he	{$n :time hour12=true}	datetime 2006-01-02T15:04:06	"3:04 PM"	
he	{$n :time hour12=true}	datetime 2000-02-29T00:00:00	"12:00 AM"	
he	{$n :time hour12=true}	datetime -000044-03-15T00:00:00	"12:00 AM"	
he	{$n :time hour12=false}	datetime 2006-01-02T15:04:06Z	"15:04"	
he	{$n :time hour12=false}	datetime 2024-07-15T23:59:59Z	"23:59"	
he	{$n :time hour12=false}	datetime 1970-01-01T00:00:00Z	"0:00"	
he	{$n :time hour12=false}	datetime 2006-01-02T15:04:06+05:30	"9:34"	
he	{$n :time hour12=false}	datetime 2006-01-02T15:04:06	"15:04"	
he	{$n :time hour12=false}	datetime 2000-02-29T00:00:00	"0:00"	
he	{$n :time hour12=false}	datetime -000044-03-15T00:00:00	"0:00"	
he	{$n :datetime timeZone=UTC timeZoneStyle=short}	datetime 2006-01-02T15:04:06Z	"2 בינו׳ 2006, 15:04 UTC"	
he	{$n :datetime timeZone=UTC timeZoneStyle=short}	datetime 2024-07-15T23:59:59Z	"15 ביולי 2024, 23:59 UTC"	
he	{$n :datetime timeZone=UTC timeZoneStyle=short}	datetime 1970-01-01T00:00:00Z	"1 בינו׳ 1970, 0:00 UTC"	
he	{$n :datetime timeZone=UTC timeZoneStyle=short}	datetime 2006-01-02T15:04:06+05:30	"2 בינו׳ 2006, 9:34 UTC"	
he	{$n :datetime timeZone=UTC timeZoneStyle=short}	datetime 2006-01-02T15:04:06	"2 בינו׳ 2006, 15:04 UTC"	
he	{$n :datetime timeZone=UTC timeZoneStyle=short}	datetime 2000-02-29T00:00:00	"29 בפבר׳ 2000, 0:00 UTC"	
he	{$n :datetime timeZone=UTC timeZoneStyle=short}	datetime -000044-03-15T00:00:00	"15 במרץ 45 לפנה״ס, 0:00 UTC"	
he	{$n :datetime timeZone=|America/New_York| timeZoneStyle=long}	datetime 2006-01-02T15:04:06Z	"2 בינו׳ 2006, 10:04 שעון החוף המזרחי (חורף)"	
he	{$n :datetime timeZone=|America/New_York| timeZoneStyle=long}	datetime 2024-07-15T23:59:59Z	"15 ביולי 2024, 19:59 שעון החוף המזרחי (קיץ)"	
he	{$n :datetime timeZone=|America/New_York| timeZoneStyle=long}	datetime 1970-01-01T00:00:00Z	"31 בדצמ׳ 1969, 19:00 שעון החוף המזרחי (חורף)"	
he	{$n :datetime timeZone=|America/New_York| timeZoneStyle=long}	datetime 2006-01-02T15:04:06+05:30	"2 בינו׳ 2006, 4:34 שעון החוף המזרחי (חורף)"	
he	{$n :datetime timeZone=|America/New_York| timeZoneStyle=long}	datetime 2006-01-02T15:04:06	"2 בינו׳ 2006, 15:04 שעון החוף המזרחי (חורף)"	
he	{$n :datetime timeZone=|America/New_York| timeZoneStyle=long}	datetime 2000-02-29T00:00:00	"29 בפבר׳ 2000, 0:00 שעון החוף המזרחי (חורף)"	
he	{$n :datetime timeZone=|America/New_York| timeZoneStyle=long}	datetime -000044-03-15T00:00:00	"15 במרץ 45 לפנה״ס, 0:00 GMT\u200e-04:56:02\u200e"	
he	{$n :time timeZone=|Asia/Kolkata| timeZoneStyle=short}	datetime 2006-01-02T15:04:06Z	"20:34 GMT\u200e+5:30\u200e"	
he	{$n :time timeZone=|Asia/Kolkata| timeZoneStyle=short}	datetime 2024-07-15T23:59:59Z	"5:29 GMT\u200e+5:30\u200e"	
he	{$n :time timeZone=|Asia/Kolkata| timeZoneStyle=short}	datetime 1970-01-01T00:00:00Z	"5:30 GMT\u200e+5:30\u200e"	
he	{$n :time timeZone=|Asia/Kolkata| timeZoneStyle=short}	datetime 2006-01-02T15:04:06+05:30	"15:04 GMT\u200e+5:30\u200e"	
he	{$n :time timeZone=|Asia/Kolkata| timeZoneStyle=short}	datetime 2006-01-02T15:04:06	"15:04 GMT\u200e+5:30\u200e"	
he	{$n :time timeZone=|Asia/Kolkata| timeZoneStyle=short}	datetime 2000-02-29T00:00:00	"0:00 GMT\u200e+5:30\u200e"	
he	{$n :time timeZone=|Asia/Kolkata| timeZoneStyle=short}	datetime -000044-03-15T00:00:00	"0:00 GMT\u200e+5:53:28\u200e"	
he	{$n :datetime timeZone=|+05:45|}	datetime 2006-01-02T15:04:06Z	"2 בינו׳ 2006, 20:49"	
he	{$n :datetime timeZone=|+05:45|}	datetime 2024-07-15T23:59:59Z	"16 ביולי 2024, 5:44"	
he	{$n :datetime timeZone=|+05:45|}	datetime 1970-01-01T00:00:00Z	"1 בינו׳ 1970, 5:45"	
he	{$n :datetime timeZone=|+05:45|}	datetime 2006-01-02T15:04:06+05:30	"2 בינו׳ 2006, 15:19"	
he	{$n :datetime timeZone=|+05:45|}	datetime 2006-01-02T15:04:06	"2 בינו׳ 2006, 15:04"	
he	{$n :datetime timeZone=|+05:45|}	datetime 2000-02-29T00:00:00	"29 בפבר׳ 2000, 0:00"	
he	{$n :datetime timeZone=|+05:45|}	datetime -000044-03-15T00:00:00	"15 במרץ 45 לפנה״ס, 0:00"	
he	{$n :date calendar=japanese length=long}	datetime 2006-01-02T15:04:06Z	"2 בינואר 18 Heisei"	
he	{$n :date calendar=japanese length=long}	datetime 2024-07-15T23:59:59Z	"15 ביולי 6 Reiwa"	
he	{$n :date calendar=japanese length=long}	datetime 1970-01-01T00:00:00Z	"1 בינואר 45 Shōwa"	
he	{$n :date calendar=japanese length=long}	datetime 2006-01-02T15:04:06+05:30	"2 בינואר 18 Heisei"	
he	{$n :date calendar=japanese length=long}	datetime 2006-01-02T15:04:06	"2 בינואר 18 Heisei"	
he	{$n :date calendar=japanese length=long}	datetime 2000-02-29T00:00:00	"29 בפברואר 12 Heisei"	
he	{$n :date calendar=japanese length=long}	datetime -000044-03-15T00:00:00	"15 במרץ 45 לפנה״ס"	
he	{$n :date calendar=hebrew}	datetime 2006-01-02T15:04:06Z	"ב׳ בטבת ה׳תשס״ו"	
he	{$n :date calendar=hebrew}	datetime 2024-07-15T23:59:59Z	"ט׳ בתמוז ה׳תשפ״ד"	
he	{$n :date calendar=hebrew}	datetime 1970-01-01T00:00:00Z	"כ״ג בטבת ה׳תש״ל"	
he	{$n :date calendar=hebrew}	datetime 2006-01-02T15:04:06+05:30	"ב׳ בטבת ה׳תשס״ו"	
he	{$n :date calendar=hebrew}	datetime 2006-01-02T15:04:06	"ב׳ בטבת ה׳תשס״ו"	
he	{$n :date calendar=hebrew}	datetime 2000-02-29T00:00:00	"כ״ג באדר א׳ ה׳תש״ס"	
he	{$n :date calendar=hebrew}	datetime -000044-03-15T00:00:00	"ט״ז באדר ב׳ ג׳תשט״ז"	
ja	{$n :datetime}	datetime 2006-01-02T15:04:06Z	"2006/01/02 15:04"	
ja	{$n :datetime}	datetime 2024-07-15T23:59:59Z	"2024/07/15 23:59"	
ja	{$n :datetime}	datetime 1970-01-01T00:00:00Z	"1970/01/01 0:00"	
ja	{$n :datetime}	datetime 2006-01-02T15:04:06+05:30	"2006/01/02 9:34"	
ja	{$n :datetime}	datetime 2006-01-02T15:04:06	"2006/01/02 15:04"	
ja	{$n :datetime}	datetime 2000-02-29T00:00:00	"2000/02/29 0:00"	
ja	{$n :datetime}	datetime -000044-03-15T00:00:00	"紀元前45/03/15 0:00"	
ja	{$n :datetime dateLength=long timePrecision=second}	datetime 2006-01-02T15:04:06Z	"2006年1月2日 15:04:06"	
ja	{$n :datetime dateLength=long timePrecision=second}	datetime 2024-07-15T23:59:59Z	"2024年7月15日 23:59:59"	
ja	{$n :datetime dateLength=long timePrecision=second}	datetime 1970-01-01T00:00:00Z	"1970年1月1日 0:00:00"	
ja	{$n :datetime dateLength=long timePrecision=second}	datetime 2006-01-02T15:04:06+05:30	"2006年1月2日 9:34:06"	
ja	{$n :datetime dateLength=long timePrecision=second}	datetime 2006-01-02T15:04:06	"2006年1月2日 15:04:06"	
ja	{$n :datetime dateLength=long timePrecision=second}	datetime 2000-02-29T00:00:00	"2000年2月29日 0:00:00"	
ja	{$n :datetime dateLength=long timePrecision=second}	datetime -000044-03-15T00:00:00	"紀元前45年3月15日 0:00:00"	
ja	{$n :datetime dateLength=short timePrecision=hour}	datetime 2006-01-02T15:04:06Z	"2006/01/02 15時"	
ja	{$n :datetime dateLength=short timePrecision=hour}	datetime 2024-07-15T23:59:59Z	"2024/07/15 23時"	
ja	{$n :datetime dateLength=short timePrecision=hour}	datetime 1970-01-01T00:00:00Z	"1970/01/01 0時"	
ja	{$n :datetime dateLength=short timePrecision=hour}	datetime 2006-01-02T15:04:06+05:30	"2006/01/02 9時"	
ja	{$n :datetime dateLength=short timePrecision=hour}	datetime 2006-01-02T15:04:06	"2006/01/02 15時"	
ja	{$n :datetime dateLength=short timePrecision=hour}	datetime 2000-02-29T00:00:00	"2000/02/29 0時"	
ja	{$n :datetime dateLength=short timePrecision=hour}	datetime -000044-03-15T00:00:00	"紀元前45/03/15 0時"	
ja	{$n :date}	datetime 2006-01-02T15:04:06Z	"2006/01/02"	
ja	{$n :date}	datetime 2024-07-15T23:59:59Z	"2024/07/15"	
ja	{$n :date}	datetime 1970-01-01T00:00:00Z	"1970/01/01"	
ja	{$n :date}	datetime 2006-01-02T15:04:06+05:30	"2006/01/02"	
ja	{$n :date}	datetime 2006-01-02T15:04:06	"2006/01/02"	
ja	{$n :date}	datetime 2000-02-29T00:00:00	"2000/02/29"	
ja	{$n :date}	datetime -000044-03-15T00:00:00	"紀元前45/03/15"	
ja	{$n :date length=long}	datetime 2006-01-02T15:04:06Z	"2006年1月2日"	
ja	{$n :date length=long}	datetime 2024-07-15T23:59:59Z	"2024年7月15日"	
ja	{$n :date length=long}	datetime 1970-01-01T00:00:00Z	"1970年1月1日"	
ja	{$n :date length=long}	datetime 2006-01-02T15:04:06+05:30	"2006年1月2日"	
ja	{$n :date length=long}	datetime 2006-01-02T15:04:06	"2006年1月2日"	
ja	{$n :date length=long}	datetime 2000-02-29T00:00:00	"2000年2月29日"	
ja	{$n :date length=long}	datetime -000044-03-15T00:00:00	"紀元前45年3月15日"	
ja	{$n :date length=short}	datetime 2006-01-02T15:04:06Z	"2006/01/02"	
ja	{$n :date length=short}	datetime 2024-07-15T23:59:59Z	"2024/07/15"	
ja	{$n :date length=short}	datetime 1970-01-01T00:00:00Z	"1970/01/01"	
ja	{$n :date length=short}	datetime 2006-01-02T15:04:06+05:30	"2006/01/02"	
ja	{$n :date length=short}	datetime 2006-01-02T15:04:06	"2006/01/02"	
ja	{$n :date length=short}	datetime 2000-02-29T00:00:00	"2000/02/29"	
ja	{$n :date length=short}	datetime -000044-03-15T00:00:00	"紀元前45/03/15"	
ja	{$n :date fields=year-month-day-weekday length=long}	datetime 2006-01-02T15:04:06Z	"2006年1月2日月曜日"	
ja	{$n :date fields=year-month-day-weekday length=long}	datetime 2024-07-15T23:59:59Z	"2024年7月15日月曜日"	
ja	{$n :date fields=year-month-day-weekday length=long}	datetime 1970-01-01T00:00:00Z	"1970年1月1日木曜日"	
ja	{$n :date fields=year-month-day-weekday length=long}	datetime 2006-01-02T15:04:06+05:30	"2006年1月2日月曜日"	
ja	{$n :date fields=year-month-day-weekday length=long}	datetime 2006-01-02T15:04:06	"2006年1月2日月曜日"	
ja	{$n :date fields=year-month-day-weekday length=long}	datetime 2000-02-29T00:00:00	"2000年2月29日火曜日"	
ja	{$n :date fields=year-month-day-weekday length=long}	datetime -000044-03-15T00:00:00	"紀元前45年3月15日木曜日"	
ja	{$n :date fields=month-day}	datetime 2006-01-02T15:04:06Z	"01/02"	
ja	{$n :date fields=month-day}	datetime 2024-07-15T23:59:59Z	"07/15"	
ja	{$n :date fields=month-day}	datetime 1970-01-01T00:00:00Z	"01/01"	
ja	{$n :date fields=month-day}	datetime 2006-01-02T15:04:06+05:30	"01/02"	
ja	{$n :date fields=month-day}	datetime 2006-01-02T15:04:06	"01/02"	
ja	{$n :date fields=month-day}	datetime 2000-02-29T00:00:00	"02/29"	
ja	{$n :date fields=month-day}	datetime -000044-03-15T00:00:00	"03/15"	
ja	{$n :date fields=weekday length=long}	datetime 2006-01-02T15:04:06Z	"月曜日"	
ja	{$n :date fields=weekday length=long}	datetime 2024-07-15T23:59:59Z	"月曜日"	
ja	{$n :date fields=weekday length=long}	datetime 1970-01-01T00:00:00Z	"木曜日"	
ja	{$n :date fields=weekday length=long}	datetime 2006-01-02T15:04:06+05:30	"月曜日"	
ja	{$n :date fields=weekday length=long}	datetime 2006-01-02T15:04:06	"月曜日"	
ja	{$n :date fields=weekday length=long}	datetime 2000-02-29T00:00:00	"火曜日"	
ja	{$n :date fields=weekday length=long}	datetime -000044-03-15T00:00:00	"木曜日"	
ja	{$n :time}	datetime 2006-01-02T15:04:06Z	"15:04"	
ja	{$n :time}	datetime 2024-07-15T23:59:59Z	"23:59"	
ja	{$n :time}	datetime 1970-01-01T00:00:00Z	"0:00"	
ja	{$n :time}	datetime 2006-01-02T15:04:06+05:30	"9:34"	
ja	{$n :time}	datetime 2006-01-02T15:04:06	"15:04"	
ja	{$n :time}	datetime 2000-02-29T00:00:00	"0:00"	
ja	{$n :time}	datetime -000044-03-15T00:00:00	"0:00"	
ja	{$n :time precision=second}	datetime 2006-01-02T15:04:06Z	"15:04:06"	
ja	{$n :time precision=second}	datetime 2024-07-15T23:59:59Z	"23:59:59"	
ja	{$n :time precision=second}	datetime 1970-01-01T00:00:00Z	"0:00:00"	
ja	{$n :time precision=second}	datetime 2006-01-02T15:04:06+05:30	"9:34:06"	
ja	{$n :time precision=second}	datetime 2006-01-02T15:04:06	"15:04:06"	
ja	{$n :time precision=second}	datetime 2000-02-29T00:00:00	"0:00:00"	
ja	{$n :time precision=second}	datetime -000044-03-15T00:00:00	"0:00:00"	
ja	{$n :time hour12=true}	datetime 2006-01-02T15:04:06Z	"午後3:04"	
ja	{$n :time hour12=true}	datetime 2024-07-15T23:59:59Z	"午後11:59"	
ja	{$n :time hour12=true}	datetime 1970-01-01T00:00:00Z	"午前12:00"	
ja	{$n :time hour12=true}	datetime 2006-01-02T15:04:06+05:30	"午前9:34"	
ja	{$n :time hour12=true}	datetime 2006-01-02T15:04:06	"午後3:04"	
ja	{$n :time hour12=true}	datetime 2000-02-29T00:00:00	"午前12:00"	
ja	{$n :time hour12=true}	datetime -000044-03-15T00:00:00	"午前12:00"	
ja	{$n :time hour12=false}	datetime 2006-01-02T15:04:06Z	"15:04"	
ja	{$n :time hour12=false}	datetime 2024-07-15T23:59:59Z	"23:59"	
ja	{$n :time hour12=false}	datetime 1970-01-01T00:00:00Z	"0:00"	
ja	{$n :time hour12=false}	datetime 2006-01-02T15:04:06+05:30	"9:34"	
ja	{$n :time hour12=false}	datetime 2006-01-02T15:04:06	"15:04"	
ja	{$n :time hour12=false}	datetime 2000-02-29T00:00:00	"0:00"	
ja	{$n :time hour12=false}	datetime -000044-03-15T00:00:00	"0:00"	
ja	{$n :datetime timeZone=UTC timeZoneStyle=short}	datetime 2006-01-02T15:04:06Z	"2006/01/02 15:04 UTC"	
ja	{$n :datetime timeZone=UTC timeZoneStyle=short}	datetime 2024-07-15T23:59:59Z	"2024/07/15 23:59 UTC"	
ja	{$n :datetime timeZone=UTC timeZoneStyle=short}	datetime 1970-01-01T00:00:00Z	"1970/01/01 0:00 UTC"	
ja	{$n :datetime timeZone=UTC timeZoneStyle=short}	datetime 2006-01-02T15:04:06+05:30	"2006/01/02 9:34 UTC"	
ja	{$n :datetime timeZone=UTC timeZoneStyle=short}	datetime 2006-01-02T15:04:06	"2006/01/02 15:04 UTC"	
ja	{$n :datetime timeZone=UTC timeZoneStyle=short}	datetime 2000-02-29T00:00:00	"2000/02/29 0:00 UTC"	
ja	{$n :datetime timeZone=UTC timeZoneStyle=short}	datetime -000044-03-15T00:00:00	"紀元前45/03/15 0:00 UTC"	
ja	{$n :datetime timeZone=|America/New_York| timeZoneStyle=long}	datetime 2006-01-02T15:04:06Z	"2006/01/02 10:04 米国東部標準時"	
ja	{$n :datetime timeZone=|America/New_York| timeZoneStyle=long}	datetime 2024-07-15T23:59:59Z	"2024/07/15 19:59 米国東部夏時間"	
ja	{$n :datetime timeZone=|America/New_York| timeZoneStyle=long}	datetime 1970-01-01T00:00:00Z	"1969/12/31 19:00 米国東部標準時"	
ja	{$n :datetime timeZone=|America/New_York| timeZoneStyle=long}	datetime 2006-01-02T15:04:06+05:30	"2006/01/02 4:34 米国東部標準時"	
ja	{$n :datetime timeZone=|America/New_York| timeZoneStyle=long}	datetime 2006-01-02T15:04:06	"2006/01/02 15:04 米国東部標準時"	
ja	{$n :datetime timeZone=|America/New_York| timeZoneStyle=long}	datetime 2000-02-29T00:00:00	"2000/02/29 0:00 米国東部標準時"	
ja	{$n :datetime timeZone=|America/New_York| timeZoneStyle=long}	datetime -000044-03-15T00:00:00	"紀元前45/03/15 0:00 GMT-04:56:02"	
ja	{$n :time timeZone=|Asia/Kolkata| timeZoneStyle=short}	datetime 2006-01-02T15:04:06Z	"20:34 GMT+5:30"	
ja	{$n :time timeZone=|Asia/Kolkata| timeZoneStyle=short}	datetime 2024-07-15T23:59:59Z	"5:29 GMT+5:30"	
ja	{$n :time timeZone=|Asia/Kolkata| timeZoneStyle=short}	datetime 1970-01-01T00:00:00Z	"5:30 GMT+5:30"	
ja	{$n :time timeZone=|Asia/Kolkata| timeZoneStyle=short}	datetime 2006-01-02T15:04:06+05:30	"15:04 GMT+5:30"	
ja	{$n :time timeZone=|Asia/Kolkata| timeZoneStyle=short}	datetime 2006-01-02T15:04:06	"15:04 GMT+5:30"	
ja	{$n :time timeZone=|Asia/Kolkata| timeZoneStyle=short}	datetime 2000-02-29T00:00:00	"0:00 GMT+5:30"	
ja	{$n :time timeZone=|Asia/Kolkata| timeZoneStyle=short}	datetime -000044-03-15T00:00:00	"0:00 GMT+5:53:28"	
ja	{$n :datetime timeZone=|+05:45|}	datetime 2006-01-02T15:04:06Z	"2006/01/02 20:49"	
ja	{$n :datetime timeZone=|+05:45|}	datetime 2024-07-15T23:59:59Z	"2024/07/16 5:44"	
ja	{$n :datetime timeZone=|+05:45|}	datetime 1970-01-01T00:00:00Z	"1970/01/01 5:45"	
ja	{$n :datetime timeZone=|+05:45|}	datetime 2006-01-02T15:04:06+05:30	"2006/01/02 15:19"	
ja	{$n :datetime timeZone=|+05:45|}	datetime 2006-01-02T15:04:06	"2006/01/02 15:04"	
ja	{$n :datetime timeZone=|+05:45|}	datetime 2000-02-29T00:00:00	"2000/02/29 0:00"	
ja	{$n :datetime timeZone=|+05:45|}	datetime -000044-03-15T00:00:00	"紀元前45/03/15 0:00"	
ja	{$n :date calendar=japanese length=long}	datetime 2006-01-02T15:04:06Z	"平成18年1月2日"	
ja	{$n :date calendar=japanese length=long}	datetime 2024-07-15T23:59:59Z	"令和6年7月15日"	
ja	{$n :date calendar=japanese length=long}	datetime 1970-01-01T00:00:00Z	"昭和45年1月1日"	
ja	{$n :date calendar=japanese length=long}	datetime 2006-01-02T15:04:06+05:30	"平成18年1月2日"	
ja	{$n :date calendar=japanese length=long}	datetime 2006-01-02T15:04:06	"平成18年1月2日"	
ja	{$n :date calendar=japanese length=long}	datetime 2000-02-29T00:00:00	"平成12年2月29日"	
ja	{$n :date calendar=japanese length=long}	datetime -000044-03-15T00:00:00	"紀元前45年3月15日"	
ja	{$n :date calendar=hebrew}	datetime 2006-01-02T15:04:06Z	"AM5766/04/02"	
ja	{$n :date calendar=hebrew}	datetime 2024-07-15T23:59:59Z	"AM5784/10/09"	
ja	{$n :date calendar=hebrew}	datetime 1970-01-01T00:00:00Z	"AM5730/04/23"	
ja	{$n :date calendar=hebrew}	datetime 2006-01-02T15:04:06+05:30	"AM5766/04/02"	
ja	{$n :date calendar=hebrew}	datetime 2006-01-02T15:04:06	"AM5766/04/02"	
ja	{$n :date calendar=hebrew}	datetime 2000-02-29T00:00:00	"AM5760/06a/23"	
ja	{$n :date calendar=hebrew}	datetime -000044-03-15T00:00:00	"AM3716/06b/16"	
hi	{$n :datetime}	datetime 2006-01-02T15:04:06Z	"2 जन॰ 2006, 3:04 pm"	
hi	{$n :datetime}	datetime 2024-07-15T23:59:59Z	"15 जुल॰ 2024, 11:59 pm"	
hi	{$n :datetime}	datetime 1970-01-01T00:00:00Z	"1 जन॰ 1970, 12:00 am"	
hi	{$n :datetime}	datetime 2006-01-02T15:04:06+05:30	"2 जन॰ 2006, 9:34 am"	
hi	{$n :datetime}	datetime 2006-01-02T15:04:06	"2 जन॰ 2006, 3:04 pm"	
hi	{$n :datetime}	datetime 2000-02-29T00:00:00	"29 फ़र॰ 2000, 12:00 am"	
hi	{$n :datetime}	datetime -000044-03-15T00:00:00	"15 मार्च 45 ईसा-पूर्व, 12:00 am"	
hi	{$n :datetime dateLength=long timePrecision=second}	datetime 2006-01-02T15:04:06Z	"2 जनवरी 2006 को 3:04:06 pm बजे"	
hi	{$n :datetime dateLength=long timePrecision=second}	datetime 2024-07-15T23:59:59Z	"15 जुलाई 2024 को 11:59:59 pm बजे"	
hi	{$n :datetime dateLength=long timePrecision=second}	datetime 1970-01-01T00:00:00Z	"1 जनवरी 1970 को 12:00:00 am बजे"	
hi	{$n :datetime dateLength=long timePrecision=second}	datetime 2006-01-02T15:04:06+05:30	"2 जनवरी 2006 को 9:34:06 am बजे"	
hi	{$n :datetime dateLength=long timePrecision=second}	datetime 2006-01-02T15:04:06	"2 जनवरी 2006 को 3:04:06 pm बजे"	
hi	{$n :datetime dateLength=long timePrecision=second}	datetime 2000-02-29T00:00:00	"29 फ़रवरी 2000 को 12:00:00 am बजे"	
hi	{$n :datetime dateLength=long timePrecision=second}	datetime -000044-03-15T00:00:00	"15 मार्च 45 ईसा-पूर्व को 12:00:00 am बजे"	
hi	{$n :datetime dateLength=short timePrecision=hour}	datetime 2006-01-02T15:04:06Z	"2/1/06, 3\u202fpm"	
hi	{$n :datetime dateLength=short timePrecision=hour}	datetime 2024-07-15T23:59:59Z	"15/7/24, 11\u202fpm"	
hi	{$n :datetime dateLength=short timePrecision=hour}	datetime 1970-01-01T00:00:00Z	"1/1/70, 12\u202fam"	
hi	{$n :datetime dateLength=short timePrecision=hour}	datetime 2006-01-02T15:04:06+05:30	"2/1/06, 9\u202fam"	
hi	{$n :datetime dateLength=short timePrecision=hour}	datetime 2006-01-02T15:04:06	"2/1/06, 3\u202fpm"	
hi	{$n :datetime dateLength=short timePrecision=hour}	datetime 2000-02-29T00:00:00	"29/2/00, 12\u202fam"	
hi	{$n :datetime dateLength=short timePrecision=hour}	datetime -000044-03-15T00:00:00	"ईसा-पूर्व 15/3/45, 12\u202fam"	
hi	{$n :date}	datetime 2006-01-02T15:04:06Z	"2 जन॰ 2006"	
hi	{$n :date}	datetime 2024-07-15T23:59:59Z	"15 जुल॰ 2024"	
hi	{$n :date}	datetime 1970-01-01T00:00:00Z	"1 जन॰ 1970"	
hi	{$n :date}	datetime 2006-01-02T15:04:06+05:30	"2 जन॰ 2006"	
hi	{$n :date}	datetime 2006-01-02T15:04:06	"2 जन॰ 2006"	
hi	{$n :date}	datetime 2000-02-29T00:00:00	"29 फ़र॰ 2000"	
hi	{$n :date}	datetime -000044-03-15T00:00:00	"15 मार्च 45 ईसा-पूर्व"	
hi	{$n :date length=long}	datetime 2006-01-02T15:04:06Z	"2 जनवरी 2006"	
hi	{$n :date length=long}	datetime 2024-07-15T23:59:59Z	"15 जुलाई 2024"	
hi	{$n :date length=long}	datetime 1970-01-01T00:00:00Z	"1 जनवरी 1970"	
hi	{$n :date length=long}	datetime 2006-01-02T15:04:06+05:30	"2 जनवरी 2006"	
hi	{$n :date length=long}	datetime 2006-01-02T15:04:06	"2 जनवरी 2006"	
hi	{$n :date length=long}	datetime 2000-02-29T00:00:00	"29 फ़रवरी 2000"	
hi	{$n :date length=long}	datetime -000044-03-15T00:00:00	"15 मार्च 45 ईसा-पूर्व"	
hi	{$n :date length=short}	datetime 2006-01-02T15:04:06Z	"2/1/06"	
hi	{$n :date length=short}	datetime 2024-07-15T23:59:59Z	"15/7/24"	
hi	{$n :date length=short}	datetime 1970-01-01T00:00:00Z	"1/1/70"	
hi	{$n :date length=short}	datetime 2006-01-02T15:04:06+05:30	"2/1/06"	
hi	{$n :date length=short}	datetime 2006-01-02T15:04:06	"2/1/06"	
hi	{$n :date length=short}	datetime 2000-02-29T00:00:00	"29/2/00"	
hi	{$n :date length=short}	datetime -000044-03-15T00:00:00	"ईसा-पूर्व 15/3/45"	
hi	{$n :date fields=year-month-day-weekday length=long}	datetime 2006-01-02T15:04:06Z	"सोमवार, 2 जनवरी 2006"	
hi	{$n :date fields=year-month-day-weekday length=long}	datetime 2024-07-15T23:59:59Z	"सोमवार, 15 जुलाई 2024"	
hi	{$n :date fields=year-month-day-weekday length=long}	datetime 1970-01-01T00:00:00Z	"गुरुवार, 1 जनवरी 1970"	
hi	{$n :date fields=year-month-day-weekday length=long}	datetime 2006-01-02T15:04:06+05:30	"सोमवार, 2 जनवरी 2006"	
hi	{$n :date fields=year-month-day-weekday length=long}	datetime 2006-01-02T15:04:06	"सोमवार, 2 जनवरी 2006"	
hi	{$n :date fields=year-month-day-weekday length=long}	datetime 2000-02-29T00:00:00	"मंगलवार, 29 फ़रवरी 2000"	
hi	{$n :date fields=year-month-day-weekday length=long}	datetime -000044-03-15T00:00:00	"गुरुवार, 15 मार्च 45 ईसा-पूर्व"	
hi	{$n :date fields=month-day}	datetime 2006-01-02T15:04:06Z	"2 जन॰"	
hi	{$n :date fields=month-day}	datetime 2024-07-15T23:59:59Z	"15 जुल॰"	
hi	{$n :date fields=month-day}	datetime 1970-01-01T00:00:00Z	"1 जन॰"	
hi	{$n :date fields=month-day}	datetime 2006-01-02T15:04:06+05:30	"2 जन॰"	
hi	{$n :date fields=month-day}	datetime 2006-01-02T15:04:06	"2 जन॰"	
hi	{$n :date fields=month-day}	datetime 2000-02-29T00:00:00	"29 फ़र॰"	
hi	{$n :date fields=month-day}	datetime -000044-03-15T00:00:00	"15 मार्च"	
hi	{$n :date fields=weekday length=long}	datetime 2006-01-02T15:04:06Z	"सोमवार"	
hi	{$n :date fields=weekday length=long}	datetime 2024-07-15T23:59:59Z	"सोमवार"	
hi	{$n :date fields=weekday length=long}	datetime 1970-01-01T00:00:00Z	"गुरुवार"	
hi	{$n :date fields=weekday length=long}	datetime 2006-01-02T15:04:06+05:30	"सोमवार"	
hi	{$n :date fields=weekday length=long}	datetime 2006-01-02T15:04:06	"सोमवार"	
hi	{$n :date fields=weekday length=long}	datetime 2000-02-29T00:00:00	"मंगलवार"	
hi	{$n :date fields=weekday length=long}	datetime -000044-03-15T00:00:00	"गुरुवार"	
hi	{$n :time}	datetime 2006-01-02T15:04:06Z	"3:04 pm"	
hi	{$n :time}	datetime 2024-07-15T23:59:59Z	"11:59 pm"	
hi	{$n :time}	datetime 1970-01-01T00:00:00Z	"12:00 am"	
hi	{$n :time}	datetime 2006-01-02T15:04:06+05:30	"9:34 am"	
hi	{$n :time}	datetime 2006-01-02T15:04:06	"3:04 pm"	
hi	{$n :time}	datetime 2000-02-29T00:00:00	"12:00 am"	
hi	{$n :time}	datetime -000044-03-15T00:00:00	"12:00 am"	
hi	{$n :time precision=second}	datetime 2006-01-02T15:04:06Z	"3:04:06 pm"	
hi	{$n :time precision=second}	datetime 2024-07-15T23:59:59Z	"11:59:59 pm"	
hi	{$n :time precision=second}	datetime 1970-01-01T00:00:00Z	"12:00:00 am"	
hi	{$n :time precision=second}	datetime 2006-01-02T15:04:06+05:30	"9:34:06 am"	
hi	{$n :time precision=second}	datetime 2006-01-02T15:04:06	"3:04:06 pm"	
hi	{$n :time precision=second}	datetime 2000-02-29T00:00:00	"12:00:00 am"	
hi	{$n :time precision=second}	datetime -000044-03-15T00:00:00	"12:00:00 am"	
hi	{$n :time hour12=true}	datetime 2006-01-02T15:04:06Z	"3:04 pm"	
hi	{$n :time hour12=true}	datetime 2024-07-15T23:59:59Z	"11:59 pm"	
hi	{$n :time hour12=true}	datetime 1970-01-01T00:00:00Z	"12:00 am"	
hi	{$n :time hour12=true}	datetime 2006-01-02T15:04:06+05:30	"9:34 am"	
hi	{$n :time hour12=true}	datetime 2006-01-02T15:04:06	"3:04 pm"	
hi	{$n :time hour12=true}	datetime 2000-02-29T00:00:00	"12:00 am"	
hi	{$n :time hour12=true}	datetime -000044-03-15T00:00:00	"12:00 am"	
hi	{$n :time hour12=false}	datetime 2006-01-02T15:04:06Z	"15:04"	
hi	{$n :time hour12=false}	datetime 2024-07-15T23:59:59Z	"23:59"	
hi	{$n :time hour12=false}	datetime 1970-01-01T00:00:00Z	"00:00"	
hi	{$n :time hour12=false}	datetime 2006-01-02T15:04:06+05:30	"09:34"	
hi	{$n :time hour12=false}	datetime 2006-01-02T15:04:06	"15:04"	
hi	{$n :time hour12=false}	datetime 2000-02-29T00:00:00	"00:00"	
hi	{$n :time hour12=false}	datetime -000044-03-15T00:00:00	"00:00"	
hi	{$n :datetime timeZone=UTC timeZoneStyle=short}	datetime 2006-01-02T15:04:06Z	"2 जन॰ 2006, 3:04 pm UTC"	
hi	{$n :datetime timeZone=UTC timeZoneStyle=short}	datetime 2024-07-15T23:59:59Z	"15 जुल॰ 2024, 11:59 pm UTC"	
hi	{$n :datetime timeZone=UTC timeZoneStyle=short}	datetime 1970-01-01T00:00:00Z	"1 जन॰ 1970, 12:00 am UTC"	
hi	{$n :datetime timeZone=UTC timeZoneStyle=short}	datetime 2006-01-02T15:04:06+05:30	"2 जन॰ 2006, 9:34 am UTC"	
hi	{$n :datetime timeZone=UTC timeZoneStyle=short}	datetime 2006-01-02T15:04:06	"2 जन॰ 2006, 3:04 pm UTC"	
hi	{$n :datetime timeZone=UTC timeZoneStyle=short}	datetime 2000-02-29T00:00:00	"29 फ़र॰ 2000, 12:00 am UTC"	
hi	{$n :datetime timeZone=UTC timeZoneStyle=short}	datetime -000044-03-15T00:00:00	"15 मार्च 45 ईसा-पूर्व, 12:00 am UTC"	
hi	{$n :datetime timeZone=|America/New_York| timeZoneStyle=long}	datetime 2006-01-02T15:04:06Z	"2 जन॰ 2006, 10:04 am उत्तरी अमेरिकी पूर्वी मानक समय"	
hi	{$n :datetime timeZone=|America/New_York| timeZoneStyle=long}	datetime 2024-07-15T23:59:59Z	"15 जुल॰ 2024, 7:59 pm उत्तरी अमेरिकी पूर्वी डेलाइट समय"	
hi	{$n :datetime timeZone=|America/New_York| timeZoneStyle=long}	datetime 1970-01-01T00:00:00Z	"31 दिस॰ 1969, 7:00 pm उत्तरी अमेरिकी पूर्वी मानक समय"	
hi	{$n :datetime timeZone=|America/New_York| timeZoneStyle=long}	datetime 2006-01-02T15:04:06+05:30	"2 जन॰ 2006, 4:34 am उत्तरी अमेरिकी पूर्वी मानक समय"	
hi	{$n :datetime timeZone=|America/New_York| timeZoneStyle=long}	datetime 2006-01-02T15:04:06	"2 जन॰ 2006, 3:04 pm उत्तरी अमेरिकी पूर्वी मानक समय"	
hi	{$n :datetime timeZone=|America/New_York| timeZoneStyle=long}	datetime 2000-02-29T00:00:00	"29 फ़र॰ 2000, 12:00 am उत्तरी अमेरिकी पूर्वी मानक समय"	
hi	{$n :datetime timeZone=|America/New_York| timeZoneStyle=long}	datetime -000044-03-15T00:00:00	"15 मार्च 45 ईसा-पूर्व, 12:00 am GMT-04:56:02"	
hi	{$n :time timeZone=|Asia/Kolkata| timeZoneStyle=short}	datetime 2006-01-02T15:04:06Z	"8:34 pm IST"	
hi	{$n :time timeZone=|Asia/Kolkata| timeZoneStyle=short}	datetime 2024-07-15T23:59:59Z	"5:29 am IST"	
hi	{$n :time timeZone=|Asia/Kolkata| timeZoneStyle=short}	datetime 1970-01-01T00:00:00Z	"5:30 am IST"	
hi	{$n :time timeZone=|Asia/Kolkata| timeZoneStyle=short}	datetime 2006-01-02T15:04:06+05:30	"3:04 pm IST"	
hi	{$n :time timeZone=|Asia/Kolkata| timeZoneStyle=short}	datetime 2006-01-02T15:04:06	"3:04 pm IST"	
hi	{$n :time timeZone=|Asia/Kolkata| timeZoneStyle=short}	datetime 2000-02-29T00:00:00	"12:00 am IST"	
hi	{$n :time timeZone=|Asia/Kolkata| timeZoneStyle=short}	datetime -000044-03-15T00:00:00	"12:00 am GMT+5:53:28"	
hi	{$n :datetime timeZone=|+05:45|}	datetime 2006-01-02T15:04:06Z	"2 जन॰ 2006, 8:49 pm"	
hi	{$n :datetime timeZone=|+05:45|}	datetime 2024-07-15T23:59:59Z	"16 जुल॰ 2024, 5:44 am"	
hi	{$n :datetime timeZone=|+05:45|}	datetime 1970-01-01T00:00:00Z	"1 जन॰ 1970, 5:45 am"	
hi	{$n :datetime timeZone=|+05:45|}	datetime 2006-01-02T15:04:06+05:30	"2 जन॰ 2006, 3:19 pm"	
hi	{$n :datetime timeZone=|+05:45|}	datetime 2006-01-02T15:04:06	"2 जन॰ 2006, 3:04 pm"	
hi	{$n :datetime timeZone=|+05:45|}	datetime 2000-02-29T00:00:00	"29 फ़र॰ 2000, 12:00 am"	
hi	{$n :datetime timeZone=|+05:45|}	datetime -000044-03-15T00:00:00	"15 मार्च 45 ईसा-पूर्व, 12:00 am"	
hi	{$n :date calendar=japanese length=long}	datetime 2006-01-02T15:04:06Z	"हेईसेई 2 जनवरी 18"	
hi	{$n :date calendar=japanese length=long}	datetime 2024-07-15T23:59:59Z	"रेइवा 15 जुलाई 6"	
hi	{$n :date calendar=japanese length=long}	datetime 1970-01-01T00:00:00Z	"शोवा 1 जनवरी 45"	
hi	{$n :date calendar=japanese length=long}	datetime 2006-01-02T15:04:06+05:30	"हेईसेई 2 जनवरी 18"	
hi	{$n :date calendar=japanese length=long}	datetime 2006-01-02T15:04:06	"हेईसेई 2 जनवरी 18"	
hi	{$n :date calendar=japanese length=long}	datetime 2000-02-29T00:00:00	"हेईसेई 29 फ़रवरी 12"	
hi	{$n :date calendar=japanese length=long}	datetime -000044-03-15T00:00:00	"ईसा-पूर्व 15 मार्च 45"	
hi	{$n :date calendar=hebrew}	datetime 2006-01-02T15:04:06Z	"AM 2 Tevet 5766"	
hi	{$n :date calendar=hebrew}	datetime 2024-07-15T23:59:59Z	"AM 9 Tamuz 5784"	
hi	{$n :date calendar=hebrew}	datetime 1970-01-01T00:00:00Z	"AM 23 Tevet 5730"	
hi	{$n :date calendar=hebrew}	datetime 2006-01-02T15:04:06+05:30	"AM 2 Tevet 5766"	
hi	{$n :date calendar=hebrew}	datetime 2006-01-02T15:04:06	"AM 2 Tevet 5766"	
hi	{$n :date calendar=hebrew}	datetime 2000-02-29T00:00:00	"AM 23 Adar I 5760"	
hi	{$n :date calendar=hebrew}	datetime -000044-03-15T00:00:00	"AM 16 Adar II 3716"	
ru	{$n :datetime}	datetime 2006-01-02T15:04:06Z	"2 янв. 2006\u202fг., 15:04"	
ru	{$n :datetime}	datetime 2024-07-15T23:59:59Z	"15 июл. 2024\u202fг., 23:59"	
ru	{$n :datetime}	datetime 1970-01-01T00:00:00Z	"1 янв. 1970\u202fг., 00:00"	
ru	{$n :datetime}	datetime 2006-01-02T15:04:06+05:30	"2 янв. 2006\u202fг., 09:34"	
ru	{$n :datetime}	datetime 2006-01-02T15:04:06	"2 янв. 2006\u202fг., 15:04"	
ru	{$n :datetime}	datetime 2000-02-29T00:00:00	"29 февр. 2000\u202fг., 00:00"	
ru	{$n :datetime}	datetime -000044-03-15T00:00:00	"15 мар. 45\u202fг. до н. э., 00:00"	
ru	{$n :datetime dateLength=long timePrecision=second}	datetime 2006-01-02T15:04:06Z	"2 января 2006\u202fг. в 15:04:06"	
ru	{$n :datetime dateLength=long timePrecision=second}	datetime 2024-07-15T23:59:59Z	"15 июля 2024\u202fг. в 23:59:59"	
ru	{$n :datetime dateLength=long timePrecision=second}	datetime 1970-01-01T00:00:00Z	"1 января 1970\u202fг. в 00:00:00"	
ru	{$n :datetime dateLength=long timePrecision=second}	datetime 2006-01-02T15:04:06+05:30	"2 января 2006\u202fг. в 09:34:06"	
ru	{$n :datetime dateLength=long timePrecision=second}	datetime 2006-01-02T15:04:06	"2 января 2006\u202fг. в 15:04:06"	
ru	{$n :datetime dateLength=long timePrecision=second}	datetime 2000-02-29T00:00:00	"29 февраля 2000\u202fг. в 00:00:00"	
ru	{$n :datetime dateLength=long timePrecision=second}	datetime -000044-03-15T00:00:00	"15 марта 45\u202fг. до н. э. в 00:00:00"	
ru	{$n :datetime dateLength=short timePrecision=hour}	datetime 2006-01-02T15:04:06Z	"02.01.2006, 15"	
ru	{$n :datetime dateLength=short timePrecision=hour}	datetime 2024-07-15T23:59:59Z	"15.07.2024, 23"	
ru	{$n :datetime dateLength=short timePrecision=hour}	datetime 1970-01-01T00:00:00Z	"01.01.1970, 0"	
ru	{$n :datetime dateLength=short timePrecision=hour}	datetime 2006-01-02T15:04:06+05:30	"02.01.2006, 9"	
ru	{$n :datetime dateLength=short timePrecision=hour}	datetime 2006-01-02T15:04:06	"02.01.2006, 15"	
ru	{$n :datetime dateLength=short timePrecision=hour}	datetime 2000-02-29T00:00:00	"29.02.2000, 0"	
ru	{$n :datetime dateLength=short timePrecision=hour}	datetime -000044-03-15T00:00:00	"15.03.45 до н. э., 0"	
ru	{$n :date}	datetime 2006-01-02T15:04:06Z	"2 янв. 2006\u202fг."	
ru	{$n :date}	datetime 2024-07-15T23:59:59Z	"15 июл. 2024\u202fг."	
ru	{$n :date}	datetime 1970-01-01T00:00:00Z	"1 янв. 1970\u202fг."	
ru	{$n :date}	datetime 2006-01-02T15:04:06+05:30	"2 янв. 2006\u202fг."	
ru	{$n :date}	datetime 2006-01-02T15:04:06	"2 янв. 2006\u202fг."	
ru	{$n :date}	datetime 2000-02-29T00:00:00	"29 февр. 2000\u202fг."	
ru	{$n :date}	datetime -000044-03-15T00:00:00	"15 мар. 45\u202fг. до н. э."	
ru	{$n :date length=long}	datetime 2006-01-02T15:04:06Z	"2 января 2006\u202fг."	
ru	{$n :date length=long}	datetime 2024-07-15T23:59:59Z	"15 июля 2024\u202fг."	
ru	{$n :date length=long}	datetime 1970-01-01T00:00:00Z	"1 января 1970\u202fг."	
ru	{$n :date length=long}	datetime 2006-01-02T15:04:06+05:30	"2 января 2006\u202fг."	
ru	{$n :date length=long}	datetime 2006-01-02T15:04:06	"2 января 2006\u202fг."	
ru	{$n :date length=long}	datetime 2000-02-29T00:00:00	"29 февраля 2000\u202fг."	
ru	{$n :date length=long}	datetime -000044-03-15T00:00:00	"15 марта 45\u202fг. до н. э."	
ru	{$n :date length=short}	datetime 2006-01-02T15:04:06Z	"02.01.2006"	
ru	{$n :date length=short}	datetime 2024-07-15T23:59:59Z	"15.07.2024"	
ru	{$n :date length=short}	datetime 1970-01-01T00:00:00Z	"01.01.1970"	
ru	{$n :date length=short}	datetime 2006-01-02T15:04:06+05:30	"02.01.2006"	
ru	{$n :date length=short}	datetime 2006-01-02T15:04:06	"02.01.2006"	
ru	{$n :date length=short}	datetime 2000-02-29T00:00:00	"29.02.2000"	
ru	{$n :date length=short}	datetime -000044-03-15T00:00:00	"15.03.45 до н. э."	
ru	{$n :date fields=year-month-day-weekday length=long}	datetime 2006-01-02T15:04:06Z	"понедельник, 2 января 2006\u202fг."	
ru	{$n :date fields=year-month-day-weekday length=long}	datetime 2024-07-15T23:59:59Z	"понедельник, 15 июля 2024\u202fг."	
ru	{$n :date fields=year-month-day-weekday length=long}	datetime 1970-01-01T00:00:00Z	"четверг, 1 января 1970\u202fг."	
ru	{$n :date fields=year-month-day-weekday length=long}	datetime 2006-01-02T15:04:06+05:30	"понедельник, 2 января 2006\u202fг."	
ru	{$n :date fields=year-month-day-weekday length=long}	datetime 2006-01-02T15:04:06	"понедельник, 2 января 2006\u202fг."	
ru	{$n :date fields=year-month-day-weekday length=long}	datetime 2000-02-29T00:00:00	"вторник, 29 февраля 2000\u202fг."	
ru	{$n :date fields=year-month-day-weekday length=long}	datetime -000044-03-15T00:00:00	"четверг, 15 марта 45\u202fг. до н. э."	
ru	{$n :date fields=month-day}	datetime 2006-01-02T15:04:06Z	"2 янв."	
ru	{$n :date fields=month-day}	datetime 2024-07-15T23:59:59Z	"15 июл."	
ru	{$n :date fields=month-day}	datetime 1970-01-01T00:00:00Z	"1 янв."	
ru	{$n :date fields=month-day}	datetime 2006-01-02T15:04:06+05:30	"2 янв."	
ru	{$n :date fields=month-day}	datetime 2006-01-02T15:04:06	"2 янв."	
ru	{$n :date fields=month-day}	datetime 2000-02-29T00:00:00	"29 февр."	
ru	{$n :date fields=month-day}	datetime -000044-03-15T00:00:00	"15 мар."	
ru	{$n :date fields=weekday length=long}	datetime 2006-01-02T15:04:06Z	"понедельник"	
ru	{$n :date fields=weekday length=long}	datetime 2024-07-15T23:59:59Z	"понедельник"	
ru	{$n :date fields=weekday length=long}	datetime 1970-01-01T00:00:00Z	"четверг"	
ru	{$n :date fields=weekday length=long}	datetime 2006-01-02T15:04:06+05:30	"понедельник"	
ru	{$n :date fields=weekday length=long}	datetime 2006-01-02T15:04:06	"понедельник"	
ru	{$n :date fields=weekday length=long}	datetime 2000-02-29T00:00:00	"вторник"	
ru	{$n :date fields=weekday length=long}	datetime -000044-03-15T00:00:00	"четверг"	
ru	{$n :time}	datetime 2006-01-02T15:04:06Z	"15:04"	
ru	{$n :time}	datetime 2024-07-15T23:59:59Z	"23:59"	
ru	{$n :time}	datetime 1970-01-01T00:00:00Z	"00:00"	
ru	{$n :time}	datetime 2006-01-02T15:04:06+05:30	"09:34"	
ru	{$n :time}	datetime 2006-01-02T15:04:06	"15:04"	
ru	{$n :time}	datetime 2000-02-29T00:00:00	"00:00"	
ru	{$n :time}	datetime -000044-03-15T00:00:00	"00:00"	
ru	{$n :time precision=second}	datetime 2006-01-02T15:04:06Z	"15:04:06"	
ru	{$n :time precision=second}	datetime 2024-07-15T23:59:59Z	"23:59:59"	
ru	{$n :time precision=second}	datetime 1970-01-01T00:00:00Z	"00:00:00"	
ru	{$n :time precision=second}	datetime 2006-01-02T15:04:06+05:30	"09:34:06"	
ru	{$n :time precision=second}	datetime 2006-01-02T15:04:06	"15:04:06"	
ru	{$n :time precision=second}	datetime 2000-02-29T00:00:00	"00:00:00"	
ru	{$n :time precision=second}	datetime -000044-03-15T00:00:00	"00:00:00"	
ru	{$n :time hour12=true}	datetime 2006-01-02T15:04:06Z	"3:04\u202fPM"	
ru	{$n :time hour12=true}	datetime 2024-07-15T23:59:59Z	"11:59\u202fPM"	
ru	{$n :time hour12=true}	datetime 1970-01-01T00:00:00Z	"12:00\u202fAM"	
ru	{$n :time hour12=true}	datetime 2006-01-02T15:04:06+05:30	"9:34\u202fAM"	
ru	{$n :time hour12=true}	datetime 2006-01-02T15:04:06	"3:04\u202fPM"	
ru	{$n :time hour12=true}	datetime 2000-02-29T00:00:00	"12:00\u202fAM"	
ru	{$n :time hour12=true}	datetime -000044-03-15T00:00:00	"12:00\u202fAM"	
ru	{$n :time hour12=false}	datetime 2006-01-02T15:04:06Z	"15:04"	
ru	{$n :time hour12=false}	datetime 2024-07-15T23:59:59Z	"23:59"	
ru	{$n :time hour12=false}	datetime 1970-01-01T00:00:00Z	"00:00"	
ru	{$n :time hour12=false}	datetime 2006-01-02T15:04:06+05:30	"09:34"	
ru	{$n :time hour12=false}	datetime 2006-01-02T15:04:06	"15:04"	
ru	{$n :time hour12=false}	datetime 2000-02-29T00:00:00	"00:00"	
ru	{$n :time hour12=false}	datetime -000044-03-15T00:00:00	"00:00"	
ru	{$n :datetime timeZone=UTC timeZoneStyle=short}	datetime 2006-01-02T15:04:06Z	"2 янв. 2006\u202fг., 15:04 UTC"	
ru	{$n :datetime timeZone=UTC timeZoneStyle=short}	datetime 2024-07-15T23:59:59Z	"15 июл. 2024\u202fг., 23:59 UTC"	
ru	{$n :datetime timeZone=UTC timeZoneStyle=short}	datetime 1970-01-01T00:00:00Z	"1 янв. 1970\u202fг., 00:00 UTC"	
ru	{$n :datetime timeZone=UTC timeZoneStyle=short}	datetime 2006-01-02T15:04:06+05:30	"2 янв. 2006\u202fг., 09:34 UTC"	
ru	{$n :datetime timeZone=UTC timeZoneStyle=short}	datetime 2006-01-02T15:04:06	"2 янв. 2006\u202fг., 15:04 UTC"	
ru	{$n :datetime timeZone=UTC timeZoneStyle=short}	datetime 2000-02-29T00:00:00	"29 февр. 2000\u202fг., 00:00 UTC"	
ru	{$n :datetime timeZone=UTC timeZoneStyle=short}	datetime -000044-03-15T00:00:00	"15 мар. 45\u202fг. до н. э., 00:00 UTC"	
ru	{$n :datetime timeZone=|America/New_York| timeZoneStyle=long}	datetime 2006-01-02T15:04:06Z	"2 янв. 2006\u202fг., 10:04 Восточная Америка, стандартное время"	
ru	{$n :datetime timeZone=|America/New_York| timeZoneStyle=long}	datetime 2024-07-15T23:59:59Z	"15 июл. 2024\u202fг., 19:59 Восточная Америка, летнее время"	
ru	{$n :datetime timeZone=|America/New_York| timeZoneStyle=long}	datetime 1970-01-01T00:00:00Z	"31 дек. 1969\u202fг., 19:00 Восточная Америка, стандартное время"	
ru	{$n :datetime timeZone=|America/New_York| timeZoneStyle=long}	datetime 2006-01-02T15:04:06+05:30	"2 янв. 2006\u202fг., 04:34 Восточная Америка, стандартное время"	
ru	{$n :datetime timeZone=|America/New_York| timeZoneStyle=long}	datetime 2006-01-02T15:04:06	"2 янв. 2006\u202fг., 15:04 Восточная Америка, стандартное время"	
ru	{$n :datetime timeZone=|America/New_York| timeZoneStyle=long}	datetime 2000-02-29T00:00:00	"29 февр. 2000\u202fг., 00:00 Восточная Америка, стандартное время"	
ru	{$n :datetime timeZone=|America/New_York| timeZoneStyle=long}	datetime -000044-03-15T00:00:00	"15 мар. 45\u202fг. до н. э., 00:00 GMT-04:56:02"	
ru	{$n :time timeZone=|Asia/Kolkata| timeZoneStyle=short}	datetime 2006-01-02T15:04:06Z	"20:34 GMT+5:30"	
ru	{$n :time timeZone=|Asia/Kolkata| timeZoneStyle=short}	datetime 2024-07-15T23:59:59Z	"05:29 GMT+5:30"	
ru	{$n :time timeZone=|Asia/Kolkata| timeZoneStyle=short}	datetime 1970-01-01T00:00:00Z	"05:30 GMT+5:30"	
ru	{$n :time timeZone=|Asia/Kolkata| timeZoneStyle=short}	datetime 2006-01-02T15:04:06+05:30	"15:04 GMT+5:30"	
ru	{$n :time timeZone=|Asia/Kolkata| timeZoneStyle=short}	datetime 2006-01-02T15:04:06	"15:04 GMT+5:30"	
ru	{$n :time timeZone=|Asia/Kolkata| timeZoneStyle=short}	datetime 2000-02-29T00:00:00	"00:00 GMT+5:30"	
ru	{$n :time timeZone=|Asia/Kolkata| timeZoneStyle=short}	datetime -000044-03-15T00:00:00	"00:00 GMT+5:53:28"	
ru	{$n :datetime timeZone=|+05:45|}	datetime 2006-01-02T15:04:06Z	"2 янв. 2006\u202fг., 20:49"	
ru	{$n :datetime timeZone=|+05:45|}	datetime 2024-07-15T23:59:59Z	"16 июл. 2024\u202fг., 05:44"	
ru	{$n :datetime timeZone=|+05:45|}	datetime 1970-01-01T00:00:00Z	"1 янв. 1970\u202fг., 05:45"	
ru	{$n :datetime timeZone=|+05:45|}	datetime 2006-01-02T15:04:06+05:30	"2 янв. 2006\u202fг., 15:19"	
ru	{$n :datetime timeZone=|+05:45|}	datetime 2006-01-02T15:04:06	"2 янв. 2006\u202fг., 15:04"	
ru	{$n :datetime timeZone=|+05:45|}	datetime 2000-02-29T00:00:00	"29 февр. 2000\u202fг., 00:00"	
ru	{$n :datetime timeZone=|+05:45|}	datetime -000044-03-15T00:00:00	"15 мар. 45\u202fг. до н. э., 00:00"	
ru	{$n :date calendar=japanese length=long}	datetime 2006-01-02T15:04:06Z	"2 января 18\u202fг. Эпоха Хэйсэй"	
ru	{$n :date calendar=japanese length=long}	datetime 2024-07-15T23:59:59Z	"15 июля 6\u202fг. Рэйва"	
ru	{$n :date calendar=japanese length=long}	datetime 1970-01-01T00:00:00Z	"1 января 45\u202fг. Сьова"	
ru	{$n :date calendar=japanese length=long}	datetime 2006-01-02T15:04:06+05:30	"2 января 18\u202fг. Эпоха Хэйсэй"	
ru	{$n :date calendar=japanese length=long}	datetime 2006-01-02T15:04:06	"2 января 18\u202fг. Эпоха Хэйсэй"	
ru	{$n :date calendar=japanese length=long}	datetime 2000-02-29T00:00:00	"29 февраля 12\u202fг. Эпоха Хэйсэй"	
ru	{$n :date calendar=japanese length=long}	datetime -000044-03-15T00:00:00	"15 марта 45\u202fг. до н. э."	
ru	{$n :date calendar=hebrew}	datetime 2006-01-02T15:04:06Z	"2 тевет 5766\u202fг. AM"	
ru	{$n :date calendar=hebrew}	datetime 2024-07-15T23:59:59Z	"9 таммуз 5784\u202fг. AM"	
ru	{$n :date calendar=hebrew}	datetime 1970-01-01T00:00:00Z	"23 тевет 5730\u202fг. AM"	
ru	{$n :date calendar=hebrew}	datetime 2006-01-02T15:04:06+05:30	"2 тевет 5766\u202fг. AM"	
ru	{$n :date calendar=hebrew}	datetime 2006-01-02T15:04:06	"2 тевет 5766\u202fг. AM"	
ru	{$n :date calendar=hebrew}	datetime 2000-02-29T00:00:00	"23 адар I 5760\u202fг. AM"	
ru	{$n :date calendar=hebrew}	datetime -000044-03-15T00:00:00	"16 адар II 3716\u202fг. AM"	
pl	{$n :datetime}	datetime 2006-01-02T15:04:06Z	"2 sty 2006, 15:04"	
pl	{$n :datetime}	datetime 2024-07-15T23:59:59Z	"15 lip 2024, 23:59"	
pl	{$n :datetime}	datetime 1970-01-01T00:00:00Z	"1 sty 1970, 00:00"	
pl	{$n :datetime}	datetime 2006-01-02T15:04:06+05:30	"2 sty 2006, 09:34"	
pl	{$n :datetime}	datetime 2006-01-02T15:04:06	"2 sty 2006, 15:04"	
pl	{$n :datetime}	datetime 2000-02-29T00:00:00	"29 lut 2000, 00:00"	
pl	{$n :datetime}	datetime -000044-03-15T00:00:00	"15 mar 45 p.n.e., 00:00"	
pl	{$n :datetime dateLength=long timePrecision=second}	datetime 2006-01-02T15:04:06Z	"2 stycznia 2006 15:04:06"	
pl	{$n :datetime dateLength=long timePrecision=second}	datetime 2024-07-15T23:59:59Z	"15 lipca 2024 23:59:59"	
pl	{$n :datetime dateLength=long timePrecision=second}	datetime 1970-01-01T00:00:00Z	"1 stycznia 1970 00:00:00"	
pl	{$n :datetime dateLength=long timePrecision=second}	datetime 2006-01-02T15:04:06+05:30	"2 stycznia 2006 09:34:06"	
pl	{$n :datetime dateLength=long timePrecision=second}	datetime 2006-01-02T15:04:06	"2 stycznia 2006 15:04:06"	
pl	{$n :datetime dateLength=long timePrecision=second}	datetime 2000-02-29T00:00:00	"29 lutego 2000 00:00:00"	
pl	{$n :datetime dateLength=long timePrecision=second}	datetime -000044-03-15T00:00:00	"15 marca 45 p.n.e. 00:00:00"	
pl	{$n :datetime dateLength=short timePrecision=hour}	datetime 2006-01-02T15:04:06Z	"02.01.2006, 15"	
pl	{$n :datetime dateLength=short timePrecision=hour}	datetime 2024-07-15T23:59:59Z	"15.07.2024, 23"	
pl	{$n :datetime dateLength=short timePrecision=hour}	datetime 1970-01-01T00:00:00Z	"01.01.1970, 00"	
pl	{$n :datetime dateLength=short timePrecision=hour}	datetime 2006-01-02T15:04:06+05:30	"02.01.2006, 09"	
pl	{$n :datetime dateLength=short timePrecision=hour}	datetime 2006-01-02T15:04:06	"02.01.2006, 15"	
pl	{$n :datetime dateLength=short timePrecision=hour}	datetime 2000-02-29T00:00:00	"29.02.2000, 00"	
pl	{$n :datetime dateLength=short timePrecision=hour}	datetime -000044-03-15T00:00:00	"15.03.45 p.n.e., 00"	
pl	{$n :date}	datetime 2006-01-02T15:04:06Z	"2 sty 2006"	
pl	{$n :date}	datetime 2024-07-15T23:59:59Z	"15 lip 2024"	
pl	{$n :date}	datetime 1970-01-01T00:00:00Z	"1 sty 1970"	
pl	{$n :date}	datetime 2006-01-02T15:04:06+05:30	"2 sty 2006"	
pl	{$n :date}	datetime 2006-01-02T15:04:06	"2 sty 2006"	
pl	{$n :date}	datetime 2000-02-29T00:00:00	"29 lut 2000"	
pl	{$n :date}	datetime -000044-03-15T00:00:00	"15 mar 45 p.n.e."	
pl	{$n :date length=long}	datetime 2006-01-02T15:04:06Z	"2 stycznia 2006"	
pl	{$n :date length=long}	datetime 2024-07-15T23:59:59Z	"15 lipca 2024"	
pl	{$n :date length=long}	datetime 1970-01-01T00:00:00Z	"1 stycznia 1970"	
pl	{$n :date length=long}	datetime 2006-01-02T15:04:06+05:30	"2 stycznia 2006"	
pl	{$n :date length=long}	datetime 2006-01-02T15:04:06	"2 stycznia 2006"	
pl	{$n :date length=long}	datetime 2000-02-29T00:00:00	"29 lutego 2000"	
pl	{$n :date length=long}	datetime -000044-03-15T00:00:00	"15 marca 45 p.n.e."	
pl	{$n :date length=short}	datetime 2006-01-02T15:04:06Z	"02.01.2006"	
pl	{$n :date length=short}	datetime 2024-07-15T23:59:59Z	"15.07.2024"	
pl	{$n :date length=short}	datetime 1970-01-01T00:00:00Z	"01.01.1970"	
pl	{$n :date length=short}	datetime 2006-01-02T15:04:06+05:30	"02.01.2006"	
pl	{$n :date length=short}	datetime 2006-01-02T15:04:06	"02.01.2006"	
pl	{$n :date length=short}	datetime 2000-02-29T00:00:00	"29.02.2000"	
pl	{$n :date length=short}	datetime -000044-03-15T00:00:00	"15.03.45 p.n.e."	
pl	{$n :date fields=year-month-day-weekday length=long}	datetime 2006-01-02T15:04:06Z	"poniedziałek, 2 stycznia 2006"	
pl	{$n :date fields=year-month-day-weekday length=long}	datetime 2024-07-15T23:59:59Z	"poniedziałek, 15 lipca 2024"	
pl	{$n :date fields=year-month-day-weekday length=long}	datetime 1970-01-01T00:00:00Z	"czwartek, 1 stycznia 1970"	
pl	{$n :date fields=year-month-day-weekday length=long}	datetime 2006-01-02T15:04:06+05:30	"poniedziałek, 2 stycznia 2006"	
pl	{$n :date fields=year-month-day-weekday length=long}	datetime 2006-01-02T15:04:06	"poniedziałek, 2 stycznia 2006"	
pl	{$n :date fields=year-month-day-weekday length=long}	datetime 2000-02-29T00:00:00	"wtorek, 29 lutego 2000"	
pl	{$n :date fields=year-month-day-weekday length=long}	datetime -000044-03-15T00:00:00	"czwartek, 15 marca 45 p.n.e."	
pl	{$n :date fields=month-day}	datetime 2006-01-02T15:04:06Z	"2 sty"	
pl	{$n :date fields=month-day}	datetime 2024-07-15T23:59:59Z	"15 lip"	
pl	{$n :date fields=month-day}	datetime 1970-01-01T00:00:00Z	"1 sty"	
pl	{$n :date fields=month-day}	datetime 2006-01-02T15:04:06+05:30	"2 sty"	
pl	{$n :date fields=month-day}	datetime 2006-01-02T15:04:06	"2 sty"	
pl	{$n :date fields=month-day}	datetime 2000-02-29T00:00:00	"29 lut"	
pl	{$n :date fields=month-day}	datetime -000044-03-15T00:00:00	"15 mar"	
pl	{$n :date fields=weekday length=long}	datetime 2006-01-02T15:04:06Z	"poniedziałek"	
pl	{$n :date fields=weekday length=long}	datetime 2024-07-15T23:59:59Z	"poniedziałek"	
pl	{$n :date fields=weekday length=long}	datetime 1970-01-01T00:00:00Z	"czwartek"	
pl	{$n :date fields=weekday length=long}	datetime 2006-01-02T15:04:06+05:30	"poniedziałek"	
pl	{$n :date fields=weekday length=long}	datetime 2006-01-02T15:04:06	"poniedziałek"	
pl	{$n :date fields=weekday length=long}	datetime 2000-02-29T00:00:00	"wtorek"	
pl	{$n :date fields=weekday length=long}	datetime -000044-03-15T00:00:00	"czwartek"	
pl	{$n :time}	datetime 2006-01-02T15:04:06Z	"15:04"	
pl	{$n :time}	datetime 2024-07-15T23:59:59Z	"23:59"	
pl	{$n :time}	datetime 1970-01-01T00:00:00Z	"00:00"	
pl	{$n :time}	datetime 2006-01-02T15:04:06+05:30	"09:34"	
pl	{$n :time}	datetime 2006-01-02T15:04:06	"15:04"	
pl	{$n :time}	datetime 2000-02-29T00:00:00	"00:00"	
pl	{$n :time}	datetime -000044-03-15T00:00:00	"00:00"	
pl	{$n :time precision=second}	datetime 2006-01-02T15:04:06Z	"15:04:06"	
pl	{$n :time precision=second}	datetime 2024-07-15T23:59:59Z	"23:59:59"	
pl	{$n :time precision=second}	datetime 1970-01-01T00:00:00Z	"00:00:00"	
pl	{$n :time precision=second}	datetime 2006-01-02T15:04:06+05:30	"09:34:06"	
pl	{$n :time precision=second}	datetime 2006-01-02T15:04:06	"15:04:06"	
pl	{$n :time precision=second}	datetime 2000-02-29T00:00:00	"00:00:00"	
pl	{$n :time precision=second}	datetime -000044-03-15T00:00:00	"00:00:00"	
pl	{$n :time hour12=true}	datetime 2006-01-02T15:04:06Z	"3:04 PM"	
pl	{$n :time hour12=true}	datetime 2024-07-15T23:59:59Z	"11:59 PM"	
pl	{$n :time hour12=true}	datetime 1970-01-01T00:00:00Z	"12:00 AM"	
pl	{$n :time hour12=true}	datetime 2006-01-02T15:04:06+05:30	"9:34 AM"	
pl	{$n :time hour12=true}	datetime 2006-01-02T15:04:06	"3:04 PM"	
pl	{$n :time hour12=true}	datetime 2000-02-29T00:00:00	"12:00 AM"	
pl	{$n :time hour12=true}	datetime -000044-03-15T00:00:00	"12:00 AM"	
pl	{$n :time hour12=false}	datetime 2006-01-02T15:04:06Z	"15:04"	
pl	{$n :time hour12=false}	datetime 2024-07-15T23:59:59Z	"23:59"	
pl	{$n :time hour12=false}	datetime 1970-01-01T00:00:00Z	"00:00"	
pl	{$n :time hour12=false}	datetime 2006-01-02T15:04:06+05:30	"09:34"	
pl	{$n :time hour12=false}	datetime 2006-01-02T15:04:06	"15:04"	
pl	{$n :time hour12=false}	datetime 2000-02-29T00:00:00	"00:00"	
pl	{$n :time hour12=false}	datetime -000044-03-15T00:00:00	"00:00"	
pl	{$n :datetime timeZone=UTC timeZoneStyle=short}	datetime 2006-01-02T15:04:06Z	"2 sty 2006, 15:04 UTC"	
pl	{$n :datetime timeZone=UTC timeZoneStyle=short}	datetime 2024-07-15T23:59:59Z	"15 lip 2024, 23:59 UTC"	
pl	{$n :datetime timeZone=UTC timeZoneStyle=short}	datetime 1970-01-01T00:00:00Z	"1 sty 1970, 00:00 UTC"	
pl	{$n :datetime timeZone=UTC timeZoneStyle=short}	datetime 2006-01-02T15:04:06+05:30	"2 sty 2006, 09:34 UTC"	
pl	{$n :datetime timeZone=UTC timeZoneStyle=short}	datetime 2006-01-02T15:04:06	"2 sty 2006, 15:04 UTC"	
pl	{$n :datetime timeZone=UTC timeZoneStyle=short}	datetime 2000-02-29T00:00:00	"29 lut 2000, 00:00 UTC"	
pl	{$n :datetime timeZone=UTC timeZoneStyle=short}	datetime -000044-03-15T00:00:00	"15 mar 45 p.n.e., 00:00 UTC"	
pl	{$n :datetime timeZone=|America/New_York| timeZoneStyle=long}	datetime 2006-01-02T15:04:06Z	"2 sty 2006, 10:04 czas wschodnioamerykański standardowy"	
pl	{$n :datetime timeZone=|America/New_York| timeZoneStyle=long}	datetime 2024-07-15T23:59:59Z	"15 lip 2024, 19:59 czas wschodnioamerykański letni"	
pl	{$n :datetime timeZone=|America/New_York| timeZoneStyle=long}	datetime 1970-01-01T00:00:00Z	"31 gru 1969, 19:00 czas wschodnioamerykański standardowy"	
pl	{$n :datetime timeZone=|America/New_York| timeZoneStyle=long}	datetime 2006-01-02T15:04:06+05:30	"2 sty 2006, 04:34 czas wschodnioamerykański standardowy"	
pl	{$n :datetime timeZone=|America/New_York| timeZoneStyle=long}	datetime 2006-01-02T15:04:06	"2 sty 2006, 15:04 czas wschodnioamerykański standardowy"	
pl	{$n :datetime timeZone=|America/New_York| timeZoneStyle=long}	datetime 2000-02-29T00:00:00	"29 lut 2000, 00:00 czas wschodnioamerykański standardowy"	
pl	{$n :datetime timeZone=|America/New_York| timeZoneStyle=long}	datetime -000044-03-15T00:00:00	"15 mar 45 p.n.e., 00:00 GMT-04:56:02"	
pl	{$n :time timeZone=|Asia/Kolkata| timeZoneStyle=short}	datetime 2006-01-02T15:04:06Z	"20:34 GMT+5:30"	
pl	{$n :time timeZone=|Asia/Kolkata| timeZoneStyle=short}	datetime 2024-07-15T23:59:59Z	"05:29 GMT+5:30"	
pl	{$n :time timeZone=|Asia/Kolkata| timeZoneStyle=short}	datetime 1970-01-01T00:00:00Z	"05:30 GMT+5:30"	
pl	{$n :time timeZone=|Asia/Kolkata| timeZoneStyle=short}	datetime 2006-01-02T15:04:06+05:30	"15:04 GMT+5:30"	
pl	{$n :time timeZone=|Asia/Kolkata| timeZoneStyle=short}	datetime 2006-01-02T15:04:06	"15:04 GMT+5:30"	
pl	{$n :time timeZone=|Asia/Kolkata| timeZoneStyle=short}	datetime 2000-02-29T00:00:00	"00:00 GMT+5:30"	
pl	{$n :time timeZone=|Asia/Kolkata| timeZoneStyle=short}	datetime -000044-03-15T00:00:00	"00:00 GMT+5:53:28"	
pl	{$n :datetime timeZone=|+05:45|}	datetime 2006-01-02T15:04:06Z	"2 sty 2006, 20:49"	
pl	{$n :datetime timeZone=|+05:45|}	datetime 2024-07-15T23:59:59Z	"16 lip 2024, 05:44"	
pl	{$n :datetime timeZone=|+05:45|}	datetime 1970-01-01T00:00:00Z	"1 sty 1970, 05:45"	
pl	{$n :datetime timeZone=|+05:45|}	datetime 2006-01-02T15:04:06+05:30	"2 sty 2006, 15:19"	
pl	{$n :datetime timeZone=|+05:45|}	datetime 2006-01-02T15:04:06	"2 sty 2006, 15:04"	
pl	{$n :datetime timeZone=|+05:45|}	datetime 2000-02-29T00:00:00	"29 lut 2000, 00:00"	
pl	{$n :datetime timeZone=|+05:45|}	datetime -000044-03-15T00:00:00	"15 mar 45 p.n.e., 00:00"	
pl	{$n :date calendar=japanese length=long}	datetime 2006-01-02T15:04:06Z	"2 stycznia 18 Heisei"	
pl	{$n :date calendar=japanese length=long}	datetime 2024-07-15T23:59:59Z	"15 lipca 6 Reiwa"	
pl	{$n :date calendar=japanese length=long}	datetime 1970-01-01T00:00:00Z	"1 stycznia 45 Shōwa"	
pl	{$n :date calendar=japanese length=long}	datetime 2006-01-02T15:04:06+05:30	"2 stycznia 18 Heisei"	
pl	{$n :date calendar=japanese length=long}	datetime 2006-01-02T15:04:06	"2 stycznia 18 Heisei"	
pl	{$n :date calendar=japanese length=long}	datetime 2000-02-29T00:00:00	"29 lutego 12 Heisei"	
pl	{$n :date calendar=japanese length=long}	datetime -000044-03-15T00:00:00	"15 marca 45 p.n.e."	
pl	{$n :date calendar=hebrew}	datetime 2006-01-02T15:04:06Z	"2 Tewet 5766 AM"	
pl	{$n :date calendar=hebrew}	datetime 2024-07-15T23:59:59Z	"9 Tamuz 5784 AM"	
pl	{$n :date calendar=hebrew}	datetime 1970-01-01T00:00:00Z	"23 Tewet 5730 AM"	
pl	{$n :date calendar=hebrew}	datetime 2006-01-02T15:04:06+05:30	"2 Tewet 5766 AM"	
pl	{$n :date calendar=hebrew}	datetime 2006-01-02T15:04:06	"2 Tewet 5766 AM"	
pl	{$n :date calendar=hebrew}	datetime 2000-02-29T00:00:00	"23 Adar I 5760 AM"	
pl	{$n :date calendar=hebrew}	datetime -000044-03-15T00:00:00	"16 Adar II 3716 AM"	
cy	{$n :datetime}	datetime 2006-01-02T15:04:06Z	"2 Ion 2006, 15:04"	
cy	{$n :datetime}	datetime 2024-07-15T23:59:59Z	"15 Gorff 2024, 23:59"	
cy	{$n :datetime}	datetime 1970-01-01T00:00:00Z	"1 Ion 1970, 00:00"	
cy	{$n :datetime}	datetime 2006-01-02T15:04:06+05:30	"2 Ion 2006, 09:34"	
cy	{$n :datetime}	datetime 2006-01-02T15:04:06	"2 Ion 2006, 15:04"	
cy	{$n :datetime}	datetime 2000-02-29T00:00:00	"29 Chwef 2000, 00:00"	
cy	{$n :datetime}	datetime -000044-03-15T00:00:00	"15 Maw 45 CC, 00:00"	
cy	{$n :datetime dateLength=long timePrecision=second}	datetime 2006-01-02T15:04:06Z	"2 Ionawr 2006 am 15:04:06"	
cy	{$n :datetime dateLength=long timePrecision=second}	datetime 2024-07-15T23:59:59Z	"15 Gorffennaf 2024 am 23:59:59"	
cy	{$n :datetime dateLength=long timePrecision=second}	datetime 1970-01-01T00:00:00Z	"1 Ionawr 1970 am 00:00:00"	
cy	{$n :datetime dateLength=long timePrecision=second}	datetime 2006-01-02T15:04:06+05:30	"2 Ionawr 2006 am 09:34:06"	
cy	{$n :datetime dateLength=long timePrecision=second}	datetime 2006-01-02T15:04:06	"2 Ionawr 2006 am 15:04:06"	
cy	{$n :datetime dateLength=long timePrecision=second}	datetime 2000-02-29T00:00:00	"29 Chwefror 2000 am 00:00:00"	
cy	{$n :datetime dateLength=long timePrecision=second}	datetime -000044-03-15T00:00:00	"15 Mawrth 45 CC am 00:00:00"	
cy	{$n :datetime dateLength=short timePrecision=hour}	datetime 2006-01-02T15:04:06Z	"02/01/06, 15"	
cy	{$n :datetime dateLength=short timePrecision=hour}	datetime 2024-07-15T23:59:59Z	"15/07/24, 23"	
cy	{$n :datetime dateLength=short timePrecision=hour}	datetime 1970-01-01T00:00:00Z	"01/01/70, 00"	
cy	{$n :datetime dateLength=short timePrecision=hour}	datetime 2006-01-02T15:04:06+05:30	"02/01/06, 09"	
cy	{$n :datetime dateLength=short timePrecision=hour}	datetime 2006-01-02T15:04:06	"02/01/06, 15"	
cy	{$n :datetime dateLength=short timePrecision=hour}	datetime 2000-02-29T00:00:00	"29/02/00, 00"	
cy	{$n :datetime dateLength=short timePrecision=hour}	datetime -000044-03-15T00:00:00	"03/15/45 CC, 00"	
cy	{$n :date}	datetime 2006-01-02T15:04:06Z	"2 Ion 2006"	
cy	{$n :date}	datetime 2024-07-15T23:59:59Z	"15 Gorff 2024"	
cy	{$n :date}	datetime 1970-01-01T00:00:00Z	"1 Ion 1970"	
cy	{$n :date}	datetime 2006-01-02T15:04:06+05:30	"2 Ion 2006"	
cy	{$n :date}	datetime 2006-01-02T15:04:06	"2 Ion 2006"	
cy	{$n :date}	datetime 2000-02-29T00:00:00	"29 Chwef 2000"	
cy	{$n :date}	datetime -000044-03-15T00:00:00	"15 Maw 45 CC"	
cy	{$n :date length=long}	datetime 2006-01-02T15:04:06Z	"2 Ionawr 2006"	
cy	{$n :date length=long}	datetime 2024-07-15T23:59:59Z	"15 Gorffennaf 2024"	
cy	{$n :date length=long}	datetime 1970-01-01T00:00:00Z	"1 Ionawr 1970"	
cy	{$n :date length=long}	datetime 2006-01-02T15:04:06+05:30	"2 Ionawr 2006"	
cy	{$n :date length=long}	datetime 2006-01-02T15:04:06	"2 Ionawr 2006"	
cy	{$n :date length=long}	datetime 2000-02-29T00:00:00	"29 Chwefror 2000"	
cy	{$n :date length=long}	datetime -000044-03-15T00:00:00	"15 Mawrth 45 CC"	
cy	{$n :date length=short}	datetime 2006-01-02T15:04:06Z	"02/01/06"	
cy	{$n :date length=short}	datetime 2024-07-15T23:59:59Z	"15/07/24"	
cy	{$n :date length=short}	datetime 1970-01-01T00:00:00Z	"01/01/70"	
cy	{$n :date length=short}	datetime 2006-01-02T15:04:06+05:30	"02/01/06"	
cy	{$n :date length=short}	datetime 2006-01-02T15:04:06	"02/01/06"	
cy	{$n :date length=short}	datetime 2000-02-29T00:00:00	"29/02/00"	
cy	{$n :date length=short}	datetime -000044-03-15T00:00:00	"03/15/45 CC"	
cy	{$n :date fields=year-month-day-weekday length=long}	datetime 2006-01-02T15:04:06Z	"Dydd Llun, 2 Ionawr 2006"	
cy	{$n :date fields=year-month-day-weekday length=long}	datetime 2024-07-15T23:59:59Z	"Dydd Llun, 15 Gorffennaf 2024"	
cy	{$n :date fields=year-month-day-weekday length=long}	datetime 1970-01-01T00:00:00Z	"Dydd Iau, 1 Ionawr 1970"	
cy	{$n :date fields=year-month-day-weekday length=long}	datetime 2006-01-02T15:04:06+05:30	"Dydd Llun, 2 Ionawr 2006"	
cy	{$n :date fields=year-month-day-weekday length=long}	datetime 2006-01-02T15:04:06	"Dydd Llun, 2 Ionawr 2006"	
cy	{$n :date fields=year-month-day-weekday length=long}	datetime 2000-02-29T00:00:00	"Dydd Mawrth, 29 Chwefror 2000"	
cy	{$n :date fields=year-month-day-weekday length=long}	datetime -000044-03-15T00:00:00	"Dydd Iau, 15 Mawrth 45 CC"	
cy	{$n :date fields=month-day}	datetime 2006-01-02T15:04:06Z	"2 Ion"	
cy	{$n :date fields=month-day}	datetime 2024-07-15T23:59:59Z	"15 Gorff"	
cy	{$n :date fields=month-day}	datetime 1970-01-01T00:00:00Z	"1 Ion"	
cy	{$n :date fields=month-day}	datetime 2006-01-02T15:04:06+05:30	"2 Ion"	
cy	{$n :date fields=month-day}	datetime 2006-01-02T15:04:06	"2 Ion"	
cy	{$n :date fields=month-day}	datetime 2000-02-29T00:00:00	"29 Chwef"	
cy	{$n :date fields=month-day}	datetime -000044-03-15T00:00:00	"15 Maw"	
cy	{$n :date fields=weekday length=long}	datetime 2006-01-02T15:04:06Z	"Dydd Llun"	
cy	{$n :date fields=weekday length=long}	datetime 2024-07-15T23:59:59Z	"Dydd Llun"	
cy	{$n :date fields=weekday length=long}	datetime 1970-01-01T00:00:00Z	"Dydd Iau"	
cy	{$n :date fields=weekday length=long}	datetime 2006-01-02T15:04:06+05:30	"Dydd Llun"	
cy	{$n :date fields=weekday length=long}	datetime 2006-01-02T15:04:06	"Dydd Llun"	
cy	{$n :date fields=weekday length=long}	datetime 2000-02-29T00:00:00	"Dydd Mawrth"	
cy	{$n :date fields=weekday length=long}	datetime -000044-03-15T00:00:00	"Dydd Iau"	
cy	{$n :time}	datetime 2006-01-02T15:04:06Z	"15:04"	
cy	{$n :time}	datetime 2024-07-15T23:59:59Z	"23:59"	
cy	{$n :time}	datetime 1970-01-01T00:00:00Z	"00:00"	
cy	{$n :time}	datetime 2006-01-02T15:04:06+05:30	"09:34"	
cy	{$n :time}	datetime 2006-01-02T15:04:06	"15:04"	
cy	{$n :time}	datetime 2000-02-29T00:00:00	"00:00"	
cy	{$n :time}	datetime -000044-03-15T00:00:00	"00:00"	
cy	{$n :time precision=second}	datetime 2006-01-02T15:04:06Z	"15:04:06"	
cy	{$n :time precision=second}	datetime 2024-07-15T23:59:59Z	"23:59:59"	
cy	{$n :time precision=second}	datetime 1970-01-01T00:00:00Z	"00:00:00"	
cy	{$n :time precision=second}	datetime 2006-01-02T15:04:06+05:30	"09:34:06"	
cy	{$n :time precision=second}	datetime 2006-01-02T15:04:06	"15:04:06"	
cy	{$n :time precision=second}	datetime 2000-02-29T00:00:00	"00:00:00"	
cy	{$n :time precision=second}	datetime -000044-03-15T00:00:00	"00:00:00"	
cy	{$n :time hour12=true}	datetime 2006-01-02T15:04:06Z	"3:04\u202fPM"	
cy	{$n :time hour12=true}	datetime 2024-07-15T23:59:59Z	"11:59\u202fPM"	
cy	{$n :time hour12=true}	datetime 1970-01-01T00:00:00Z	"12:00\u202fAM"	
cy	{$n :time hour12=true}	datetime 2006-01-02T15:04:06+05:30	"9:34\u202fAM"	
cy	{$n :time hour12=true}	datetime 2006-01-02T15:04:06	"3:04\u202fPM"	
cy	{$n :time hour12=true}	datetime 2000-02-29T00:00:00	"12:00\u202fAM"	
cy	{$n :time hour12=true}	datetime -000044-03-15T00:00:00	"12:00\u202fAM"	
cy	{$n :time hour12=false}	datetime 2006-01-02T15:04:06Z	"15:04"	
cy	{$n :time hour12=false}	datetime 2024-07-15T23:59:59Z	"23:59"	
cy	{$n :time hour12=false}	datetime 1970-01-01T00:00:00Z	"00:00"	
cy	{$n :time hour12=false}	datetime 2006-01-02T15:04:06+05:30	"09:34"	
cy	{$n :time hour12=false}	datetime 2006-01-02T15:04:06	"15:04"	
cy	{$n :time hour12=false}	datetime 2000-02-29T00:00:00	"00:00"	
cy	{$n :time hour12=false}	datetime -000044-03-15T00:00:00	"00:00"	
cy	{$n :datetime timeZone=UTC timeZoneStyle=short}	datetime 2006-01-02T15:04:06Z	"2 Ion 2006, 15:04 UTC"	
cy	{$n :datetime timeZone=UTC timeZoneStyle=short}	datetime 2024-07-15T23:59:59Z	"15 Gorff 2024, 23:59 UTC"	
cy	{$n :datetime timeZone=UTC timeZoneStyle=short}	datetime 1970-01-01T00:00:00Z	"1 Ion 1970, 00:00 UTC"	
cy	{$n :datetime timeZone=UTC timeZoneStyle=short}	datetime 2006-01-02T15:04:06+05:30	"2 Ion 2006, 09:34 UTC"	
cy	{$n :datetime timeZone=UTC timeZoneStyle=short}	datetime 2006-01-02T15:04:06	"2 Ion 2006, 15:04 UTC"	
cy	{$n :datetime timeZone=UTC timeZoneStyle=short}	datetime 2000-02-29T00:00:00	"29 Chwef 2000, 00:00 UTC"	
cy	{$n :datetime timeZone=UTC timeZoneStyle=short}	datetime -000044-03-15T00:00:00	"15 Maw 45 CC, 00:00 UTC"	
cy	{$n :datetime timeZone=|America/New_York| timeZoneStyle=long}	datetime 2006-01-02T15:04:06Z	"2 Ion 2006, 10:04 Amser Safonol Dwyrain Gogledd America"	
cy	{$n :datetime timeZone=|America/New_York| timeZoneStyle=long}	datetime 2024-07-15T23:59:59Z	"15 Gorff 2024, 19:59 Amser Haf Dwyrain Gogledd America"	
cy	{$n :datetime timeZone=|America/New_York| timeZoneStyle=long}	datetime 1970-01-01T00:00:00Z	"31 Rhag 1969, 19:00 Amser Safonol Dwyrain Gogledd America"	
cy	{$n :datetime timeZone=|America/New_York| timeZoneStyle=long}	datetime 2006-01-02T15:04:06+05:30	"2 Ion 2006, 04:34 Amser Safonol Dwyrain Gogledd America"	
cy	{$n :datetime timeZone=|America/New_York| timeZoneStyle=long}	datetime 2006-01-02T15:04:06	"2 Ion 2006, 15:04 Amser Safonol Dwyrain Gogledd America"	
cy	{$n :datetime timeZone=|America/New_York| timeZoneStyle=long}	datetime 2000-02-29T00:00:00	"29 Chwef 2000, 00:00 Amser Safonol Dwyrain Gogledd America"	
cy	{$n :datetime timeZone=|America/New_York| timeZoneStyle=long}	datetime -000044-03-15T00:00:00	"15 Maw 45 CC, 00:00 GMT-04:56:02"	
cy	{$n :time timeZone=|Asia/Kolkata| timeZoneStyle=short}	datetime 2006-01-02T15:04:06Z	"20:34 GMT+5:30"	
cy	{$n :time timeZone=|Asia/Kolkata| timeZoneStyle=short}	datetime 2024-07-15T23:59:59Z	"05:29 GMT+5:30"	
cy	{$n :time timeZone=|Asia/Kolkata| timeZoneStyle=short}	datetime 1970-01-01T00:00:00Z	"05:30 GMT+5:30"	
cy	{$n :time timeZone=|Asia/Kolkata| timeZoneStyle=short}	datetime 2006-01-02T15:04:06+05:30	"15:04 GMT+5:30"	
cy	{$n :time timeZone=|Asia/Kolkata| timeZoneStyle=short}	datetime 2006-01-02T15:04:06	"15:04 GMT+5:30"	
cy	{$n :time timeZone=|Asia/Kolkata| timeZoneStyle=short}	datetime 2000-02-29T00:00:00	"00:00 GMT+5:30"	
cy	{$n :time timeZone=|Asia/Kolkata| timeZoneStyle=short}	datetime -000044-03-15T00:00:00	"00:00 GMT+5:53:28"	
cy	{$n :datetime timeZone=|+05:45|}	datetime 2006-01-02T15:04:06Z	"2 Ion 2006, 20:49"	
cy	{$n :datetime timeZone=|+05:45|}	datetime 2024-07-15T23:59:59Z	"16 Gorff 2024, 05:44"	
cy	{$n :datetime timeZone=|+05:45|}	datetime 1970-01-01T00:00:00Z	"1 Ion 1970, 05:45"	
cy	{$n :datetime timeZone=|+05:45|}	datetime 2006-01-02T15:04:06+05:30	"2 Ion 2006, 15:19"	
cy	{$n :datetime timeZone=|+05:45|}	datetime 2006-01-02T15:04:06	"2 Ion 2006, 15:04"	
cy	{$n :datetime timeZone=|+05:45|}	datetime 2000-02-29T00:00:00	"29 Chwef 2000, 00:00"	
cy	{$n :datetime timeZone=|+05:45|}	datetime -000044-03-15T00:00:00	"15 Maw 45 CC, 00:00"	
cy	{$n :date calendar=japanese length=long}	datetime 2006-01-02T15:04:06Z	"2 Ionawr 18 Heisei"	
cy	{$n :date calendar=japanese length=long}	datetime 2024-07-15T23:59:59Z	"15 Gorffennaf 6 Reiwa"	
cy	{$n :date calendar=japanese length=long}	datetime 1970-01-01T00:00:00Z	"1 Ionawr 45 Shōwa"	
cy	{$n :date calendar=japanese length=long}	datetime 2006-01-02T15:04:06+05:30	"2 Ionawr 18 Heisei"	
cy	{$n :date calendar=japanese length=long}	datetime 2006-01-02T15:04:06	"2 Ionawr 18 Heisei"	
cy	{$n :date calendar=japanese length=long}	datetime 2000-02-29T00:00:00	"29 Chwefror 12 Heisei"	
cy	{$n :date calendar=japanese length=long}	datetime -000044-03-15T00:00:00	"15 Mawrth 45 CC"	
cy	{$n :date calendar=hebrew}	datetime 2006-01-02T15:04:06Z	"2 Tevet 5766 AM"	
cy	{$n :date calendar=hebrew}	datetime 2024-07-15T23:59:59Z	"9 Tamuz 5784 AM"	
cy	{$n :date calendar=hebrew}	datetime 1970-01-01T00:00:00Z	"23 Tevet 5730 AM"	
cy	{$n :date calendar=hebrew}	datetime 2006-01-02T15:04:06+05:30	"2 Tevet 5766 AM"	
cy	{$n :date calendar=hebrew}	datetime 2006-01-02T15:04:06	"2 Tevet 5766 AM"	
cy	{$n :date calendar=hebrew}	datetime 2000-02-29T00:00:00	"23 Adar I 5760 AM"	
cy	{$n :date calendar=hebrew}	datetime -000044-03-15T00:00:00	"16 Adar II 3716 AM"	
ar-EG	{$n :datetime}	datetime 2006-01-02T15:04:06Z	"٠٢\u200f/٠١\u200f/٢٠٠٦، ٣:٠٤ م"	
ar-EG	{$n :datetime}	datetime 2024-07-15T23:59:59Z	"١٥\u200f/٠٧\u200f/٢٠٢٤، ١١:٥٩ م"	
ar-EG	{$n :datetime}	datetime 1970-01-01T00:00:00Z	"٠١\u200f/٠١\u200f/١٩٧٠، ١٢:٠٠ ص"	
ar-EG	{$n :datetime}	datetime 2006-01-02T15:04:06+05:30	"٠٢\u200f/٠١\u200f/٢٠٠٦، ٩:٣٤ ص"	
ar-EG	{$n :datetime}	datetime 2006-01-02T15:04:06	"٠٢\u200f/٠١\u200f/٢٠٠٦، ٣:٠٤ م"	
ar-EG	{$n :datetime}	datetime 2000-02-29T00:00:00	"٢٩\u200f/٠٢\u200f/٢٠٠٠، ١٢:٠٠ ص"	
ar-EG	{$n :datetime}	datetime -000044-03-15T00:00:00	"١٥-٠٣-٤٥ ق.م، ١٢:٠٠ ص"	
ar-EG	{$n :datetime dateLength=long timePrecision=second}	datetime 2006-01-02T15:04:06Z	"٢ يناير ٢٠٠٦ في ٣:٠٤:٠٦ م"	
ar-EG	{$n :datetime dateLength=long timePrecision=second}	datetime 2024-07-15T23:59:59Z	"١٥ يوليو ٢٠٢٤ في ١١:٥٩:٥٩ م"	
ar-EG	{$n :datetime dateLength=long timePrecision=second}	datetime 1970-01-01T00:00:00Z	"١ يناير ١٩٧٠ في ١٢:٠٠:٠٠ ص"	
ar-EG	{$n :datetime dateLength=long timePrecision=second}	datetime 2006-01-02T15:04:06+05:30	"٢ يناير ٢٠٠٦ في ٩:٣٤:٠٦ ص"	
ar-EG	{$n :datetime dateLength=long timePrecision=second}	datetime 2006-01-02T15:04:06	"٢ يناير ٢٠٠٦ في ٣:٠٤:٠٦ م"	
ar-EG	{$n :datetime dateLength=long timePrecision=second}	datetime 2000-02-29T00:00:00	"٢٩ فبراير ٢٠٠٠ في ١٢:٠٠:٠٠ ص"	
ar-EG	{$n :datetime dateLength=long timePrecision=second}	datetime -000044-03-15T00:00:00	"١٥ مارس ٤٥ ق.م في ١٢:٠٠:٠٠ ص"	
ar-EG	{$n :datetime dateLength=short timePrecision=hour}	datetime 2006-01-02T15:04:06Z	"٢\u200f/١\u200f/٢٠٠٦، ٣\u202fم"	
ar-EG	{$n :datetime dateLength=short timePrecision=hour}	datetime 2024-07-15T23:59:59Z	"١٥\u200f/٧\u200f/٢٠٢٤، ١١\u202fم"	
ar-EG	{$n :datetime dateLength=short timePrecision=hour}	datetime 1970-01-01T00:00:00Z	"١\u200f/١\u200f/١٩٧٠، ١٢\u202fص"	
ar-EG	{$n :datetime dateLength=short timePrecision=hour}	datetime 2006-01-02T15:04:06+05:30	"٢\u200f/١\u200f/٢٠٠٦، ٩\u202fص"	
ar-EG	{$n :datetime dateLength=short timePrecision=hour}	datetime 2006-01-02T15:04:06	"٢\u200f/١\u200f/٢٠٠٦، ٣\u202fم"	
ar-EG	{$n :datetime dateLength=short timePrecision=hour}	datetime 2000-02-29T00:00:00	"٢٩\u200f/٢\u200f/٢٠٠٠، ١٢\u202fص"	
ar-EG	{$n :datetime dateLength=short timePrecision=hour}	datetime -000044-03-15T00:00:00	"١٥-٣-٤٥ ق.م، ١٢\u202fص"	
ar-EG	{$n :date}	datetime 2006-01-02T15:04:06Z	"٠٢\u200f/٠١\u200f/٢٠٠٦"	
ar-EG	{$n :date}	datetime 2024-07-15T23:59:59Z	"١٥\u200f/٠٧\u200f/٢٠٢٤"	
ar-EG	{$n :date}	datetime 1970-01-01T00:00:00Z	"٠١\u200f/٠١\u200f/١٩٧٠"	
ar-EG	{$n :date}	datetime 2006-01-02T15:04:06+05:30	"٠٢\u200f/٠١\u200f/٢٠٠٦"	
ar-EG	{$n :date}	datetime 2006-01-02T15:04:06	"٠٢\u200f/٠١\u200f/٢٠٠٦"	
ar-EG	{$n :date}	datetime 2000-02-29T00:00:00	"٢٩\u200f/٠٢\u200f/٢٠٠٠"	
ar-EG	{$n :date}	datetime -000044-03-15T00:00:00	"١٥-٠٣-٤٥ ق.م"	
ar-EG	{$n :date length=long}	datetime 2006-01-02T15:04:06Z	"٢ يناير ٢٠٠٦"	
ar-EG	{$n :date length=long}	datetime 2024-07-15T23:59:59Z	"١٥ يوليو ٢٠٢٤"	
ar-EG	{$n :date length=long}	datetime 1970-01-01T00:00:00Z	"١ يناير ١٩٧٠"	
ar-EG	{$n :date length=long}	datetime 2006-01-02T15:04:06+05:30	"٢ يناير ٢٠٠٦"	
ar-EG	{$n :date length=long}	datetime 2006-01-02T15:04:06	"٢ يناير ٢٠٠٦"	
ar-EG	{$n :date length=long}	datetime 2000-02-29T00:00:00	"٢٩ فبراير ٢٠٠٠"	
ar-EG	{$n :date length=long}	datetime -000044-03-15T00:00:00	"١٥ مارس ٤٥ ق.م"	
ar-EG	{$n :date length=short}	datetime 2006-01-02T15:04:06Z	"٢\u200f/١\u200f/٢٠٠٦"	
ar-EG	{$n :date length=short}	datetime 2024-07-15T23:59:59Z	"١٥\u200f/٧\u200f/٢٠٢٤"	
ar-EG	{$n :date length=short}	datetime 1970-01-01T00:00:00Z	"١\u200f/١\u200f/١٩٧٠"	
ar-EG	{$n :date length=short}	datetime 2006-01-02T15:04:06+05:30	"٢\u200f/١\u200f/٢٠٠٦"	
ar-EG	{$n :date length=short}	datetime 2006-01-02T15:04:06	"٢\u200f/١\u200f/٢٠٠٦"	
ar-EG	{$n :date length=short}	datetime 2000-02-29T00:00:00	"٢٩\u200f/٢\u200f/٢٠٠٠"	
ar-EG	{$n :date length=short}	datetime -000044-03-15T00:00:00	"١٥-٣-٤٥ ق.م"	
ar-EG	{$n :date fields=year-month-day-weekday length=long}	datetime 2006-01-02T15:04:06Z	"الاثنين، ٢ يناير ٢٠٠٦"	
ar-EG	{$n :date fields=year-month-day-weekday length=long}	datetime 2024-07-15T23:59:59Z	"الاثنين، ١٥ يوليو ٢٠٢٤"	
ar-EG	{$n :date fields=year-month-day-weekday length=long}	datetime 1970-01-01T00:00:00Z	"الخميس، ١ يناير ١٩٧٠"	
ar-EG	{$n :date fields=year-month-day-weekday length=long}	datetime 2006-01-02T15:04:06+05:30	"الاثنين، ٢ يناير ٢٠٠٦"	
ar-EG	{$n :date fields=year-month-day-weekday length=long}	datetime 2006-01-02T15:04:06	"الاثنين، ٢ يناير ٢٠٠٦"	
ar-EG	{$n :date fields=year-month-day-weekday length=long}	datetime 2000-02-29T00:00:00	"الثلاثاء، ٢٩ فبراير ٢٠٠٠"	
ar-EG	{$n :date fields=year-month-day-weekday length=long}	datetime -000044-03-15T00:00:00	"الخميس، ١٥ مارس ٤٥ ق.م"	
ar-EG	{$n :date fields=month-day}	datetime 2006-01-02T15:04:06Z	"٠٢\u200f/٠١"	
ar-EG	{$n :date fields=month-day}	datetime 2024-07-15T23:59:59Z	"١٥\u200f/٠٧"	
ar-EG	{$n :date fields=month-day}	datetime 1970-01-01T00:00:00Z	"٠١\u200f/٠١"	
ar-EG	{$n :date fields=month-day}	datetime 2006-01-02T15:04:06+05:30	"٠٢\u200f/٠١"	
ar-EG	{$n :date fields=month-day}	datetime 2006-01-02T15:04:06	"٠٢\u200f/٠١"	
ar-EG	{$n :date fields=month-day}	datetime 2000-02-29T00:00:00	"٢٩\u200f/٠٢"	
ar-EG	{$n :date fields=month-day}	datetime -000044-03-15T00:00:00	"١٥\u200f/٠٣"	
ar-EG	{$n :date fields=weekday length=long}	datetime 2006-01-02T15:04:06Z	"الاثنين"	
ar-EG	{$n :date fields=weekday length=long}	datetime 2024-07-15T23:59:59Z	"الاثنين"	
ar-EG	{$n :date fields=weekday length=long}	datetime 1970-01-01T00:00:00Z	"الخميس"	
ar-EG	{$n :date fields=weekday length=long}	datetime 2006-01-02T15:04:06+05:30	"الاثنين"	
ar-EG	{$n :date fields=weekday length=long}	datetime 2006-01-02T15:04:06	"الاثنين"	
ar-EG	{$n :date fields=weekday length=long}	datetime 2000-02-29T00:00:00	"الثلاثاء"	
ar-EG	{$n :date fields=weekday length=long}	datetime -000044-03-15T00:00:00	"الخميس"	
ar-EG	{$n :time}	datetime 2006-01-02T15:04:06Z	"٣:٠٤ م"	
ar-EG	{$n :time}	datetime 2024-07-15T23:59:59Z	"١١:٥٩ م"	
ar-EG	{$n :time}	datetime 1970-01-01T00:00:00Z	"١٢:٠٠ ص"	
ar-EG	{$n :time}	datetime 2006-01-02T15:04:06+05:30	"٩:٣٤ ص"	
ar-EG	{$n :time}	datetime 2006-01-02T15:04:06	"٣:٠٤ م"	
ar-EG	{$n :time}	datetime 2000-02-29T00:00:00	"١٢:٠٠ ص"	
ar-EG	{$n :time}	datetime -000044-03-15T00:00:00	"١٢:٠٠ ص"	
ar-EG	{$n :time precision=second}	datetime 2006-01-02T15:04:06Z	"٣:٠٤:٠٦ م"	
ar-EG	{$n :time precision=second}	datetime 2024-07-15T23:59:59Z	"١١:٥٩:٥٩ م"	
ar-EG	{$n :time precision=second}	datetime 1970-01-01T00:00:00Z	"١٢:٠٠:٠٠ ص"	
ar-EG	{$n :time precision=second}	datetime 2006-01-02T15:04:06+05:30	"٩:٣٤:٠٦ ص"	
ar-EG	{$n :time precision=second}	datetime 2006-01-02T15:04:06	"٣:٠٤:٠٦ م"	
ar-EG	{$n :time precision=second}	datetime 2000-02-29T00:00:00	"١٢:٠٠:٠٠ ص"	
ar-EG	{$n :time precision=second}	datetime -000044-03-15T00:00:00	"١٢:٠٠:٠٠ ص"	
ar-EG	{$n :time hour12=true}	datetime 2006-01-02T15:04:06Z	"٣:٠٤ م"	
ar-EG	{$n :time hour12=true}	datetime 2024-07-15T23:59:59Z	"١١:٥٩ م"	
ar-EG	{$n :time hour12=true}	datetime 1970-01-01T00:00:00Z	"١٢:٠٠ ص"	
ar-EG	{$n :time hour12=true}	datetime 2006-01-02T15:04:06+05:30	"٩:٣٤ ص"	
ar-EG	{$n :time hour12=true}	datetime 2006-01-02T15:04:06	"٣:٠٤ م"	
ar-EG	{$n :time hour12=true}	datetime 2000-02-29T00:00:00	"١٢:٠٠ ص"	
ar-EG	{$n :time hour12=true}	datetime -000044-03-15T00:00:00	"١٢:٠٠ ص"	
ar-EG	{$n :time hour12=false}	datetime 2006-01-02T15:04:06Z	"١٥:٠٤"	
ar-EG	{$n :time hour12=false}	datetime 2024-07-15T23:59:59Z	"٢٣:٥٩"	
ar-EG	{$n :time hour12=false}	datetime 1970-01-01T00:00:00Z	"٠٠:٠٠"	
ar-EG	{$n :time hour12=false}	datetime 2006-01-02T15:04:06+05:30	"٠٩:٣٤"	
ar-EG	{$n :time hour12=false}	datetime 2006-01-02T15:04:06	"١٥:٠٤"	
ar-EG	{$n :time hour12=false}	datetime 2000-02-29T00:00:00	"٠٠:٠٠"	
ar-EG	{$n :time hour12=false}	datetime -000044-03-15T00:00:00	"٠٠:٠٠"	
ar-EG	{$n :datetime timeZone=UTC timeZoneStyle=short}	datetime 2006-01-02T15:04:06Z	"٠٢\u200f/٠١\u200f/٢٠٠٦، ٣:٠٤ م UTC"	
ar-EG	{$n :datetime timeZone=UTC timeZoneStyle=short}	datetime 2024-07-15T23:59:59Z	"١٥\u200f/٠٧\u200f/٢٠٢٤، ١١:٥٩ م UTC"	
ar-EG	{$n :datetime timeZone=UTC timeZoneStyle=short}	datetime 1970-01-01T00:00:00Z	"٠١\u200f/٠١\u200f/١٩٧٠، ١٢:٠٠ ص UTC"	
ar-EG	{$n :datetime timeZone=UTC timeZoneStyle=short}	datetime 2006-01-02T15:04:06+05:30	"٠٢\u200f/٠١\u200f/٢٠٠٦، ٩:٣٤ ص UTC"	
ar-EG	{$n :datetime timeZone=UTC timeZoneStyle=short}	datetime 2006-01-02T15:04:06	"٠٢\u200f/٠١\u200f/٢٠٠٦، ٣:٠٤ م UTC"	
ar-EG	{$n :datetime timeZone=UTC timeZoneStyle=short}	datetime 2000-02-29T00:00:00	"٢٩\u200f/٠٢\u200f/٢٠٠٠، ١٢:٠٠ ص UTC"	
ar-EG	{$n :datetime timeZone=UTC timeZoneStyle=short}	datetime -000044-03-15T00:00:00	"١٥-٠٣-٤٥ ق.م، ١٢:٠٠ ص UTC"	
ar-EG	{$n :datetime timeZone=|America/New_York| timeZoneStyle=long}	datetime 2006-01-02T15:04:06Z	"٠٢\u200f/٠١\u200f/٢٠٠٦، ١٠:٠٤ ص التوقيت الرسمي الشرقي لأمريكا الشمالية"	
ar-EG	{$n :datetime timeZone=|America/New_York| timeZoneStyle=long}	datetime 2024-07-15T23:59:59Z	"١٥\u200f/٠٧\u200f/٢٠٢٤، ٧:٥٩ م التوقيت الصيفي الشرقي لأمريكا الشمالية"	
ar-EG	{$n :datetime timeZone=|America/New_York| timeZoneStyle=long}	datetime 1970-01-01T00:00:00Z	"٣١\u200f/١٢\u200f/١٩٦٩، ٧:٠٠ م التوقيت الرسمي الشرقي لأمريكا الشمالية"	
ar-EG	{$n :datetime timeZone=|America/New_York| timeZoneStyle=long}	datetime 2006-01-02T15:04:06+05:30	"٠٢\u200f/٠١\u200f/٢٠٠٦، ٤:٣٤ ص التوقيت الرسمي الشرقي لأمريكا الشمالية"	
ar-EG	{$n :datetime timeZone=|America/New_York| timeZoneStyle=long}	datetime 2006-01-02T15:04:06	"٠٢\u200f/٠١\u200f/٢٠٠٦، ٣:٠٤ م التوقيت الرسمي الشرقي لأمريكا الشمالية"	
ar-EG	{$n :datetime timeZone=|America/New_York| timeZoneStyle=long}	datetime 2000-02-29T00:00:00	"٢٩\u200f/٠٢\u200f/٢٠٠٠، ١٢:٠٠ ص التوقيت الرسمي الشرقي لأمريكا الشمالية"	
ar-EG	{$n :datetime timeZone=|America/New_York| timeZoneStyle=long}	datetime -000044-03-15T00:00:00	"١٥-٠٣-٤٥ ق.م، ١٢:٠٠ ص غرينتش\u061c-٠٤:٥٦:٠٢"	
ar-EG	{$n :time timeZone=|Asia/Kolkata| timeZoneStyle=short}	datetime 2006-01-02T15:04:06Z	"٨:٣٤ م غرينتش\u061c+٥:٣٠"	
ar-EG	{$n :time timeZone=|Asia/Kolkata| timeZoneStyle=short}	datetime 2024-07-15T23:59:59Z	"٥:٢٩ ص غرينتش\u061c+٥:٣٠"	
ar-EG	{$n :time timeZone=|Asia/Kolkata| timeZoneStyle=short}	datetime 1970-01-01T00:00:00Z	"٥:٣٠ ص غرينتش\u061c+٥:٣٠"	
ar-EG	{$n :time timeZone=|Asia/Kolkata| timeZoneStyle=short}	datetime 2006-01-02T15:04:06+05:30	"٣:٠٤ م غرينتش\u061c+٥:٣٠"	
ar-EG	{$n :time timeZone=|Asia/Kolkata| timeZoneStyle=short}	datetime 2006-01-02T15:04:06	"٣:٠٤ م غرينتش\u061c+٥:٣٠"	
ar-EG	{$n :time timeZone=|Asia/Kolkata| timeZoneStyle=short}	datetime 2000-02-29T00:00:00	"١٢:٠٠ ص غرينتش\u061c+٥:٣٠"	
ar-EG	{$n :time timeZone=|Asia/Kolkata| timeZoneStyle=short}	datetime -000044-03-15T00:00:00	"١٢:٠٠ ص غرينتش\u061c+٥:٥٣:٢٨"	
ar-EG	{$n :datetime timeZone=|+05:45|}	datetime 2006-01-02T15:04:06Z	"٠٢\u200f/٠١\u200f/٢٠٠٦، ٨:٤٩ م"	
ar-EG	{$n :datetime timeZone=|+05:45|}	datetime 2024-07-15T23:59:59Z	"١٦\u200f/٠٧\u200f/٢٠٢٤، ٥:٤٤ ص"	
ar-EG	{$n :datetime timeZone=|+05:45|}	datetime 1970-01-01T00:00:00Z	"٠١\u200f/٠١\u200f/١٩٧٠، ٥:٤٥ ص"	
ar-EG	{$n :datetime timeZone=|+05:45|}	datetime 2006-01-02T15:04:06+05:30	"٠٢\u200f/٠١\u200f/٢٠٠٦، ٣:١٩ م"	
ar-EG	{$n :datetime timeZone=|+05:45|}	datetime 2006-01-02T15:04:06	"٠٢\u200f/٠١\u200f/٢٠٠٦، ٣:٠٤ م"	
ar-EG	{$n :datetime timeZone=|+05:45|}	datetime 2000-02-29T00:00:00	"٢٩\u200f/٠٢\u200f/٢٠٠٠، ١٢:٠٠ ص"	
ar-EG	{$n :datetime timeZone=|+05:45|}	datetime -000044-03-15T00:00:00	"١٥-٠٣-٤٥ ق.م، ١٢:٠٠ ص"	
ar-EG	{$n :date calendar=japanese length=long}	datetime 2006-01-02T15:04:06Z	"٢ يناير ١٨ هيسي"	
ar-EG	{$n :date calendar=japanese length=long}	datetime 2024-07-15T23:59:59Z	"١٥ يوليو ٦ ريوا"	
ar-EG	{$n :date calendar=japanese length=long}	datetime 1970-01-01T00:00:00Z	"١ يناير ٤٥ شووا"	
ar-EG	{$n :date calendar=japanese length=long}	datetime 2006-01-02T15:04:06+05:30	"٢ يناير ١٨ هيسي"	
ar-EG	{$n :date calendar=japanese length=long}	datetime 2006-01-02T15:04:06	"٢ يناير ١٨ هيسي"	
ar-EG	{$n :date calendar=japanese length=long}	datetime 2000-02-29T00:00:00	"٢٩ فبراير ١٢ هيسي"	
ar-EG	{$n :date calendar=japanese length=long}	datetime -000044-03-15T00:00:00	"١٥ مارس ٤٥ ق.م"	
ar-EG	{$n :date calendar=hebrew}	datetime 2006-01-02T15:04:06Z	"٠٢\u200f/٠٤\u200f/٥٧٦٦ ص"	
ar-EG	{$n :date calendar=hebrew}	datetime 2024-07-15T23:59:59Z	"٠٩\u200f/١٠\u200f/٥٧٨٤ ص"	
ar-EG	{$n :date calendar=hebrew}	datetime 1970-01-01T00:00:00Z	"٢٣\u200f/٠٤\u200f/٥٧٣٠ ص"	
ar-EG	{$n :date calendar=hebrew}	datetime 2006-01-02T15:04:06+05:30	"٠٢\u200f/٠٤\u200f/٥٧٦٦ ص"	
ar-EG	{$n :date calendar=hebrew}	datetime 2006-01-02T15:04:06	"٠٢\u200f/٠٤\u200f/٥٧٦٦ ص"	
ar-EG	{$n :date calendar=hebrew}	datetime 2000-02-29T00:00:00	"٢٣\u200f/٠٦a\u200f/٥٧٦٠ ص"	
ar-EG	{$n :date calendar=hebrew}	datetime -000044-03-15T00:00:00	"١٦\u200f/٠٦b\u200f/٣٧١٦ ص"	
hi-u-nu-deva	{$n :datetime}	datetime 2006-01-02T15:04:06Z	"२ जन॰ २००६, ३:०४ pm"	
hi-u-nu-deva	{$n :datetime}	datetime 2024-07-15T23:59:59Z	"१५ जुल॰ २०२४, ११:५९ pm"	
hi-u-nu-deva	{$n :datetime}	datetime 1970-01-01T00:00:00Z	"१ जन॰ १९७०, १२:०० am"	
hi-u-nu-deva	{$n :datetime}	datetime 2006-01-02T15:04:06+05:30	"२ जन॰ २००६, ९:३४ am"	
hi-u-nu-deva	{$n :datetime}	datetime 2006-01-02T15:04:06	"२ जन॰ २००६, ३:०४ pm"	
hi-u-nu-deva	{$n :datetime}	datetime 2000-02-29T00:00:00	"२९ फ़र॰ २०००, १२:०० am"	
hi-u-nu-deva	{$n :datetime}	datetime -000044-03-15T00:00:00	"१५ मार्च ४५ ईसा-पूर्व, १२:०० am"	
hi-u-nu-deva	{$n :datetime dateLength=long timePrecision=second}	datetime 2006-01-02T15:04:06Z	"२ जनवरी २००६ को ३:०४:०६ pm बजे"	
hi-u-nu-deva	{$n :datetime dateLength=long timePrecision=second}	datetime 2024-07-15T23:59:59Z	"१५ जुलाई २०२४ को ११:५९:५९ pm बजे"	
hi-u-nu-deva	{$n :datetime dateLength=long timePrecision=second}	datetime 1970-01-01T00:00:00Z	"१ जनवरी १९७० को १२:००:०० am बजे"	
hi-u-nu-deva	{$n :datetime dateLength=long timePrecision=second}	datetime 2006-01-02T15:04:06+05:30	"२ जनवरी २००६ को ९:३४:०६ am बजे"	
hi-u-nu-deva	{$n :datetime dateLength=long timePrecision=second}	datetime 2006-01-02T15:04:06	"२ जनवरी २००६ को ३:०४:०६ pm बजे"	
hi-u-nu-deva	{$n :datetime dateLength=long timePrecision=second}	datetime 2000-02-29T00:00:00	"२९ फ़रवरी २००० को १२:००:०० am बजे"	
hi-u-nu-deva	{$n :datetime dateLength=long timePrecision=second}	datetime -000044-03-15T00:00:00	"१५ मार्च ४५ ईसा-पूर्व को १२:००:०० am बजे"	
hi-u-nu-deva	{$n :datetime dateLength=short timePrecision=hour}	datetime 2006-01-02T15:04:06Z	"२/१/०६, ३\u202fpm"	
hi-u-nu-deva	{$n :datetime dateLength=short timePrecision=hour}	datetime 2024-07-15T23:59:59Z	"१५/७/२४, ११\u202fpm"	
hi-u-nu-deva	{$n :datetime dateLength=short timePrecision=hour}	datetime 1970-01-01T00:00:00Z	"१/१/७०, १२\u202fam"	
hi-u-nu-deva	{$n :datetime dateLength=short timePrecision=hour}	datetime 2006-01-02T15:04:06+05:30	"२/१/०६, ९\u202fam"	
hi-u-nu-deva	{$n :datetime dateLength=short timePrecision=hour}	datetime 2006-01-02T15:04:06	"२/१/०६, ३\u202fpm"	
hi-u-nu-deva	{$n :datetime dateLength=short timePrecision=hour}	datetime 2000-02-29T00:00:00	"२९/२/००, १२\u202fam"	
hi-u-nu-deva	{$n :datetime dateLength=short timePrecision=hour}	datetime -000044-03-15T00:00:00	"ईसा-पूर्व १५/३/४५, १२\u202fam"	
hi-u-nu-deva	{$n :date}	datetime 2006-01-02T15:04:06Z	"२ जन॰ २००६"	
hi-u-nu-deva	{$n :date}	datetime 2024-07-15T23:59:59Z	"१५ जुल॰ २०२४"	
hi-u-nu-deva	{$n :date}	datetime 1970-01-01T00:00:00Z	"१ जन॰ १९७०"	
hi-u-nu-deva	{$n :date}	datetime 2006-01-02T15:04:06+05:30	"२ जन॰ २००६"	
hi-u-nu-deva	{$n :date}	datetime 2006-01-02T15:04:06	"२ जन॰ २००६"	
hi-u-nu-deva	{$n :date}	datetime 2000-02-29T00:00:00	"२९ फ़र॰ २०००"	
hi-u-nu-deva	{$n :date}	datetime -000044-03-15T00:00:00	"१५ मार्च ४५ ईसा-पूर्व"	
hi-u-nu-deva	{$n :date length=long}	datetime 2006-01-02T15:04:06Z	"२ जनवरी २००६"	
hi-u-nu-deva	{$n :date length=long}	datetime 2024-07-15T23:59:59Z	"१५ जुलाई २०२४"	
hi-u-nu-deva	{$n :date length=long}	datetime 1970-01-01T00:00:00Z	"१ जनवरी १९७०"	
hi-u-nu-deva	{$n :date length=long}	datetime 2006-01-02T15:04:06+05:30	"२ जनवरी २००६"	
hi-u-nu-deva	{$n :date length=long}	datetime 2006-01-02T15:04:06	"२ जनवरी २००६"	
hi-u-nu-deva	{$n :date length=long}	datetime 2000-02-29T00:00:00	"२९ फ़रवरी २०००"	
hi-u-nu-deva	{$n :date length=long}	datetime -000044-03-15T00:00:00	"१५ मार्च ४५ ईसा-पूर्व"	
hi-u-nu-deva	{$n :date length=short}	datetime 2006-01-02T15:04:06Z	"२/१/०६"	
hi-u-nu-deva	{$n :date length=short}	datetime 2024-07-15T23:59:59Z	"१५/७/२४"	
hi-u-nu-deva	{$n :date length=short}	datetime 1970-01-01T00:00:00Z	"१/१/७०"	
hi-u-nu-deva	{$n :date length=short}	datetime 2006-01-02T15:04:06+05:30	"२/१/०६"	
hi-u-nu-deva	{$n :date length=short}	datetime 2006-01-02T15:04:06	"२/१/०६"	
hi-u-nu-deva	{$n :date length=short}	datetime 2000-02-29T00:00:00	"२९/२/००"	
hi-u-nu-deva	{$n :date length=short}	datetime -000044-03-15T00:00:00	"ईसा-पूर्व १५/३/४५"	
hi-u-nu-deva	{$n :date fields=year-month-day-weekday length=long}	datetime 2006-01-02T15:04:06Z	"सोमवार, २ जनवरी २००६"	
hi-u-nu-deva	{$n :date fields=year-month-day-weekday length=long}	datetime 2024-07-15T23:59:59Z	"सोमवार, १५ जुलाई २०२४"	
hi-u-nu-deva	{$n :date fields=year-month-day-weekday length=long}	datetime 1970-01-01T00:00:00Z	"गुरुवार, १ जनवरी १९७०"	
hi-u-nu-deva	{$n :date fields=year-month-day-weekday length=long}	datetime 2006-01-02T15:04:06+05:30	"सोमवार, २ जनवरी २००६"	
hi-u-nu-deva	{$n :date fields=year-month-day-weekday length=long}	datetime 2006-01-02T15:04:06	"सोमवार, २ जनवरी २००६"	
hi-u-nu-deva	{$n :date fields=year-month-day-weekday length=long}	datetime 2000-02-29T00:00:00	"मंगलवार, २९ फ़रवरी २०००"	
hi-u-nu-deva	{$n :date fields=year-month-day-weekday length=long}	datetime -000044-03-15T00:00:00	"गुरुवार, १५ मार्च ४५ ईसा-पूर्व"	
hi-u-nu-deva	{$n :date fields=month-day}	datetime 2006-01-02T15:04:06Z	"२ जन॰"	
hi-u-nu-deva	{$n :date fields=month-day}	datetime 2024-07-15T23:59:59Z	"१५ जुल॰"	
hi-u-nu-deva	{$n :date fields=month-day}	datetime 1970-01-01T00:00:00Z	"१ जन॰"	
hi-u-nu-deva	{$n :date fields=month-day}	datetime 2006-01-02T15:04:06+05:30	"२ जन॰"	
hi-u-nu-deva	{$n :date fields=month-day}	datetime 2006-01-02T15:04:06	"२ जन॰"	
hi-u-nu-deva	{$n :date fields=month-day}	datetime 2000-02-29T00:00:00	"२९ फ़र॰"	
hi-u-nu-deva	{$n :date fields=month-day}	datetime -000044-03-15T00:00:00	"१५ मार्च"	
hi-u-nu-deva	{$n :date fields=weekday length=long}	datetime 2006-01-02T15:04:06Z	"सोमवार"	
hi-u-nu-deva	{$n :date fields=weekday length=long}	datetime 2024-07-15T23:59:59Z	"सोमवार"	
hi-u-nu-deva	{$n :date fields=weekday length=long}	datetime 1970-01-01T00:00:00Z	"गुरुवार"	
hi-u-nu-deva	{$n :date fields=weekday length=long}	datetime 2006-01-02T15:04:06+05:30	"सोमवार"	
hi-u-nu-deva	{$n :date fields=weekday length=long}	datetime 2006-01-02T15:04:06	"सोमवार"	
hi-u-nu-deva	{$n :date fields=weekday length=long}	datetime 2000-02-29T00:00:00	"मंगलवार"	
hi-u-nu-deva	{$n :date fields=weekday length=long}	datetime -000044-03-15T00:00:00	"गुरुवार"	
hi-u-nu-deva	{$n :time}	datetime 2006-01-02T15:04:06Z	"३:०४ pm"	
hi-u-nu-deva	{$n :time}	datetime 2024-07-15T23:59:59Z	"११:५९ pm"	
hi-u-nu-deva	{$n :time}	datetime 1970-01-01T00:00:00Z	"१२:०० am"	
hi-u-nu-deva	{$n :time}	datetime 2006-01-02T15:04:06+05:30	"९:३४ am"	
hi-u-nu-deva	{$n :time}	datetime 2006-01-02T15:04:06	"३:०४ pm"	
hi-u-nu-deva	{$n :time}	datetime 2000-02-29T00:00:00	"१२:०० am"	
hi-u-nu-deva	{$n :time}	datetime -000044-03-15T00:00:00	"१२:०० am"	
hi-u-nu-deva	{$n :time precision=second}	datetime 2006-01-02T15:04:06Z	"३:०४:०६ pm"	
hi-u-nu-deva	{$n :time precision=second}	datetime 2024-07-15T23:59:59Z	"११:५९:५९ pm"	
hi-u-nu-deva	{$n :time precision=second}	datetime 1970-01-01T00:00:00Z	"१२:००:०० am"	
hi-u-nu-deva	{$n :time precision=second}	datetime 2006-01-02T15:04:06+05:30	"९:३४:०६ am"	
hi-u-nu-deva	{$n :time precision=second}	datetime 2006-01-02T15:04:06	"३:०४:०६ pm"	
hi-u-nu-deva	{$n :time precision=second}	datetime 2000-02-29T00:00:00	"१२:००:०० am"	
hi-u-nu-deva	{$n :time precision=second}	datetime -000044-03-15T00:00:00	"१२:००:०० am"	
hi-u-nu-deva	{$n :time hour12=true}	datetime 2006-01-02T15:04:06Z	"३:०४ pm"	
hi-u-nu-deva	{$n :time hour12=true}	datetime 2024-07-15T23:59:59Z	"११:५९ pm"	
hi-u-nu-deva	{$n :time hour12=true}	datetime 1970-01-01T00:00:00Z	"१२:०० am"	
hi-u-nu-deva	{$n :time hour12=true}	datetime 2006-01-02T15:04:06+05:30	"९:३४ am"	
hi-u-nu-deva	{$n :time hour12=true}	datetime 2006-01-02T15:04:06	"३:०४ pm"	
hi-u-nu-deva	{$n :time hour12=true}	datetime 2000-02-29T00:00:00	"१२:०० am"	
hi-u-nu-deva	{$n :time hour12=true}	datetime -000044-03-15T00:00:00	"१२:०० am"	
hi-u-nu-deva	{$n :time hour12=false}	datetime 2006-01-02T15:04:06Z	"१५:०४"	
hi-u-nu-deva	{$n :time hour12=false}	datetime 2024-07-15T23:59:59Z	"२३:५९"	
hi-u-nu-deva	{$n :time hour12=false}	datetime 1970-01-01T00:00:00Z	"००:००"	
hi-u-nu-deva	{$n :time hour12=false}	datetime 2006-01-02T15:04:06+05:30	"०९:३४"	
hi-u-nu-deva	{$n :time hour12=false}	datetime 2006-01-02T15:04:06	"१५:०४"	
hi-u-nu-deva	{$n :time hour12=false}	datetime 2000-02-29T00:00:00	"००:००"	
hi-u-nu-deva	{$n :time hour12=false}	datetime -000044-03-15T00:00:00	"००:००"	
hi-u-nu-deva	{$n :datetime timeZone=UTC timeZoneStyle=short}	datetime 2006-01-02T15:04:06Z	"२ जन॰ २००६, ३:०४ pm UTC"	
hi-u-nu-deva	{$n :datetime timeZone=UTC timeZoneStyle=short}	datetime 2024-07-15T23:59:59Z	"१५ जुल॰ २०२४, ११:५९ pm UTC"	
hi-u-nu-deva	{$n :datetime timeZone=UTC timeZoneStyle=short}	datetime 1970-01-01T00:00:00Z	"१ जन॰ १९७०, १२:०० am UTC"	
hi-u-nu-deva	{$n :datetime timeZone=UTC timeZoneStyle=short}	datetime 2006-01-02T15:04:06+05:30	"२ जन॰ २००६, ९:३४ am UTC"	
hi-u-nu-deva	{$n :datetime timeZone=UTC timeZoneStyle=short}	datetime 2006-01-02T15:04:06	"२ जन॰ २००६, ३:०४ pm UTC"	
hi-u-nu-deva	{$n :datetime timeZone=UTC timeZoneStyle=short}	datetime 2000-02-29T00:00:00	"२९ फ़र॰ २०००, १२:०० am UTC"	
hi-u-nu-deva	{$n :datetime timeZone=UTC timeZoneStyle=short}	datetime -000044-03-15T00:00:00	"१५ मार्च ४५ ईसा-पूर्व, १२:०० am UTC"	
hi-u-nu-deva	{$n :datetime timeZone=|America/New_York| timeZoneStyle=long}	datetime 2006-01-02T15:04:06Z	"२ जन॰ २००६, १०:०४ am उत्तरी अमेरिकी पूर्वी मानक समय"	
hi-u-nu-deva	{$n :datetime timeZone=|America/New_York| timeZoneStyle=long}	datetime 2024-07-15T23:59:59Z	"१५ जुल॰ २०२४, ७:५९ pm उत्तरी अमेरिकी पूर्वी डेलाइट समय"	
hi-u-nu-deva	{$n :datetime timeZone=|America/New_York| timeZoneStyle=long}	datetime 1970-01-01T00:00:00Z	"३१ दिस॰ १९६९, ७:०० pm उत्तरी अमेरिकी पूर्वी मानक समय"	
hi-u-nu-deva	{$n :datetime timeZone=|America/New_York| timeZoneStyle=long}	datetime 2006-01-02T15:04:06+05:30	"२ जन॰ २००६, ४:३४ am उत्तरी अमेरिकी पूर्वी मानक समय"	
hi-u-nu-deva	{$n :datetime timeZone=|America/New_York| timeZoneStyle=long}	datetime 2006-01-02T15:04:06	"२ जन॰ २००६, ३:०४ pm उत्तरी अमेरिकी पूर्वी मानक समय"	
hi-u-nu-deva	{$n :datetime timeZone=|America/New_York| timeZoneStyle=long}	datetime 2000-02-29T00:00:00	"२९ फ़र॰ २०००, १२:०० am उत्तरी अमेरिकी पूर्वी मानक समय"	
hi-u-nu-deva	{$n :datetime timeZone=|America/New_York| timeZoneStyle=long}	datetime -000044-03-15T00:00:00	"१५ मार्च ४५ ईसा-पूर्व, १२:०० am GMT-०४:५६:०२"	
hi-u-nu-deva	{$n :time timeZone=|Asia/Kolkata| timeZoneStyle=short}	datetime 2006-01-02T15:04:06Z	"८:३४ pm IST"	
hi-u-nu-deva	{$n :time timeZone=|Asia/Kolkata| timeZoneStyle=short}	datetime 2024-07-15T23:59:59Z	"५:२९ am IST"	
hi-u-nu-deva	{$n :time timeZone=|Asia/Kolkata| timeZoneStyle=short}	datetime 1970-01-01T00:00:00Z	"५:३० am IST"	
hi-u-nu-deva	{$n :time timeZone=|Asia/Kolkata| timeZoneStyle=short}	datetime 2006-01-02T15:04:06+05:30	"३:०४ pm IST"	
hi-u-nu-deva	{$n :time timeZone=|Asia/Kolkata| timeZoneStyle=short}	datetime 2006-01-02T15:04:06	"३:०४ pm IST"	
hi-u-nu-deva	{$n :time timeZone=|Asia/Kolkata| timeZoneStyle=short}	datetime 2000-02-29T00:00:00	"१२:०० am IST"	
hi-u-nu-deva	{$n :time timeZone=|Asia/Kolkata| timeZoneStyle=short}	datetime -000044-03-15T00:00:00	"१२:०० am GMT+५:५३:२८"	
hi-u-nu-deva	{$n :datetime timeZone=|+05:45|}	datetime 2006-01-02T15:04:06Z	"२ जन॰ २००६, ८:४९ pm"	
hi-u-nu-deva	{$n :datetime timeZone=|+05:45|}	datetime 2024-07-15T23:59:59Z	"१६ जुल॰ २०२४, ५:४४ am"	
hi-u-nu-deva	{$n :datetime timeZone=|+05:45|}	datetime 1970-01-01T00:00:00Z	"१ जन॰ १९७०, ५:४५ am"	
hi-u-nu-deva	{$n :datetime timeZone=|+05:45|}	datetime 2006-01-02T15:04:06+05:30	"२ जन॰ २००६, ३:१९ pm"	
hi-u-nu-deva	{$n :datetime timeZone=|+05:45|}	datetime 2006-01-02T15:04:06	"२ जन॰ २००६, ३:०४ pm"	
hi-u-nu-deva	{$n :datetime timeZone=|+05:45|}	datetime 2000-02-29T00:00:00	"२९ फ़र॰ २०००, १२:०० am"	
hi-u-nu-deva	{$n :datetime timeZone=|+05:45|}	datetime -000044-03-15T00:00:00	"१५ मार्च ४५ ईसा-पूर्व, १२:०० am"	
hi-u-nu-deva	{$n :date calendar=japanese length=long}	datetime 2006-01-02T15:04:06Z	"हेईसेई २ जनवरी १८"	
hi-u-nu-deva	{$n :date calendar=japanese length=long}	datetime 2024-07-15T23:59:59Z	"रेइवा १५ जुलाई ६"	
hi-u-nu-deva	{$n :date calendar=japanese length=long}	datetime 1970-01-01T00:00:00Z	"शोवा १ जनवरी ४५"	
hi-u-nu-deva	{$n :date calendar=japanese length=long}	datetime 2006-01-02T15:04:06+05:30	"हेईसेई २ जनवरी १८"	
hi-u-nu-deva	{$n :date calendar=japanese length=long}	datetime 2006-01-02T15:04:06	"हेईसेई २ जनवरी १८"	
hi-u-nu-deva	{$n :date calendar=japanese length=long}	datetime 2000-02-29T00:00:00	"हेईसेई २९ फ़रवरी १२"	
hi-u-nu-deva	{$n :date calendar=japanese length=long}	datetime -000044-03-15T00:00:00	"ईसा-पूर्व १५ मार्च ४५"	
hi-u-nu-deva	{$n :date calendar=hebrew}	datetime 2006-01-02T15:04:06Z	"AM २ Tevet ५७६६"	
hi-u-nu-deva	{$n :date calendar=hebrew}	datetime 2024-07-15T23:59:59Z	"AM ९ Tamuz ५७८४"	
hi-u-nu-deva	{$n :date calendar=hebrew}	datetime 1970-01-01T00:00:00Z	"AM २३ Tevet ५७३०"	
hi-u-nu-deva	{$n :date calendar=hebrew}	datetime 2006-01-02T15:04:06+05:30	"AM २ Tevet ५७६६"	
hi-u-nu-deva	{$n :date calendar=hebrew}	datetime 2006-01-02T15:04:06	"AM २ Tevet ५७६६"	
hi-u-nu-deva	{$n :date calendar=hebrew}	datetime 2000-02-29T00:00:00	"AM २३ Adar I ५७६०"	
hi-u-nu-deva	{$n :date calendar=hebrew}	datetime -000044-03-15T00:00:00	"AM १६ Adar II ३७१६"	
