# rust-mf2 locale-output goldens: numbers — the decimal family (numbers by mf2's own code): unannotated numbers, :number with digit, grouping and sign options, :integer, :percent, plural and ordinal selection.
# Generated by `cargo xtask goldens` (conformance/src/goldens.rs); reviewed, committed, checked by tests/goldens.rs and on wasm32-wasip1 by `cargo xtask wasi-matches-native`.
# CLDR 48.2.1. Line: locale \t message \t argument \t output (JSON) \t errors
en	{$n}	int 0	"0"	
en	{$n}	int 1	"1"	
en	{$n}	int -1	"-1"	
en	{$n}	int 2	"2"	
en	{$n}	int 5	"5"	
en	{$n}	int 21	"21"	
en	{$n}	int 1000	"1,000"	
en	{$n}	float 1.5	"1.5"	
en	{$n}	decimal 1234.5	"1,234.5"	
en	{$n}	decimal -1234567.891	"-1,234,567.891"	
en	{$n}	decimal 0.001	"0.001"	
en	{$n}	decimal 12345678901234567890	"12,345,678,901,234,567,890"	
en	{$n :number}	int 0	"0"	
en	{$n :number}	int 1	"1"	
en	{$n :number}	int -1	"-1"	
en	{$n :number}	int 2	"2"	
en	{$n :number}	int 5	"5"	
en	{$n :number}	int 21	"21"	
en	{$n :number}	int 1000	"1,000"	
en	{$n :number}	float 1.5	"1.5"	
en	{$n :number}	decimal 1234.5	"1,234.5"	
en	{$n :number}	decimal -1234567.891	"-1,234,567.891"	
en	{$n :number}	decimal 0.001	"0.001"	
en	{$n :number}	decimal 12345678901234567890	"12,345,678,901,234,567,890"	
en	{$n :number minimumFractionDigits=2}	int 0	"0.00"	
en	{$n :number minimumFractionDigits=2}	int 1	"1.00"	
en	{$n :number minimumFractionDigits=2}	int -1	"-1.00"	
en	{$n :number minimumFractionDigits=2}	int 2	"2.00"	
en	{$n :number minimumFractionDigits=2}	int 5	"5.00"	
en	{$n :number minimumFractionDigits=2}	int 21	"21.00"	
en	{$n :number minimumFractionDigits=2}	int 1000	"1,000.00"	
en	{$n :number minimumFractionDigits=2}	float 1.5	"1.50"	
en	{$n :number minimumFractionDigits=2}	decimal 1234.5	"1,234.50"	
en	{$n :number minimumFractionDigits=2}	decimal -1234567.891	"-1,234,567.891"	
en	{$n :number minimumFractionDigits=2}	decimal 0.001	"0.001"	
en	{$n :number minimumFractionDigits=2}	decimal 12345678901234567890	"12,345,678,901,234,567,890.00"	
en	{$n :number maximumSignificantDigits=3}	int 0	"0"	
en	{$n :number maximumSignificantDigits=3}	int 1	"1"	
en	{$n :number maximumSignificantDigits=3}	int -1	"-1"	
en	{$n :number maximumSignificantDigits=3}	int 2	"2"	
en	{$n :number maximumSignificantDigits=3}	int 5	"5"	
en	{$n :number maximumSignificantDigits=3}	int 21	"21"	
en	{$n :number maximumSignificantDigits=3}	int 1000	"1,000"	
en	{$n :number maximumSignificantDigits=3}	float 1.5	"1.5"	
en	{$n :number maximumSignificantDigits=3}	decimal 1234.5	"1,230"	
en	{$n :number maximumSignificantDigits=3}	decimal -1234567.891	"-1,230,000"	
en	{$n :number maximumSignificantDigits=3}	decimal 0.001	"0.001"	
en	{$n :number maximumSignificantDigits=3}	decimal 12345678901234567890	"12,300,000,000,000,000,000"	
en	{$n :number useGrouping=always}	int 0	"0"	
en	{$n :number useGrouping=always}	int 1	"1"	
en	{$n :number useGrouping=always}	int -1	"-1"	
en	{$n :number useGrouping=always}	int 2	"2"	
en	{$n :number useGrouping=always}	int 5	"5"	
en	{$n :number useGrouping=always}	int 21	"21"	
en	{$n :number useGrouping=always}	int 1000	"1,000"	
en	{$n :number useGrouping=always}	float 1.5	"1.5"	
en	{$n :number useGrouping=always}	decimal 1234.5	"1,234.5"	
en	{$n :number useGrouping=always}	decimal -1234567.891	"-1,234,567.891"	
en	{$n :number useGrouping=always}	decimal 0.001	"0.001"	
en	{$n :number useGrouping=always}	decimal 12345678901234567890	"12,345,678,901,234,567,890"	
en	{$n :number useGrouping=never}	int 0	"0"	
en	{$n :number useGrouping=never}	int 1	"1"	
en	{$n :number useGrouping=never}	int -1	"-1"	
en	{$n :number useGrouping=never}	int 2	"2"	
en	{$n :number useGrouping=never}	int 5	"5"	
en	{$n :number useGrouping=never}	int 21	"21"	
en	{$n :number useGrouping=never}	int 1000	"1000"	
en	{$n :number useGrouping=never}	float 1.5	"1.5"	
en	{$n :number useGrouping=never}	decimal 1234.5	"1234.5"	
en	{$n :number useGrouping=never}	decimal -1234567.891	"-1234567.891"	
en	{$n :number useGrouping=never}	decimal 0.001	"0.001"	
en	{$n :number useGrouping=never}	decimal 12345678901234567890	"12345678901234567890"	
en	{$n :number signDisplay=always}	int 0	"+0"	
en	{$n :number signDisplay=always}	int 1	"+1"	
en	{$n :number signDisplay=always}	int -1	"-1"	
en	{$n :number signDisplay=always}	int 2	"+2"	
en	{$n :number signDisplay=always}	int 5	"+5"	
en	{$n :number signDisplay=always}	int 21	"+21"	
en	{$n :number signDisplay=always}	int 1000	"+1,000"	
en	{$n :number signDisplay=always}	float 1.5	"+1.5"	
en	{$n :number signDisplay=always}	decimal 1234.5	"+1,234.5"	
en	{$n :number signDisplay=always}	decimal -1234567.891	"-1,234,567.891"	
en	{$n :number signDisplay=always}	decimal 0.001	"+0.001"	
en	{$n :number signDisplay=always}	decimal 12345678901234567890	"+12,345,678,901,234,567,890"	
en	{$n :integer}	int 0	"0"	
en	{$n :integer}	int 1	"1"	
en	{$n :integer}	int -1	"-1"	
en	{$n :integer}	int 2	"2"	
en	{$n :integer}	int 5	"5"	
en	{$n :integer}	int 21	"21"	
en	{$n :integer}	int 1000	"1,000"	
en	{$n :integer}	float 1.5	"2"	
en	{$n :integer}	decimal 1234.5	"1,235"	
en	{$n :integer}	decimal -1234567.891	"-1,234,568"	
en	{$n :integer}	decimal 0.001	"0"	
en	{$n :integer}	decimal 12345678901234567890	"12,345,678,901,234,567,890"	
en	{$n :percent}	int 0	"0%"	
en	{$n :percent}	int 1	"100%"	
en	{$n :percent}	int -1	"-100%"	
en	{$n :percent}	int 2	"200%"	
en	{$n :percent}	int 5	"500%"	
en	{$n :percent}	int 21	"2,100%"	
en	{$n :percent}	int 1000	"100,000%"	
en	{$n :percent}	float 1.5	"150%"	
en	{$n :percent}	decimal 1234.5	"123,450%"	
en	{$n :percent}	decimal -1234567.891	"-123,456,789%"	
en	{$n :percent}	decimal 0.001	"0%"	
en	{$n :percent}	decimal 12345678901234567890	"1,234,567,890,123,456,789,000%"	
en	{$n :percent maximumFractionDigits=1}	int 0	"0%"	
en	{$n :percent maximumFractionDigits=1}	int 1	"100%"	
en	{$n :percent maximumFractionDigits=1}	int -1	"-100%"	
en	{$n :percent maximumFractionDigits=1}	int 2	"200%"	
en	{$n :percent maximumFractionDigits=1}	int 5	"500%"	
en	{$n :percent maximumFractionDigits=1}	int 21	"2,100%"	
en	{$n :percent maximumFractionDigits=1}	int 1000	"100,000%"	
en	{$n :percent maximumFractionDigits=1}	float 1.5	"150%"	
en	{$n :percent maximumFractionDigits=1}	decimal 1234.5	"123,450%"	
en	{$n :percent maximumFractionDigits=1}	decimal -1234567.891	"-123,456,789.1%"	
en	{$n :percent maximumFractionDigits=1}	decimal 0.001	"0.1%"	
en	{$n :percent maximumFractionDigits=1}	decimal 12345678901234567890	"1,234,567,890,123,456,789,000%"	
en	.input {$n :number} .match $n zero {{zero}} one {{one}} two {{two}} few {{few}} many {{many}} * {{other}}	int 0	"other"	
en	.input {$n :number} .match $n zero {{zero}} one {{one}} two {{two}} few {{few}} many {{many}} * {{other}}	int 1	"one"	
en	.input {$n :number} .match $n zero {{zero}} one {{one}} two {{two}} few {{few}} many {{many}} * {{other}}	int -1	"one"	
en	.input {$n :number} .match $n zero {{zero}} one {{one}} two {{two}} few {{few}} many {{many}} * {{other}}	int 2	"other"	
en	.input {$n :number} .match $n zero {{zero}} one {{one}} two {{two}} few {{few}} many {{many}} * {{other}}	int 5	"other"	
en	.input {$n :number} .match $n zero {{zero}} one {{one}} two {{two}} few {{few}} many {{many}} * {{other}}	int 21	"other"	
en	.input {$n :number} .match $n zero {{zero}} one {{one}} two {{two}} few {{few}} many {{many}} * {{other}}	int 1000	"other"	
en	.input {$n :number} .match $n zero {{zero}} one {{one}} two {{two}} few {{few}} many {{many}} * {{other}}	float 1.5	"other"	
en	.input {$n :number} .match $n zero {{zero}} one {{one}} two {{two}} few {{few}} many {{many}} * {{other}}	decimal 1234.5	"other"	
en	.input {$n :number} .match $n zero {{zero}} one {{one}} two {{two}} few {{few}} many {{many}} * {{other}}	decimal -1234567.891	"other"	
en	.input {$n :number} .match $n zero {{zero}} one {{one}} two {{two}} few {{few}} many {{many}} * {{other}}	decimal 0.001	"other"	
en	.input {$n :number} .match $n zero {{zero}} one {{one}} two {{two}} few {{few}} many {{many}} * {{other}}	decimal 12345678901234567890	"other"	
en	.input {$n :number select=ordinal} .match $n zero {{zero}} one {{one}} two {{two}} few {{few}} many {{many}} * {{other}}	int 0	"other"	
en	.input {$n :number select=ordinal} .match $n zero {{zero}} one {{one}} two {{two}} few {{few}} many {{many}} * {{other}}	int 1	"one"	
en	.input {$n :number select=ordinal} .match $n zero {{zero}} one {{one}} two {{two}} few {{few}} many {{many}} * {{other}}	int -1	"one"	
en	.input {$n :number select=ordinal} .match $n zero {{zero}} one {{one}} two {{two}} few {{few}} many {{many}} * {{other}}	int 2	"two"	
en	.input {$n :number select=ordinal} .match $n zero {{zero}} one {{one}} two {{two}} few {{few}} many {{many}} * {{other}}	int 5	"other"	
en	.input {$n :number select=ordinal} .match $n zero {{zero}} one {{one}} two {{two}} few {{few}} many {{many}} * {{other}}	int 21	"one"	
en	.input {$n :number select=ordinal} .match $n zero {{zero}} one {{one}} two {{two}} few {{few}} many {{many}} * {{other}}	int 1000	"other"	
en	.input {$n :number select=ordinal} .match $n zero {{zero}} one {{one}} two {{two}} few {{few}} many {{many}} * {{other}}	float 1.5	"other"	
en	.input {$n :number select=ordinal} .match $n zero {{zero}} one {{one}} two {{two}} few {{few}} many {{many}} * {{other}}	decimal 1234.5	"other"	
en	.input {$n :number select=ordinal} .match $n zero {{zero}} one {{one}} two {{two}} few {{few}} many {{many}} * {{other}}	decimal -1234567.891	"other"	
en	.input {$n :number select=ordinal} .match $n zero {{zero}} one {{one}} two {{two}} few {{few}} many {{many}} * {{other}}	decimal 0.001	"other"	
en	.input {$n :number select=ordinal} .match $n zero {{zero}} one {{one}} two {{two}} few {{few}} many {{many}} * {{other}}	decimal 12345678901234567890	"other"	
es	{$n}	int 0	"0"	
es	{$n}	int 1	"1"	
es	{$n}	int -1	"-1"	
es	{$n}	int 2	"2"	
es	{$n}	int 5	"5"	
es	{$n}	int 21	"21"	
es	{$n}	int 1000	"1000"	
es	{$n}	float 1.5	"1,5"	
es	{$n}	decimal 1234.5	"1234,5"	
es	{$n}	decimal -1234567.891	"-1.234.567,891"	
es	{$n}	decimal 0.001	"0,001"	
es	{$n}	decimal 12345678901234567890	"12.345.678.901.234.567.890"	
es	{$n :number}	int 0	"0"	
es	{$n :number}	int 1	"1"	
es	{$n :number}	int -1	"-1"	
es	{$n :number}	int 2	"2"	
es	{$n :number}	int 5	"5"	
es	{$n :number}	int 21	"21"	
es	{$n :number}	int 1000	"1000"	
es	{$n :number}	float 1.5	"1,5"	
es	{$n :number}	decimal 1234.5	"1234,5"	
es	{$n :number}	decimal -1234567.891	"-1.234.567,891"	
es	{$n :number}	decimal 0.001	"0,001"	
es	{$n :number}	decimal 12345678901234567890	"12.345.678.901.234.567.890"	
es	{$n :number minimumFractionDigits=2}	int 0	"0,00"	
es	{$n :number minimumFractionDigits=2}	int 1	"1,00"	
es	{$n :number minimumFractionDigits=2}	int -1	"-1,00"	
es	{$n :number minimumFractionDigits=2}	int 2	"2,00"	
es	{$n :number minimumFractionDigits=2}	int 5	"5,00"	
es	{$n :number minimumFractionDigits=2}	int 21	"21,00"	
es	{$n :number minimumFractionDigits=2}	int 1000	"1000,00"	
es	{$n :number minimumFractionDigits=2}	float 1.5	"1,50"	
es	{$n :number minimumFractionDigits=2}	decimal 1234.5	"1234,50"	
es	{$n :number minimumFractionDigits=2}	decimal -1234567.891	"-1.234.567,891"	
es	{$n :number minimumFractionDigits=2}	decimal 0.001	"0,001"	
es	{$n :number minimumFractionDigits=2}	decimal 12345678901234567890	"12.345.678.901.234.567.890,00"	
es	{$n :number maximumSignificantDigits=3}	int 0	"0"	
es	{$n :number maximumSignificantDigits=3}	int 1	"1"	
es	{$n :number maximumSignificantDigits=3}	int -1	"-1"	
es	{$n :number maximumSignificantDigits=3}	int 2	"2"	
es	{$n :number maximumSignificantDigits=3}	int 5	"5"	
es	{$n :number maximumSignificantDigits=3}	int 21	"21"	
es	{$n :number maximumSignificantDigits=3}	int 1000	"1000"	
es	{$n :number maximumSignificantDigits=3}	float 1.5	"1,5"	
es	{$n :number maximumSignificantDigits=3}	decimal 1234.5	"1230"	
es	{$n :number maximumSignificantDigits=3}	decimal -1234567.891	"-1.230.000"	
es	{$n :number maximumSignificantDigits=3}	decimal 0.001	"0,001"	
es	{$n :number maximumSignificantDigits=3}	decimal 12345678901234567890	"12.300.000.000.000.000.000"	
es	{$n :number useGrouping=always}	int 0	"0"	
es	{$n :number useGrouping=always}	int 1	"1"	
es	{$n :number useGrouping=always}	int -1	"-1"	
es	{$n :number useGrouping=always}	int 2	"2"	
es	{$n :number useGrouping=always}	int 5	"5"	
es	{$n :number useGrouping=always}	int 21	"21"	
es	{$n :number useGrouping=always}	int 1000	"1.000"	
es	{$n :number useGrouping=always}	float 1.5	"1,5"	
es	{$n :number useGrouping=always}	decimal 1234.5	"1.234,5"	
es	{$n :number useGrouping=always}	decimal -1234567.891	"-1.234.567,891"	
es	{$n :number useGrouping=always}	decimal 0.001	"0,001"	
es	{$n :number useGrouping=always}	decimal 12345678901234567890	"12.345.678.901.234.567.890"	
es	{$n :number useGrouping=never}	int 0	"0"	
es	{$n :number useGrouping=never}	int 1	"1"	
es	{$n :number useGrouping=never}	int -1	"-1"	
es	{$n :number useGrouping=never}	int 2	"2"	
es	{$n :number useGrouping=never}	int 5	"5"	
es	{$n :number useGrouping=never}	int 21	"21"	
es	{$n :number useGrouping=never}	int 1000	"1000"	
es	{$n :number useGrouping=never}	float 1.5	"1,5"	
es	{$n :number useGrouping=never}	decimal 1234.5	"1234,5"	
es	{$n :number useGrouping=never}	decimal -1234567.891	"-1234567,891"	
es	{$n :number useGrouping=never}	decimal 0.001	"0,001"	
es	{$n :number useGrouping=never}	decimal 12345678901234567890	"12345678901234567890"	
es	{$n :number signDisplay=always}	int 0	"+0"	
es	{$n :number signDisplay=always}	int 1	"+1"	
es	{$n :number signDisplay=always}	int -1	"-1"	
es	{$n :number signDisplay=always}	int 2	"+2"	
es	{$n :number signDisplay=always}	int 5	"+5"	
es	{$n :number signDisplay=always}	int 21	"+21"	
es	{$n :number signDisplay=always}	int 1000	"+1000"	
es	{$n :number signDisplay=always}	float 1.5	"+1,5"	
es	{$n :number signDisplay=always}	decimal 1234.5	"+1234,5"	
es	{$n :number signDisplay=always}	decimal -1234567.891	"-1.234.567,891"	
es	{$n :number signDisplay=always}	decimal 0.001	"+0,001"	
es	{$n :number signDisplay=always}	decimal 12345678901234567890	"+12.345.678.901.234.567.890"	
es	{$n :integer}	int 0	"0"	
es	{$n :integer}	int 1	"1"	
es	{$n :integer}	int -1	"-1"	
es	{$n :integer}	int 2	"2"	
es	{$n :integer}	int 5	"5"	
es	{$n :integer}	int 21	"21"	
es	{$n :integer}	int 1000	"1000"	
es	{$n :integer}	float 1.5	"2"	
es	{$n :integer}	decimal 1234.5	"1235"	
es	{$n :integer}	decimal -1234567.891	"-1.234.568"	
es	{$n :integer}	decimal 0.001	"0"	
es	{$n :integer}	decimal 12345678901234567890	"12.345.678.901.234.567.890"	
es	{$n :percent}	int 0	"0\u00a0%"	
es	{$n :percent}	int 1	"100\u00a0%"	
es	{$n :percent}	int -1	"-100\u00a0%"	
es	{$n :percent}	int 2	"200\u00a0%"	
es	{$n :percent}	int 5	"500\u00a0%"	
es	{$n :percent}	int 21	"2100\u00a0%"	
es	{$n :percent}	int 1000	"100.000\u00a0%"	
es	{$n :percent}	float 1.5	"150\u00a0%"	
es	{$n :percent}	decimal 1234.5	"123.450\u00a0%"	
es	{$n :percent}	decimal -1234567.891	"-123.456.789\u00a0%"	
es	{$n :percent}	decimal 0.001	"0\u00a0%"	
es	{$n :percent}	decimal 12345678901234567890	"1.234.567.890.123.456.789.000\u00a0%"	
es	{$n :percent maximumFractionDigits=1}	int 0	"0\u00a0%"	
es	{$n :percent maximumFractionDigits=1}	int 1	"100\u00a0%"	
es	{$n :percent maximumFractionDigits=1}	int -1	"-100\u00a0%"	
es	{$n :percent maximumFractionDigits=1}	int 2	"200\u00a0%"	
es	{$n :percent maximumFractionDigits=1}	int 5	"500\u00a0%"	
es	{$n :percent maximumFractionDigits=1}	int 21	"2100\u00a0%"	
es	{$n :percent maximumFractionDigits=1}	int 1000	"100.000\u00a0%"	
es	{$n :percent maximumFractionDigits=1}	float 1.5	"150\u00a0%"	
es	{$n :percent maximumFractionDigits=1}	decimal 1234.5	"123.450\u00a0%"	
es	{$n :percent maximumFractionDigits=1}	decimal -1234567.891	"-123.456.789,1\u00a0%"	
es	{$n :percent maximumFractionDigits=1}	decimal 0.001	"0,1\u00a0%"	
es	{$n :percent maximumFractionDigits=1}	decimal 12345678901234567890	"1.234.567.890.123.456.789.000\u00a0%"	
es	.input {$n :number} .match $n zero {{zero}} one {{one}} two {{two}} few {{few}} many {{many}} * {{other}}	int 0	"other"	
es	.input {$n :number} .match $n zero {{zero}} one {{one}} two {{two}} few {{few}} many {{many}} * {{other}}	int 1	"one"	
es	.input {$n :number} .match $n zero {{zero}} one {{one}} two {{two}} few {{few}} many {{many}} * {{other}}	int -1	"one"	
es	.input {$n :number} .match $n zero {{zero}} one {{one}} two {{two}} few {{few}} many {{many}} * {{other}}	int 2	"other"	
es	.input {$n :number} .match $n zero {{zero}} one {{one}} two {{two}} few {{few}} many {{many}} * {{other}}	int 5	"other"	
es	.input {$n :number} .match $n zero {{zero}} one {{one}} two {{two}} few {{few}} many {{many}} * {{other}}	int 21	"other"	
es	.input {$n :number} .match $n zero {{zero}} one {{one}} two {{two}} few {{few}} many {{many}} * {{other}}	int 1000	"other"	
es	.input {$n :number} .match $n zero {{zero}} one {{one}} two {{two}} few {{few}} many {{many}} * {{other}}	float 1.5	"other"	
es	.input {$n :number} .match $n zero {{zero}} one {{one}} two {{two}} few {{few}} many {{many}} * {{other}}	decimal 1234.5	"other"	
es	.input {$n :number} .match $n zero {{zero}} one {{one}} two {{two}} few {{few}} many {{many}} * {{other}}	decimal -1234567.891	"other"	
es	.input {$n :number} .match $n zero {{zero}} one {{one}} two {{two}} few {{few}} many {{many}} * {{other}}	decimal 0.001	"other"	
es	.input {$n :number} .match $n zero {{zero}} one {{one}} two {{two}} few {{few}} many {{many}} * {{other}}	decimal 12345678901234567890	"other"	
es	.input {$n :number select=ordinal} .match $n zero {{zero}} one {{one}} two {{two}} few {{few}} many {{many}} * {{other}}	int 0	"other"	
es	.input {$n :number select=ordinal} .match $n zero {{zero}} one {{one}} two {{two}} few {{few}} many {{many}} * {{other}}	int 1	"other"	
es	.input {$n :number select=ordinal} .match $n zero {{zero}} one {{one}} two {{two}} few {{few}} many {{many}} * {{other}}	int -1	"other"	
es	.input {$n :number select=ordinal} .match $n zero {{zero}} one {{one}} two {{two}} few {{few}} many {{many}} * {{other}}	int 2	"other"	
es	.input {$n :number select=ordinal} .match $n zero {{zero}} one {{one}} two {{two}} few {{few}} many {{many}} * {{other}}	int 5	"other"	
es	.input {$n :number select=ordinal} .match $n zero {{zero}} one {{one}} two {{two}} few {{few}} many {{many}} * {{other}}	int 21	"other"	
es	.input {$n :number select=ordinal} .match $n zero {{zero}} one {{one}} two {{two}} few {{few}} many {{many}} * {{other}}	int 1000	"other"	
es	.input {$n :number select=ordinal} .match $n zero {{zero}} one {{one}} two {{two}} few {{few}} many {{many}} * {{other}}	float 1.5	"other"	
es	.input {$n :number select=ordinal} .match $n zero {{zero}} one {{one}} two {{two}} few {{few}} many {{many}} * {{other}}	decimal 1234.5	"other"	
es	.input {$n :number select=ordinal} .match $n zero {{zero}} one {{one}} two {{two}} few {{few}} many {{many}} * {{other}}	decimal -1234567.891	"other"	
es	.input {$n :number select=ordinal} .match $n zero {{zero}} one {{one}} two {{two}} few {{few}} many {{many}} * {{other}}	decimal 0.001	"other"	
es	.input {$n :number select=ordinal} .match $n zero {{zero}} one {{one}} two {{two}} few {{few}} many {{many}} * {{other}}	decimal 12345678901234567890	"other"	
de	{$n}	int 0	"0"	
de	{$n}	int 1	"1"	
de	{$n}	int -1	"-1"	
de	{$n}	int 2	"2"	
de	{$n}	int 5	"5"	
de	{$n}	int 21	"21"	
de	{$n}	int 1000	"1.000"	
de	{$n}	float 1.5	"1,5"	
de	{$n}	decimal 1234.5	"1.234,5"	
de	{$n}	decimal -1234567.891	"-1.234.567,891"	
de	{$n}	decimal 0.001	"0,001"	
de	{$n}	decimal 12345678901234567890	"12.345.678.901.234.567.890"	
de	{$n :number}	int 0	"0"	
de	{$n :number}	int 1	"1"	
de	{$n :number}	int -1	"-1"	
de	{$n :number}	int 2	"2"	
de	{$n :number}	int 5	"5"	
de	{$n :number}	int 21	"21"	
de	{$n :number}	int 1000	"1.000"	
de	{$n :number}	float 1.5	"1,5"	
de	{$n :number}	decimal 1234.5	"1.234,5"	
de	{$n :number}	decimal -1234567.891	"-1.234.567,891"	
de	{$n :number}	decimal 0.001	"0,001"	
de	{$n :number}	decimal 12345678901234567890	"12.345.678.901.234.567.890"	
de	{$n :number minimumFractionDigits=2}	int 0	"0,00"	
de	{$n :number minimumFractionDigits=2}	int 1	"1,00"	
de	{$n :number minimumFractionDigits=2}	int -1	"-1,00"	
de	{$n :number minimumFractionDigits=2}	int 2	"2,00"	
de	{$n :number minimumFractionDigits=2}	int 5	"5,00"	
de	{$n :number minimumFractionDigits=2}	int 21	"21,00"	
de	{$n :number minimumFractionDigits=2}	int 1000	"1.000,00"	
de	{$n :number minimumFractionDigits=2}	float 1.5	"1,50"	
de	{$n :number minimumFractionDigits=2}	decimal 1234.5	"1.234,50"	
de	{$n :number minimumFractionDigits=2}	decimal -1234567.891	"-1.234.567,891"	
de	{$n :number minimumFractionDigits=2}	decimal 0.001	"0,001"	
de	{$n :number minimumFractionDigits=2}	decimal 12345678901234567890	"12.345.678.901.234.567.890,00"	
de	{$n :number maximumSignificantDigits=3}	int 0	"0"	
de	{$n :number maximumSignificantDigits=3}	int 1	"1"	
de	{$n :number maximumSignificantDigits=3}	int -1	"-1"	
de	{$n :number maximumSignificantDigits=3}	int 2	"2"	
de	{$n :number maximumSignificantDigits=3}	int 5	"5"	
de	{$n :number maximumSignificantDigits=3}	int 21	"21"	
de	{$n :number maximumSignificantDigits=3}	int 1000	"1.000"	
de	{$n :number maximumSignificantDigits=3}	float 1.5	"1,5"	
de	{$n :number maximumSignificantDigits=3}	decimal 1234.5	"1.230"	
de	{$n :number maximumSignificantDigits=3}	decimal -1234567.891	"-1.230.000"	
de	{$n :number maximumSignificantDigits=3}	decimal 0.001	"0,001"	
de	{$n :number maximumSignificantDigits=3}	decimal 12345678901234567890	"12.300.000.000.000.000.000"	
de	{$n :number useGrouping=always}	int 0	"0"	
de	{$n :number useGrouping=always}	int 1	"1"	
de	{$n :number useGrouping=always}	int -1	"-1"	
de	{$n :number useGrouping=always}	int 2	"2"	
de	{$n :number useGrouping=always}	int 5	"5"	
de	{$n :number useGrouping=always}	int 21	"21"	
de	{$n :number useGrouping=always}	int 1000	"1.000"	
de	{$n :number useGrouping=always}	float 1.5	"1,5"	
de	{$n :number useGrouping=always}	decimal 1234.5	"1.234,5"	
de	{$n :number useGrouping=always}	decimal -1234567.891	"-1.234.567,891"	
de	{$n :number useGrouping=always}	decimal 0.001	"0,001"	
de	{$n :number useGrouping=always}	decimal 12345678901234567890	"12.345.678.901.234.567.890"	
de	{$n :number useGrouping=never}	int 0	"0"	
de	{$n :number useGrouping=never}	int 1	"1"	
de	{$n :number useGrouping=never}	int -1	"-1"	
de	{$n :number useGrouping=never}	int 2	"2"	
de	{$n :number useGrouping=never}	int 5	"5"	
de	{$n :number useGrouping=never}	int 21	"21"	
de	{$n :number useGrouping=never}	int 1000	"1000"	
de	{$n :number useGrouping=never}	float 1.5	"1,5"	
de	{$n :number useGrouping=never}	decimal 1234.5	"1234,5"	
de	{$n :number useGrouping=never}	decimal -1234567.891	"-1234567,891"	
de	{$n :number useGrouping=never}	decimal 0.001	"0,001"	
de	{$n :number useGrouping=never}	decimal 12345678901234567890	"12345678901234567890"	
de	{$n :number signDisplay=always}	int 0	"+0"	
de	{$n :number signDisplay=always}	int 1	"+1"	
de	{$n :number signDisplay=always}	int -1	"-1"	
de	{$n :number signDisplay=always}	int 2	"+2"	
de	{$n :number signDisplay=always}	int 5	"+5"	
de	{$n :number signDisplay=always}	int 21	"+21"	
de	{$n :number signDisplay=always}	int 1000	"+1.000"	
de	{$n :number signDisplay=always}	float 1.5	"+1,5"	
de	{$n :number signDisplay=always}	decimal 1234.5	"+1.234,5"	
de	{$n :number signDisplay=always}	decimal -1234567.891	"-1.234.567,891"	
de	{$n :number signDisplay=always}	decimal 0.001	"+0,001"	
de	{$n :number signDisplay=always}	decimal 12345678901234567890	"+12.345.678.901.234.567.890"	
de	{$n :integer}	int 0	"0"	
de	{$n :integer}	int 1	"1"	
de	{$n :integer}	int -1	"-1"	
de	{$n :integer}	int 2	"2"	
de	{$n :integer}	int 5	"5"	
de	{$n :integer}	int 21	"21"	
de	{$n :integer}	int 1000	"1.000"	
de	{$n :integer}	float 1.5	"2"	
de	{$n :integer}	decimal 1234.5	"1.235"	
de	{$n :integer}	decimal -1234567.891	"-1.234.568"	
de	{$n :integer}	decimal 0.001	"0"	
de	{$n :integer}	decimal 12345678901234567890	"12.345.678.901.234.567.890"	
de	{$n :percent}	int 0	"0\u00a0%"	
de	{$n :percent}	int 1	"100\u00a0%"	
de	{$n :percent}	int -1	"-100\u00a0%"	
de	{$n :percent}	int 2	"200\u00a0%"	
de	{$n :percent}	int 5	"500\u00a0%"	
de	{$n :percent}	int 21	"2.100\u00a0%"	
de	{$n :percent}	int 1000	"100.000\u00a0%"	
de	{$n :percent}	float 1.5	"150\u00a0%"	
de	{$n :percent}	decimal 1234.5	"123.450\u00a0%"	
de	{$n :percent}	decimal -1234567.891	"-123.456.789\u00a0%"	
de	{$n :percent}	decimal 0.001	"0\u00a0%"	
de	{$n :percent}	decimal 12345678901234567890	"1.234.567.890.123.456.789.000\u00a0%"	
de	{$n :percent maximumFractionDigits=1}	int 0	"0\u00a0%"	
de	{$n :percent maximumFractionDigits=1}	int 1	"100\u00a0%"	
de	{$n :percent maximumFractionDigits=1}	int -1	"-100\u00a0%"	
de	{$n :percent maximumFractionDigits=1}	int 2	"200\u00a0%"	
de	{$n :percent maximumFractionDigits=1}	int 5	"500\u00a0%"	
de	{$n :percent maximumFractionDigits=1}	int 21	"2.100\u00a0%"	
de	{$n :percent maximumFractionDigits=1}	int 1000	"100.000\u00a0%"	
de	{$n :percent maximumFractionDigits=1}	float 1.5	"150\u00a0%"	
de	{$n :percent maximumFractionDigits=1}	decimal 1234.5	"123.450\u00a0%"	
de	{$n :percent maximumFractionDigits=1}	decimal -1234567.891	"-123.456.789,1\u00a0%"	
de	{$n :percent maximumFractionDigits=1}	decimal 0.001	"0,1\u00a0%"	
de	{$n :percent maximumFractionDigits=1}	decimal 12345678901234567890	"1.234.567.890.123.456.789.000\u00a0%"	
de	.input {$n :number} .match $n zero {{zero}} one {{one}} two {{two}} few {{few}} many {{many}} * {{other}}	int 0	"other"	
de	.input {$n :number} .match $n zero {{zero}} one {{one}} two {{two}} few {{few}} many {{many}} * {{other}}	int 1	"one"	
de	.input {$n :number} .match $n zero {{zero}} one {{one}} two {{two}} few {{few}} many {{many}} * {{other}}	int -1	"one"	
de	.input {$n :number} .match $n zero {{zero}} one {{one}} two {{two}} few {{few}} many {{many}} * {{other}}	int 2	"other"	
de	.input {$n :number} .match $n zero {{zero}} one {{one}} two {{two}} few {{few}} many {{many}} * {{other}}	int 5	"other"	
de	.input {$n :number} .match $n zero {{zero}} one {{one}} two {{two}} few {{few}} many {{many}} * {{other}}	int 21	"other"	
de	.input {$n :number} .match $n zero {{zero}} one {{one}} two {{two}} few {{few}} many {{many}} * {{other}}	int 1000	"other"	
de	.input {$n :number} .match $n zero {{zero}} one {{one}} two {{two}} few {{few}} many {{many}} * {{other}}	float 1.5	"other"	
de	.input {$n :number} .match $n zero {{zero}} one {{one}} two {{two}} few {{few}} many {{many}} * {{other}}	decimal 1234.5	"other"	
de	.input {$n :number} .match $n zero {{zero}} one {{one}} two {{two}} few {{few}} many {{many}} * {{other}}	decimal -1234567.891	"other"	
de	.input {$n :number} .match $n zero {{zero}} one {{one}} two {{two}} few {{few}} many {{many}} * {{other}}	decimal 0.001	"other"	
de	.input {$n :number} .match $n zero {{zero}} one {{one}} two {{two}} few {{few}} many {{many}} * {{other}}	decimal 12345678901234567890	"other"	
de	.input {$n :number select=ordinal} .match $n zero {{zero}} one {{one}} two {{two}} few {{few}} many {{many}} * {{other}}	int 0	"other"	
de	.input {$n :number select=ordinal} .match $n zero {{zero}} one {{one}} two {{two}} few {{few}} many {{many}} * {{other}}	int 1	"other"	
de	.input {$n :number select=ordinal} .match $n zero {{zero}} one {{one}} two {{two}} few {{few}} many {{many}} * {{other}}	int -1	"other"	
de	.input {$n :number select=ordinal} .match $n zero {{zero}} one {{one}} two {{two}} few {{few}} many {{many}} * {{other}}	int 2	"other"	
de	.input {$n :number select=ordinal} .match $n zero {{zero}} one {{one}} two {{two}} few {{few}} many {{many}} * {{other}}	int 5	"other"	
de	.input {$n :number select=ordinal} .match $n zero {{zero}} one {{one}} two {{two}} few {{few}} many {{many}} * {{other}}	int 21	"other"	
de	.input {$n :number select=ordinal} .match $n zero {{zero}} one {{one}} two {{two}} few {{few}} many {{many}} * {{other}}	int 1000	"other"	
de	.input {$n :number select=ordinal} .match $n zero {{zero}} one {{one}} two {{two}} few {{few}} many {{many}} * {{other}}	float 1.5	"other"	
de	.input {$n :number select=ordinal} .match $n zero {{zero}} one {{one}} two {{two}} few {{few}} many {{many}} * {{other}}	decimal 1234.5	"other"	
de	.input {$n :number select=ordinal} .match $n zero {{zero}} one {{one}} two {{two}} few {{few}} many {{many}} * {{other}}	decimal -1234567.891	"other"	
de	.input {$n :number select=ordinal} .match $n zero {{zero}} one {{one}} two {{two}} few {{few}} many {{many}} * {{other}}	decimal 0.001	"other"	
de	.input {$n :number select=ordinal} .match $n zero {{zero}} one {{one}} two {{two}} few {{few}} many {{many}} * {{other}}	decimal 12345678901234567890	"other"	
fr	{$n}	int 0	"0"	
fr	{$n}	int 1	"1"	
fr	{$n}	int -1	"-1"	
fr	{$n}	int 2	"2"	
fr	{$n}	int 5	"5"	
fr	{$n}	int 21	"21"	
fr	{$n}	int 1000	"1\u202f000"	
fr	{$n}	float 1.5	"1,5"	
fr	{$n}	decimal 1234.5	"1\u202f234,5"	
fr	{$n}	decimal -1234567.891	"-1\u202f234\u202f567,891"	
fr	{$n}	decimal 0.001	"0,001"	
fr	{$n}	decimal 12345678901234567890	"12\u202f345\u202f678\u202f901\u202f234\u202f567\u202f890"	
fr	{$n :number}	int 0	"0"	
fr	{$n :number}	int 1	"1"	
fr	{$n :number}	int -1	"-1"	
fr	{$n :number}	int 2	"2"	
fr	{$n :number}	int 5	"5"	
fr	{$n :number}	int 21	"21"	
fr	{$n :number}	int 1000	"1\u202f000"	
fr	{$n :number}	float 1.5	"1,5"	
fr	{$n :number}	decimal 1234.5	"1\u202f234,5"	
fr	{$n :number}	decimal -1234567.891	"-1\u202f234\u202f567,891"	
fr	{$n :number}	decimal 0.001	"0,001"	
fr	{$n :number}	decimal 12345678901234567890	"12\u202f345\u202f678\u202f901\u202f234\u202f567\u202f890"	
fr	{$n :number minimumFractionDigits=2}	int 0	"0,00"	
fr	{$n :number minimumFractionDigits=2}	int 1	"1,00"	
fr	{$n :number minimumFractionDigits=2}	int -1	"-1,00"	
fr	{$n :number minimumFractionDigits=2}	int 2	"2,00"	
fr	{$n :number minimumFractionDigits=2}	int 5	"5,00"	
fr	{$n :number minimumFractionDigits=2}	int 21	"21,00"	
fr	{$n :number minimumFractionDigits=2}	int 1000	"1\u202f000,00"	
fr	{$n :number minimumFractionDigits=2}	float 1.5	"1,50"	
fr	{$n :number minimumFractionDigits=2}	decimal 1234.5	"1\u202f234,50"	
fr	{$n :number minimumFractionDigits=2}	decimal -1234567.891	"-1\u202f234\u202f567,891"	
fr	{$n :number minimumFractionDigits=2}	decimal 0.001	"0,001"	
fr	{$n :number minimumFractionDigits=2}	decimal 12345678901234567890	"12\u202f345\u202f678\u202f901\u202f234\u202f567\u202f890,00"	
fr	{$n :number maximumSignificantDigits=3}	int 0	"0"	
fr	{$n :number maximumSignificantDigits=3}	int 1	"1"	
fr	{$n :number maximumSignificantDigits=3}	int -1	"-1"	
fr	{$n :number maximumSignificantDigits=3}	int 2	"2"	
fr	{$n :number maximumSignificantDigits=3}	int 5	"5"	
fr	{$n :number maximumSignificantDigits=3}	int 21	"21"	
fr	{$n :number maximumSignificantDigits=3}	int 1000	"1\u202f000"	
fr	{$n :number maximumSignificantDigits=3}	float 1.5	"1,5"	
fr	{$n :number maximumSignificantDigits=3}	decimal 1234.5	"1\u202f230"	
fr	{$n :number maximumSignificantDigits=3}	decimal -1234567.891	"-1\u202f230\u202f000"	
fr	{$n :number maximumSignificantDigits=3}	decimal 0.001	"0,001"	
fr	{$n :number maximumSignificantDigits=3}	decimal 12345678901234567890	"12\u202f300\u202f000\u202f000\u202f000\u202f000\u202f000"	
fr	{$n :number useGrouping=always}	int 0	"0"	
fr	{$n :number useGrouping=always}	int 1	"1"	
fr	{$n :number useGrouping=always}	int -1	"-1"	
fr	{$n :number useGrouping=always}	int 2	"2"	
fr	{$n :number useGrouping=always}	int 5	"5"	
fr	{$n :number useGrouping=always}	int 21	"21"	
fr	{$n :number useGrouping=always}	int 1000	"1\u202f000"	
fr	{$n :number useGrouping=always}	float 1.5	"1,5"	
fr	{$n :number useGrouping=always}	decimal 1234.5	"1\u202f234,5"	
fr	{$n :number useGrouping=always}	decimal -1234567.891	"-1\u202f234\u202f567,891"	
fr	{$n :number useGrouping=always}	decimal 0.001	"0,001"	
fr	{$n :number useGrouping=always}	decimal 12345678901234567890	"12\u202f345\u202f678\u202f901\u202f234\u202f567\u202f890"	
fr	{$n :number useGrouping=never}	int 0	"0"	
fr	{$n :number useGrouping=never}	int 1	"1"	
fr	{$n :number useGrouping=never}	int -1	"-1"	
fr	{$n :number useGrouping=never}	int 2	"2"	
fr	{$n :number useGrouping=never}	int 5	"5"	
fr	{$n :number useGrouping=never}	int 21	"21"	
fr	{$n :number useGrouping=never}	int 1000	"1000"	
fr	{$n :number useGrouping=never}	float 1.5	"1,5"	
fr	{$n :number useGrouping=never}	decimal 1234.5	"1234,5"	
fr	{$n :number useGrouping=never}	decimal -1234567.891	"-1234567,891"	
fr	{$n :number useGrouping=never}	decimal 0.001	"0,001"	
fr	{$n :number useGrouping=never}	decimal 12345678901234567890	"12345678901234567890"	
fr	{$n :number signDisplay=always}	int 0	"+0"	
fr	{$n :number signDisplay=always}	int 1	"+1"	
fr	{$n :number signDisplay=always}	int -1	"-1"	
fr	{$n :number signDisplay=always}	int 2	"+2"	
fr	{$n :number signDisplay=always}	int 5	"+5"	
fr	{$n :number signDisplay=always}	int 21	"+21"	
fr	{$n :number signDisplay=always}	int 1000	"+1\u202f000"	
fr	{$n :number signDisplay=always}	float 1.5	"+1,5"	
fr	{$n :number signDisplay=always}	decimal 1234.5	"+1\u202f234,5"	
fr	{$n :number signDisplay=always}	decimal -1234567.891	"-1\u202f234\u202f567,891"	
fr	{$n :number signDisplay=always}	decimal 0.001	"+0,001"	
fr	{$n :number signDisplay=always}	decimal 12345678901234567890	"+12\u202f345\u202f678\u202f901\u202f234\u202f567\u202f890"	
fr	{$n :integer}	int 0	"0"	
fr	{$n :integer}	int 1	"1"	
fr	{$n :integer}	int -1	"-1"	
fr	{$n :integer}	int 2	"2"	
fr	{$n :integer}	int 5	"5"	
fr	{$n :integer}	int 21	"21"	
fr	{$n :integer}	int 1000	"1\u202f000"	
fr	{$n :integer}	float 1.5	"2"	
fr	{$n :integer}	decimal 1234.5	"1\u202f235"	
fr	{$n :integer}	decimal -1234567.891	"-1\u202f234\u202f568"	
fr	{$n :integer}	decimal 0.001	"0"	
fr	{$n :integer}	decimal 12345678901234567890	"12\u202f345\u202f678\u202f901\u202f234\u202f567\u202f890"	
fr	{$n :percent}	int 0	"0\u00a0%"	
fr	{$n :percent}	int 1	"100\u00a0%"	
fr	{$n :percent}	int -1	"-100\u00a0%"	
fr	{$n :percent}	int 2	"200\u00a0%"	
fr	{$n :percent}	int 5	"500\u00a0%"	
fr	{$n :percent}	int 21	"2\u202f100\u00a0%"	
fr	{$n :percent}	int 1000	"100\u202f000\u00a0%"	
fr	{$n :percent}	float 1.5	"150\u00a0%"	
fr	{$n :percent}	decimal 1234.5	"123\u202f450\u00a0%"	
fr	{$n :percent}	decimal -1234567.891	"-123\u202f456\u202f789\u00a0%"	
fr	{$n :percent}	decimal 0.001	"0\u00a0%"	
fr	{$n :percent}	decimal 12345678901234567890	"1\u202f234\u202f567\u202f890\u202f123\u202f456\u202f789\u202f000\u00a0%"	
fr	{$n :percent maximumFractionDigits=1}	int 0	"0\u00a0%"	
fr	{$n :percent maximumFractionDigits=1}	int 1	"100\u00a0%"	
fr	{$n :percent maximumFractionDigits=1}	int -1	"-100\u00a0%"	
fr	{$n :percent maximumFractionDigits=1}	int 2	"200\u00a0%"	
fr	{$n :percent maximumFractionDigits=1}	int 5	"500\u00a0%"	
fr	{$n :percent maximumFractionDigits=1}	int 21	"2\u202f100\u00a0%"	
fr	{$n :percent maximumFractionDigits=1}	int 1000	"100\u202f000\u00a0%"	
fr	{$n :percent maximumFractionDigits=1}	float 1.5	"150\u00a0%"	
fr	{$n :percent maximumFractionDigits=1}	decimal 1234.5	"123\u202f450\u00a0%"	
fr	{$n :percent maximumFractionDigits=1}	decimal -1234567.891	"-123\u202f456\u202f789,1\u00a0%"	
fr	{$n :percent maximumFractionDigits=1}	decimal 0.001	"0,1\u00a0%"	
fr	{$n :percent maximumFractionDigits=1}	decimal 12345678901234567890	"1\u202f234\u202f567\u202f890\u202f123\u202f456\u202f789\u202f000\u00a0%"	
fr	.input {$n :number} .match $n zero {{zero}} one {{one}} two {{two}} few {{few}} many {{many}} * {{other}}	int 0	"one"	
fr	.input {$n :number} .match $n zero {{zero}} one {{one}} two {{two}} few {{few}} many {{many}} * {{other}}	int 1	"one"	
fr	.input {$n :number} .match $n zero {{zero}} one {{one}} two {{two}} few {{few}} many {{many}} * {{other}}	int -1	"one"	
fr	.input {$n :number} .match $n zero {{zero}} one {{one}} two {{two}} few {{few}} many {{many}} * {{other}}	int 2	"other"	
fr	.input {$n :number} .match $n zero {{zero}} one {{one}} two {{two}} few {{few}} many {{many}} * {{other}}	int 5	"other"	
fr	.input {$n :number} .match $n zero {{zero}} one {{one}} two {{two}} few {{few}} many {{many}} * {{other}}	int 21	"other"	
fr	.input {$n :number} .match $n zero {{zero}} one {{one}} two {{two}} few {{few}} many {{many}} * {{other}}	int 1000	"other"	
fr	.input {$n :number} .match $n zero {{zero}} one {{one}} two {{two}} few {{few}} many {{many}} * {{other}}	float 1.5	"one"	
fr	.input {$n :number} .match $n zero {{zero}} one {{one}} two {{two}} few {{few}} many {{many}} * {{other}}	decimal 1234.5	"other"	
fr	.input {$n :number} .match $n zero {{zero}} one {{one}} two {{two}} few {{few}} many {{many}} * {{other}}	decimal -1234567.891	"other"	
fr	.input {$n :number} .match $n zero {{zero}} one {{one}} two {{two}} few {{few}} many {{many}} * {{other}}	decimal 0.001	"one"	
fr	.input {$n :number} .match $n zero {{zero}} one {{one}} two {{two}} few {{few}} many {{many}} * {{other}}	decimal 12345678901234567890	"other"	
fr	.input {$n :number select=ordinal} .match $n zero {{zero}} one {{one}} two {{two}} few {{few}} many {{many}} * {{other}}	int 0	"other"	
fr	.input {$n :number select=ordinal} .match $n zero {{zero}} one {{one}} two {{two}} few {{few}} many {{many}} * {{other}}	int 1	"one"	
fr	.input {$n :number select=ordinal} .match $n zero {{zero}} one {{one}} two {{two}} few {{few}} many {{many}} * {{other}}	int -1	"one"	
fr	.input {$n :number select=ordinal} .match $n zero {{zero}} one {{one}} two {{two}} few {{few}} many {{many}} * {{other}}	int 2	"other"	
fr	.input {$n :number select=ordinal} .match $n zero {{zero}} one {{one}} two {{two}} few {{few}} many {{many}} * {{other}}	int 5	"other"	
fr	.input {$n :number select=ordinal} .match $n zero {{zero}} one {{one}} two {{two}} few {{few}} many {{many}} * {{other}}	int 21	"other"	
fr	.input {$n :number select=ordinal} .match $n zero {{zero}} one {{one}} two {{two}} few {{few}} many {{many}} * {{other}}	int 1000	"other"	
fr	.input {$n :number select=ordinal} .match $n zero {{zero}} one {{one}} two {{two}} few {{few}} many {{many}} * {{other}}	float 1.5	"other"	
fr	.input {$n :number select=ordinal} .match $n zero {{zero}} one {{one}} two {{two}} few {{few}} many {{many}} * {{other}}	decimal 1234.5	"other"	
fr	.input {$n :number select=ordinal} .match $n zero {{zero}} one {{one}} two {{two}} few {{few}} many {{many}} * {{other}}	decimal -1234567.891	"other"	
fr	.input {$n :number select=ordinal} .match $n zero {{zero}} one {{one}} two {{two}} few {{few}} many {{many}} * {{other}}	decimal 0.001	"other"	
fr	.input {$n :number select=ordinal} .match $n zero {{zero}} one {{one}} two {{two}} few {{few}} many {{many}} * {{other}}	decimal 12345678901234567890	"other"	
ar	{$n}	int 0	"0"	
ar	{$n}	int 1	"1"	
ar	{$n}	int -1	"\u200e-1"	
ar	{$n}	int 2	"2"	
ar	{$n}	int 5	"5"	
ar	{$n}	int 21	"21"	
ar	{$n}	int 1000	"1,000"	
ar	{$n}	float 1.5	"1.5"	
ar	{$n}	decimal 1234.5	"1,234.5"	
ar	{$n}	decimal -1234567.891	"\u200e-1,234,567.891"	
ar	{$n}	decimal 0.001	"0.001"	
ar	{$n}	decimal 12345678901234567890	"12,345,678,901,234,567,890"	
ar	{$n :number}	int 0	"0"	
ar	{$n :number}	int 1	"1"	
ar	{$n :number}	int -1	"\u200e-1"	
ar	{$n :number}	int 2	"2"	
ar	{$n :number}	int 5	"5"	
ar	{$n :number}	int 21	"21"	
ar	{$n :number}	int 1000	"1,000"	
ar	{$n :number}	float 1.5	"1.5"	
ar	{$n :number}	decimal 1234.5	"1,234.5"	
ar	{$n :number}	decimal -1234567.891	"\u200e-1,234,567.891"	
ar	{$n :number}	decimal 0.001	"0.001"	
ar	{$n :number}	decimal 12345678901234567890	"12,345,678,901,234,567,890"	
ar	{$n :number minimumFractionDigits=2}	int 0	"0.00"	
ar	{$n :number minimumFractionDigits=2}	int 1	"1.00"	
ar	{$n :number minimumFractionDigits=2}	int -1	"\u200e-1.00"	
ar	{$n :number minimumFractionDigits=2}	int 2	"2.00"	
ar	{$n :number minimumFractionDigits=2}	int 5	"5.00"	
ar	{$n :number minimumFractionDigits=2}	int 21	"21.00"	
ar	{$n :number minimumFractionDigits=2}	int 1000	"1,000.00"	
ar	{$n :number minimumFractionDigits=2}	float 1.5	"1.50"	
ar	{$n :number minimumFractionDigits=2}	decimal 1234.5	"1,234.50"	
ar	{$n :number minimumFractionDigits=2}	decimal -1234567.891	"\u200e-1,234,567.891"	
ar	{$n :number minimumFractionDigits=2}	decimal 0.001	"0.001"	
ar	{$n :number minimumFractionDigits=2}	decimal 12345678901234567890	"12,345,678,901,234,567,890.00"	
ar	{$n :number maximumSignificantDigits=3}	int 0	"0"	
ar	{$n :number maximumSignificantDigits=3}	int 1	"1"	
ar	{$n :number maximumSignificantDigits=3}	int -1	"\u200e-1"	
ar	{$n :number maximumSignificantDigits=3}	int 2	"2"	
ar	{$n :number maximumSignificantDigits=3}	int 5	"5"	
ar	{$n :number maximumSignificantDigits=3}	int 21	"21"	
ar	{$n :number maximumSignificantDigits=3}	int 1000	"1,000"	
ar	{$n :number maximumSignificantDigits=3}	float 1.5	"1.5"	
ar	{$n :number maximumSignificantDigits=3}	decimal 1234.5	"1,230"	
ar	{$n :number maximumSignificantDigits=3}	decimal -1234567.891	"\u200e-1,230,000"	
ar	{$n :number maximumSignificantDigits=3}	decimal 0.001	"0.001"	
ar	{$n :number maximumSignificantDigits=3}	decimal 12345678901234567890	"12,300,000,000,000,000,000"	
ar	{$n :number useGrouping=always}	int 0	"0"	
ar	{$n :number useGrouping=always}	int 1	"1"	
ar	{$n :number useGrouping=always}	int -1	"\u200e-1"	
ar	{$n :number useGrouping=always}	int 2	"2"	
ar	{$n :number useGrouping=always}	int 5	"5"	
ar	{$n :number useGrouping=always}	int 21	"21"	
ar	{$n :number useGrouping=always}	int 1000	"1,000"	
ar	{$n :number useGrouping=always}	float 1.5	"1.5"	
ar	{$n :number useGrouping=always}	decimal 1234.5	"1,234.5"	
ar	{$n :number useGrouping=always}	decimal -1234567.891	"\u200e-1,234,567.891"	
ar	{$n :number useGrouping=always}	decimal 0.001	"0.001"	
ar	{$n :number useGrouping=always}	decimal 12345678901234567890	"12,345,678,901,234,567,890"	
ar	{$n :number useGrouping=never}	int 0	"0"	
ar	{$n :number useGrouping=never}	int 1	"1"	
ar	{$n :number useGrouping=never}	int -1	"\u200e-1"	
ar	{$n :number useGrouping=never}	int 2	"2"	
ar	{$n :number useGrouping=never}	int 5	"5"	
ar	{$n :number useGrouping=never}	int 21	"21"	
ar	{$n :number useGrouping=never}	int 1000	"1000"	
ar	{$n :number useGrouping=never}	float 1.5	"1.5"	
ar	{$n :number useGrouping=never}	decimal 1234.5	"1234.5"	
ar	{$n :number useGrouping=never}	decimal -1234567.891	"\u200e-1234567.891"	
ar	{$n :number useGrouping=never}	decimal 0.001	"0.001"	
ar	{$n :number useGrouping=never}	decimal 12345678901234567890	"12345678901234567890"	
ar	{$n :number signDisplay=always}	int 0	"\u200e+0"	
ar	{$n :number signDisplay=always}	int 1	"\u200e+1"	
ar	{$n :number signDisplay=always}	int -1	"\u200e-1"	
ar	{$n :number signDisplay=always}	int 2	"\u200e+2"	
ar	{$n :number signDisplay=always}	int 5	"\u200e+5"	
ar	{$n :number signDisplay=always}	int 21	"\u200e+21"	
ar	{$n :number signDisplay=always}	int 1000	"\u200e+1,000"	
ar	{$n :number signDisplay=always}	float 1.5	"\u200e+1.5"	
ar	{$n :number signDisplay=always}	decimal 1234.5	"\u200e+1,234.5"	
ar	{$n :number signDisplay=always}	decimal -1234567.891	"\u200e-1,234,567.891"	
ar	{$n :number signDisplay=always}	decimal 0.001	"\u200e+0.001"	
ar	{$n :number signDisplay=always}	decimal 12345678901234567890	"\u200e+12,345,678,901,234,567,890"	
ar	{$n :integer}	int 0	"0"	
ar	{$n :integer}	int 1	"1"	
ar	{$n :integer}	int -1	"\u200e-1"	
ar	{$n :integer}	int 2	"2"	
ar	{$n :integer}	int 5	"5"	
ar	{$n :integer}	int 21	"21"	
ar	{$n :integer}	int 1000	"1,000"	
ar	{$n :integer}	float 1.5	"2"	
ar	{$n :integer}	decimal 1234.5	"1,235"	
ar	{$n :integer}	decimal -1234567.891	"\u200e-1,234,568"	
ar	{$n :integer}	decimal 0.001	"0"	
ar	{$n :integer}	decimal 12345678901234567890	"12,345,678,901,234,567,890"	
ar	{$n :percent}	int 0	"0\u200e%\u200e"	
ar	{$n :percent}	int 1	"100\u200e%\u200e"	
ar	{$n :percent}	int -1	"\u200e-100\u200e%\u200e"	
ar	{$n :percent}	int 2	"200\u200e%\u200e"	
ar	{$n :percent}	int 5	"500\u200e%\u200e"	
ar	{$n :percent}	int 21	"2,100\u200e%\u200e"	
ar	{$n :percent}	int 1000	"100,000\u200e%\u200e"	
ar	{$n :percent}	float 1.5	"150\u200e%\u200e"	
ar	{$n :percent}	decimal 1234.5	"123,450\u200e%\u200e"	
ar	{$n :percent}	decimal -1234567.891	"\u200e-123,456,789\u200e%\u200e"	
ar	{$n :percent}	decimal 0.001	"0\u200e%\u200e"	
ar	{$n :percent}	decimal 12345678901234567890	"1,234,567,890,123,456,789,000\u200e%\u200e"	
ar	{$n :percent maximumFractionDigits=1}	int 0	"0\u200e%\u200e"	
ar	{$n :percent maximumFractionDigits=1}	int 1	"100\u200e%\u200e"	
ar	{$n :percent maximumFractionDigits=1}	int -1	"\u200e-100\u200e%\u200e"	
ar	{$n :percent maximumFractionDigits=1}	int 2	"200\u200e%\u200e"	
ar	{$n :percent maximumFractionDigits=1}	int 5	"500\u200e%\u200e"	
ar	{$n :percent maximumFractionDigits=1}	int 21	"2,100\u200e%\u200e"	
ar	{$n :percent maximumFractionDigits=1}	int 1000	"100,000\u200e%\u200e"	
ar	{$n :percent maximumFractionDigits=1}	float 1.5	"150\u200e%\u200e"	
ar	{$n :percent maximumFractionDigits=1}	decimal 1234.5	"123,450\u200e%\u200e"	
ar	{$n :percent maximumFractionDigits=1}	decimal -1234567.891	"\u200e-123,456,789.1\u200e%\u200e"	
ar	{$n :percent maximumFractionDigits=1}	decimal 0.001	"0.1\u200e%\u200e"	
ar	{$n :percent maximumFractionDigits=1}	decimal 12345678901234567890	"1,234,567,890,123,456,789,000\u200e%\u200e"	
ar	.input {$n :number} .match $n zero {{zero}} one {{one}} two {{two}} few {{few}} many {{many}} * {{other}}	int 0	"zero"	
ar	.input {$n :number} .match $n zero {{zero}} one {{one}} two {{two}} few {{few}} many {{many}} * {{other}}	int 1	"one"	
ar	.input {$n :number} .match $n zero {{zero}} one {{one}} two {{two}} few {{few}} many {{many}} * {{other}}	int -1	"one"	
ar	.input {$n :number} .match $n zero {{zero}} one {{one}} two {{two}} few {{few}} many {{many}} * {{other}}	int 2	"two"	
ar	.input {$n :number} .match $n zero {{zero}} one {{one}} two {{two}} few {{few}} many {{many}} * {{other}}	int 5	"few"	
ar	.input {$n :number} .match $n zero {{zero}} one {{one}} two {{two}} few {{few}} many {{many}} * {{other}}	int 21	"many"	
ar	.input {$n :number} .match $n zero {{zero}} one {{one}} two {{two}} few {{few}} many {{many}} * {{other}}	int 1000	"other"	
ar	.input {$n :number} .match $n zero {{zero}} one {{one}} two {{two}} few {{few}} many {{many}} * {{other}}	float 1.5	"other"	
ar	.input {$n :number} .match $n zero {{zero}} one {{one}} two {{two}} few {{few}} many {{many}} * {{other}}	decimal 1234.5	"other"	
ar	.input {$n :number} .match $n zero {{zero}} one {{one}} two {{two}} few {{few}} many {{many}} * {{other}}	decimal -1234567.891	"other"	
ar	.input {$n :number} .match $n zero {{zero}} one {{one}} two {{two}} few {{few}} many {{many}} * {{other}}	decimal 0.001	"other"	
ar	.input {$n :number} .match $n zero {{zero}} one {{one}} two {{two}} few {{few}} many {{many}} * {{other}}	decimal 12345678901234567890	"many"	
ar	.input {$n :number select=ordinal} .match $n zero {{zero}} one {{one}} two {{two}} few {{few}} many {{many}} * {{other}}	int 0	"other"	
ar	.input {$n :number select=ordinal} .match $n zero {{zero}} one {{one}} two {{two}} few {{few}} many {{many}} * {{other}}	int 1	"other"	
ar	.input {$n :number select=ordinal} .match $n zero {{zero}} one {{one}} two {{two}} few {{few}} many {{many}} * {{other}}	int -1	"other"	
ar	.input {$n :number select=ordinal} .match $n zero {{zero}} one {{one}} two {{two}} few {{few}} many {{many}} * {{other}}	int 2	"other"	
ar	.input {$n :number select=ordinal} .match $n zero {{zero}} one {{one}} two {{two}} few {{few}} many {{many}} * {{other}}	int 5	"other"	
ar	.input {$n :number select=ordinal} .match $n zero {{zero}} one {{one}} two {{two}} few {{few}} many {{many}} * {{other}}	int 21	"other"	
ar	.input {$n :number select=ordinal} .match $n zero {{zero}} one {{one}} two {{two}} few {{few}} many {{many}} * {{other}}	int 1000	"other"	
ar	.input {$n :number select=ordinal} .match $n zero {{zero}} one {{one}} two {{two}} few {{few}} many {{many}} * {{other}}	float 1.5	"other"	
ar	.input {$n :number select=ordinal} .match $n zero {{zero}} one {{one}} two {{two}} few {{few}} many {{many}} * {{other}}	decimal 1234.5	"other"	
ar	.input {$n :number select=ordinal} .match $n zero {{zero}} one {{one}} two {{two}} few {{few}} many {{many}} * {{other}}	decimal -1234567.891	"other"	
ar	.input {$n :number select=ordinal} .match $n zero {{zero}} one {{one}} two {{two}} few {{few}} many {{many}} * {{other}}	decimal 0.001	"other"	
ar	.input {$n :number select=ordinal} .match $n zero {{zero}} one {{one}} two {{two}} few {{few}} many {{many}} * {{other}}	decimal 12345678901234567890	"other"	
he	{$n}	int 0	"0"	
he	{$n}	int 1	"1"	
he	{$n}	int -1	"\u200e-1"	
he	{$n}	int 2	"2"	
he	{$n}	int 5	"5"	
he	{$n}	int 21	"21"	
he	{$n}	int 1000	"1,000"	
he	{$n}	float 1.5	"1.5"	
he	{$n}	decimal 1234.5	"1,234.5"	
he	{$n}	decimal -1234567.891	"\u200e-1,234,567.891"	
he	{$n}	decimal 0.001	"0.001"	
he	{$n}	decimal 12345678901234567890	"12,345,678,901,234,567,890"	
he	{$n :number}	int 0	"0"	
he	{$n :number}	int 1	"1"	
he	{$n :number}	int -1	"\u200e-1"	
he	{$n :number}	int 2	"2"	
he	{$n :number}	int 5	"5"	
he	{$n :number}	int 21	"21"	
he	{$n :number}	int 1000	"1,000"	
he	{$n :number}	float 1.5	"1.5"	
he	{$n :number}	decimal 1234.5	"1,234.5"	
he	{$n :number}	decimal -1234567.891	"\u200e-1,234,567.891"	
he	{$n :number}	decimal 0.001	"0.001"	
he	{$n :number}	decimal 12345678901234567890	"12,345,678,901,234,567,890"	
he	{$n :number minimumFractionDigits=2}	int 0	"0.00"	
he	{$n :number minimumFractionDigits=2}	int 1	"1.00"	
he	{$n :number minimumFractionDigits=2}	int -1	"\u200e-1.00"	
he	{$n :number minimumFractionDigits=2}	int 2	"2.00"	
he	{$n :number minimumFractionDigits=2}	int 5	"5.00"	
he	{$n :number minimumFractionDigits=2}	int 21	"21.00"	
he	{$n :number minimumFractionDigits=2}	int 1000	"1,000.00"	
he	{$n :number minimumFractionDigits=2}	float 1.5	"1.50"	
he	{$n :number minimumFractionDigits=2}	decimal 1234.5	"1,234.50"	
he	{$n :number minimumFractionDigits=2}	decimal -1234567.891	"\u200e-1,234,567.891"	
he	{$n :number minimumFractionDigits=2}	decimal 0.001	"0.001"	
he	{$n :number minimumFractionDigits=2}	decimal 12345678901234567890	"12,345,678,901,234,567,890.00"	
he	{$n :number maximumSignificantDigits=3}	int 0	"0"	
he	{$n :number maximumSignificantDigits=3}	int 1	"1"	
he	{$n :number maximumSignificantDigits=3}	int -1	"\u200e-1"	
he	{$n :number maximumSignificantDigits=3}	int 2	"2"	
he	{$n :number maximumSignificantDigits=3}	int 5	"5"	
he	{$n :number maximumSignificantDigits=3}	int 21	"21"	
he	{$n :number maximumSignificantDigits=3}	int 1000	"1,000"	
he	{$n :number maximumSignificantDigits=3}	float 1.5	"1.5"	
he	{$n :number maximumSignificantDigits=3}	decimal 1234.5	"1,230"	
he	{$n :number maximumSignificantDigits=3}	decimal -1234567.891	"\u200e-1,230,000"	
he	{$n :number maximumSignificantDigits=3}	decimal 0.001	"0.001"	
he	{$n :number maximumSignificantDigits=3}	decimal 12345678901234567890	"12,300,000,000,000,000,000"	
he	{$n :number useGrouping=always}	int 0	"0"	
he	{$n :number useGrouping=always}	int 1	"1"	
he	{$n :number useGrouping=always}	int -1	"\u200e-1"	
he	{$n :number useGrouping=always}	int 2	"2"	
he	{$n :number useGrouping=always}	int 5	"5"	
he	{$n :number useGrouping=always}	int 21	"21"	
he	{$n :number useGrouping=always}	int 1000	"1,000"	
he	{$n :number useGrouping=always}	float 1.5	"1.5"	
he	{$n :number useGrouping=always}	decimal 1234.5	"1,234.5"	
he	{$n :number useGrouping=always}	decimal -1234567.891	"\u200e-1,234,567.891"	
he	{$n :number useGrouping=always}	decimal 0.001	"0.001"	
he	{$n :number useGrouping=always}	decimal 12345678901234567890	"12,345,678,901,234,567,890"	
he	{$n :number useGrouping=never}	int 0	"0"	
he	{$n :number useGrouping=never}	int 1	"1"	
he	{$n :number useGrouping=never}	int -1	"\u200e-1"	
he	{$n :number useGrouping=never}	int 2	"2"	
he	{$n :number useGrouping=never}	int 5	"5"	
he	{$n :number useGrouping=never}	int 21	"21"	
he	{$n :number useGrouping=never}	int 1000	"1000"	
he	{$n :number useGrouping=never}	float 1.5	"1.5"	
he	{$n :number useGrouping=never}	decimal 1234.5	"1234.5"	
he	{$n :number useGrouping=never}	decimal -1234567.891	"\u200e-1234567.891"	
he	{$n :number useGrouping=never}	decimal 0.001	"0.001"	
he	{$n :number useGrouping=never}	decimal 12345678901234567890	"12345678901234567890"	
he	{$n :number signDisplay=always}	int 0	"\u200e+0"	
he	{$n :number signDisplay=always}	int 1	"\u200e+1"	
he	{$n :number signDisplay=always}	int -1	"\u200e-1"	
he	{$n :number signDisplay=always}	int 2	"\u200e+2"	
he	{$n :number signDisplay=always}	int 5	"\u200e+5"	
he	{$n :number signDisplay=always}	int 21	"\u200e+21"	
he	{$n :number signDisplay=always}	int 1000	"\u200e+1,000"	
he	{$n :number signDisplay=always}	float 1.5	"\u200e+1.5"	
he	{$n :number signDisplay=always}	decimal 1234.5	"\u200e+1,234.5"	
he	{$n :number signDisplay=always}	decimal -1234567.891	"\u200e-1,234,567.891"	
he	{$n :number signDisplay=always}	decimal 0.001	"\u200e+0.001"	
he	{$n :number signDisplay=always}	decimal 12345678901234567890	"\u200e+12,345,678,901,234,567,890"	
he	{$n :integer}	int 0	"0"	
he	{$n :integer}	int 1	"1"	
he	{$n :integer}	int -1	"\u200e-1"	
he	{$n :integer}	int 2	"2"	
he	{$n :integer}	int 5	"5"	
he	{$n :integer}	int 21	"21"	
he	{$n :integer}	int 1000	"1,000"	
he	{$n :integer}	float 1.5	"2"	
he	{$n :integer}	decimal 1234.5	"1,235"	
he	{$n :integer}	decimal -1234567.891	"\u200e-1,234,568"	
he	{$n :integer}	decimal 0.001	"0"	
he	{$n :integer}	decimal 12345678901234567890	"12,345,678,901,234,567,890"	
he	{$n :percent}	int 0	"0%"	
he	{$n :percent}	int 1	"100%"	
he	{$n :percent}	int -1	"\u200e-100%"	
he	{$n :percent}	int 2	"200%"	
he	{$n :percent}	int 5	"500%"	
he	{$n :percent}	int 21	"2,100%"	
he	{$n :percent}	int 1000	"100,000%"	
he	{$n :percent}	float 1.5	"150%"	
he	{$n :percent}	decimal 1234.5	"123,450%"	
he	{$n :percent}	decimal -1234567.891	"\u200e-123,456,789%"	
he	{$n :percent}	decimal 0.001	"0%"	
he	{$n :percent}	decimal 12345678901234567890	"1,234,567,890,123,456,789,000%"	
he	{$n :percent maximumFractionDigits=1}	int 0	"0%"	
he	{$n :percent maximumFractionDigits=1}	int 1	"100%"	
he	{$n :percent maximumFractionDigits=1}	int -1	"\u200e-100%"	
he	{$n :percent maximumFractionDigits=1}	int 2	"200%"	
he	{$n :percent maximumFractionDigits=1}	int 5	"500%"	
he	{$n :percent maximumFractionDigits=1}	int 21	"2,100%"	
he	{$n :percent maximumFractionDigits=1}	int 1000	"100,000%"	
he	{$n :percent maximumFractionDigits=1}	float 1.5	"150%"	
he	{$n :percent maximumFractionDigits=1}	decimal 1234.5	"123,450%"	
he	{$n :percent maximumFractionDigits=1}	decimal -1234567.891	"\u200e-123,456,789.1%"	
he	{$n :percent maximumFractionDigits=1}	decimal 0.001	"0.1%"	
he	{$n :percent maximumFractionDigits=1}	decimal 12345678901234567890	"1,234,567,890,123,456,789,000%"	
he	.input {$n :number} .match $n zero {{zero}} one {{one}} two {{two}} few {{few}} many {{many}} * {{other}}	int 0	"other"	
he	.input {$n :number} .match $n zero {{zero}} one {{one}} two {{two}} few {{few}} many {{many}} * {{other}}	int 1	"one"	
he	.input {$n :number} .match $n zero {{zero}} one {{one}} two {{two}} few {{few}} many {{many}} * {{other}}	int -1	"one"	
he	.input {$n :number} .match $n zero {{zero}} one {{one}} two {{two}} few {{few}} many {{many}} * {{other}}	int 2	"two"	
he	.input {$n :number} .match $n zero {{zero}} one {{one}} two {{two}} few {{few}} many {{many}} * {{other}}	int 5	"other"	
he	.input {$n :number} .match $n zero {{zero}} one {{one}} two {{two}} few {{few}} many {{many}} * {{other}}	int 21	"other"	
he	.input {$n :number} .match $n zero {{zero}} one {{one}} two {{two}} few {{few}} many {{many}} * {{other}}	int 1000	"other"	
he	.input {$n :number} .match $n zero {{zero}} one {{one}} two {{two}} few {{few}} many {{many}} * {{other}}	float 1.5	"other"	
he	.input {$n :number} .match $n zero {{zero}} one {{one}} two {{two}} few {{few}} many {{many}} * {{other}}	decimal 1234.5	"other"	
he	.input {$n :number} .match $n zero {{zero}} one {{one}} two {{two}} few {{few}} many {{many}} * {{other}}	decimal -1234567.891	"other"	
he	.input {$n :number} .match $n zero {{zero}} one {{one}} two {{two}} few {{few}} many {{many}} * {{other}}	decimal 0.001	"one"	
he	.input {$n :number} .match $n zero {{zero}} one {{one}} two {{two}} few {{few}} many {{many}} * {{other}}	decimal 12345678901234567890	"other"	
he	.input {$n :number select=ordinal} .match $n zero {{zero}} one {{one}} two {{two}} few {{few}} many {{many}} * {{other}}	int 0	"other"	
he	.input {$n :number select=ordinal} .match $n zero {{zero}} one {{one}} two {{two}} few {{few}} many {{many}} * {{other}}	int 1	"other"	
he	.input {$n :number select=ordinal} .match $n zero {{zero}} one {{one}} two {{two}} few {{few}} many {{many}} * {{other}}	int -1	"other"	
he	.input {$n :number select=ordinal} .match $n zero {{zero}} one {{one}} two {{two}} few {{few}} many {{many}} * {{other}}	int 2	"other"	
he	.input {$n :number select=ordinal} .match $n zero {{zero}} one {{one}} two {{two}} few {{few}} many {{many}} * {{other}}	int 5	"other"	
he	.input {$n :number select=ordinal} .match $n zero {{zero}} one {{one}} two {{two}} few {{few}} many {{many}} * {{other}}	int 21	"other"	
he	.input {$n :number select=ordinal} .match $n zero {{zero}} one {{one}} two {{two}} few {{few}} many {{many}} * {{other}}	int 1000	"other"	
he	.input {$n :number select=ordinal} .match $n zero {{zero}} one {{one}} two {{two}} few {{few}} many {{many}} * {{other}}	float 1.5	"other"	
he	.input {$n :number select=ordinal} .match $n zero {{zero}} one {{one}} two {{two}} few {{few}} many {{many}} * {{other}}	decimal 1234.5	"other"	
he	.input {$n :number select=ordinal} .match $n zero {{zero}} one {{one}} two {{two}} few {{few}} many {{many}} * {{other}}	decimal -1234567.891	"other"	
he	.input {$n :number select=ordinal} .match $n zero {{zero}} one {{one}} two {{two}} few {{few}} many {{many}} * {{other}}	decimal 0.001	"other"	
he	.input {$n :number select=ordinal} .match $n zero {{zero}} one {{one}} two {{two}} few {{few}} many {{many}} * {{other}}	decimal 12345678901234567890	"other"	
ja	{$n}	int 0	"0"	
ja	{$n}	int 1	"1"	
ja	{$n}	int -1	"-1"	
ja	{$n}	int 2	"2"	
ja	{$n}	int 5	"5"	
ja	{$n}	int 21	"21"	
ja	{$n}	int 1000	"1,000"	
ja	{$n}	float 1.5	"1.5"	
ja	{$n}	decimal 1234.5	"1,234.5"	
ja	{$n}	decimal -1234567.891	"-1,234,567.891"	
ja	{$n}	decimal 0.001	"0.001"	
ja	{$n}	decimal 12345678901234567890	"12,345,678,901,234,567,890"	
ja	{$n :number}	int 0	"0"	
ja	{$n :number}	int 1	"1"	
ja	{$n :number}	int -1	"-1"	
ja	{$n :number}	int 2	"2"	
ja	{$n :number}	int 5	"5"	
ja	{$n :number}	int 21	"21"	
ja	{$n :number}	int 1000	"1,000"	
ja	{$n :number}	float 1.5	"1.5"	
ja	{$n :number}	decimal 1234.5	"1,234.5"	
ja	{$n :number}	decimal -1234567.891	"-1,234,567.891"	
ja	{$n :number}	decimal 0.001	"0.001"	
ja	{$n :number}	decimal 12345678901234567890	"12,345,678,901,234,567,890"	
ja	{$n :number minimumFractionDigits=2}	int 0	"0.00"	
ja	{$n :number minimumFractionDigits=2}	int 1	"1.00"	
ja	{$n :number minimumFractionDigits=2}	int -1	"-1.00"	
ja	{$n :number minimumFractionDigits=2}	int 2	"2.00"	
ja	{$n :number minimumFractionDigits=2}	int 5	"5.00"	
ja	{$n :number minimumFractionDigits=2}	int 21	"21.00"	
ja	{$n :number minimumFractionDigits=2}	int 1000	"1,000.00"	
ja	{$n :number minimumFractionDigits=2}	float 1.5	"1.50"	
ja	{$n :number minimumFractionDigits=2}	decimal 1234.5	"1,234.50"	
ja	{$n :number minimumFractionDigits=2}	decimal -1234567.891	"-1,234,567.891"	
ja	{$n :number minimumFractionDigits=2}	decimal 0.001	"0.001"	
ja	{$n :number minimumFractionDigits=2}	decimal 12345678901234567890	"12,345,678,901,234,567,890.00"	
ja	{$n :number maximumSignificantDigits=3}	int 0	"0"	
ja	{$n :number maximumSignificantDigits=3}	int 1	"1"	
ja	{$n :number maximumSignificantDigits=3}	int -1	"-1"	
ja	{$n :number maximumSignificantDigits=3}	int 2	"2"	
ja	{$n :number maximumSignificantDigits=3}	int 5	"5"	
ja	{$n :number maximumSignificantDigits=3}	int 21	"21"	
ja	{$n :number maximumSignificantDigits=3}	int 1000	"1,000"	
ja	{$n :number maximumSignificantDigits=3}	float 1.5	"1.5"	
ja	{$n :number maximumSignificantDigits=3}	decimal 1234.5	"1,230"	
ja	{$n :number maximumSignificantDigits=3}	decimal -1234567.891	"-1,230,000"	
ja	{$n :number maximumSignificantDigits=3}	decimal 0.001	"0.001"	
ja	{$n :number maximumSignificantDigits=3}	decimal 12345678901234567890	"12,300,000,000,000,000,000"	
ja	{$n :number useGrouping=always}	int 0	"0"	
ja	{$n :number useGrouping=always}	int 1	"1"	
ja	{$n :number useGrouping=always}	int -1	"-1"	
ja	{$n :number useGrouping=always}	int 2	"2"	
ja	{$n :number useGrouping=always}	int 5	"5"	
ja	{$n :number useGrouping=always}	int 21	"21"	
ja	{$n :number useGrouping=always}	int 1000	"1,000"	
ja	{$n :number useGrouping=always}	float 1.5	"1.5"	
ja	{$n :number useGrouping=always}	decimal 1234.5	"1,234.5"	
ja	{$n :number useGrouping=always}	decimal -1234567.891	"-1,234,567.891"	
ja	{$n :number useGrouping=always}	decimal 0.001	"0.001"	
ja	{$n :number useGrouping=always}	decimal 12345678901234567890	"12,345,678,901,234,567,890"	
ja	{$n :number useGrouping=never}	int 0	"0"	
ja	{$n :number useGrouping=never}	int 1	"1"	
ja	{$n :number useGrouping=never}	int -1	"-1"	
ja	{$n :number useGrouping=never}	int 2	"2"	
ja	{$n :number useGrouping=never}	int 5	"5"	
ja	{$n :number useGrouping=never}	int 21	"21"	
ja	{$n :number useGrouping=never}	int 1000	"1000"	
ja	{$n :number useGrouping=never}	float 1.5	"1.5"	
ja	{$n :number useGrouping=never}	decimal 1234.5	"1234.5"	
ja	{$n :number useGrouping=never}	decimal -1234567.891	"-1234567.891"	
ja	{$n :number useGrouping=never}	decimal 0.001	"0.001"	
ja	{$n :number useGrouping=never}	decimal 12345678901234567890	"12345678901234567890"	
ja	{$n :number signDisplay=always}	int 0	"+0"	
ja	{$n :number signDisplay=always}	int 1	"+1"	
ja	{$n :number signDisplay=always}	int -1	"-1"	
ja	{$n :number signDisplay=always}	int 2	"+2"	
ja	{$n :number signDisplay=always}	int 5	"+5"	
ja	{$n :number signDisplay=always}	int 21	"+21"	
ja	{$n :number signDisplay=always}	int 1000	"+1,000"	
ja	{$n :number signDisplay=always}	float 1.5	"+1.5"	
ja	{$n :number signDisplay=always}	decimal 1234.5	"+1,234.5"	
ja	{$n :number signDisplay=always}	decimal -1234567.891	"-1,234,567.891"	
ja	{$n :number signDisplay=always}	decimal 0.001	"+0.001"	
ja	{$n :number signDisplay=always}	decimal 12345678901234567890	"+12,345,678,901,234,567,890"	
ja	{$n :integer}	int 0	"0"	
ja	{$n :integer}	int 1	"1"	
ja	{$n :integer}	int -1	"-1"	
ja	{$n :integer}	int 2	"2"	
ja	{$n :integer}	int 5	"5"	
ja	{$n :integer}	int 21	"21"	
ja	{$n :integer}	int 1000	"1,000"	
ja	{$n :integer}	float 1.5	"2"	
ja	{$n :integer}	decimal 1234.5	"1,235"	
ja	{$n :integer}	decimal -1234567.891	"-1,234,568"	
ja	{$n :integer}	decimal 0.001	"0"	
ja	{$n :integer}	decimal 12345678901234567890	"12,345,678,901,234,567,890"	
ja	{$n :percent}	int 0	"0%"	
ja	{$n :percent}	int 1	"100%"	
ja	{$n :percent}	int -1	"-100%"	
ja	{$n :percent}	int 2	"200%"	
ja	{$n :percent}	int 5	"500%"	
ja	{$n :percent}	int 21	"2,100%"	
ja	{$n :percent}	int 1000	"100,000%"	
ja	{$n :percent}	float 1.5	"150%"	
ja	{$n :percent}	decimal 1234.5	"123,450%"	
ja	{$n :percent}	decimal -1234567.891	"-123,456,789%"	
ja	{$n :percent}	decimal 0.001	"0%"	
ja	{$n :percent}	decimal 12345678901234567890	"1,234,567,890,123,456,789,000%"	
ja	{$n :percent maximumFractionDigits=1}	int 0	"0%"	
ja	{$n :percent maximumFractionDigits=1}	int 1	"100%"	
ja	{$n :percent maximumFractionDigits=1}	int -1	"-100%"	
ja	{$n :percent maximumFractionDigits=1}	int 2	"200%"	
ja	{$n :percent maximumFractionDigits=1}	int 5	"500%"	
ja	{$n :percent maximumFractionDigits=1}	int 21	"2,100%"	
ja	{$n :percent maximumFractionDigits=1}	int 1000	"100,000%"	
ja	{$n :percent maximumFractionDigits=1}	float 1.5	"150%"	
ja	{$n :percent maximumFractionDigits=1}	decimal 1234.5	"123,450%"	
ja	{$n :percent maximumFractionDigits=1}	decimal -1234567.891	"-123,456,789.1%"	
ja	{$n :percent maximumFractionDigits=1}	decimal 0.001	"0.1%"	
ja	{$n :percent maximumFractionDigits=1}	decimal 12345678901234567890	"1,234,567,890,123,456,789,000%"	
ja	.input {$n :number} .match $n zero {{zero}} one {{one}} two {{two}} few {{few}} many {{many}} * {{other}}	int 0	"other"	
ja	.input {$n :number} .match $n zero {{zero}} one {{one}} two {{two}} few {{few}} many {{many}} * {{other}}	int 1	"other"	
ja	.input {$n :number} .match $n zero {{zero}} one {{one}} two {{two}} few {{few}} many {{many}} * {{other}}	int -1	"other"	
ja	.input {$n :number} .match $n zero {{zero}} one {{one}} two {{two}} few {{few}} many {{many}} * {{other}}	int 2	"other"	
ja	.input {$n :number} .match $n zero {{zero}} one {{one}} two {{two}} few {{few}} many {{many}} * {{other}}	int 5	"other"	
ja	.input {$n :number} .match $n zero {{zero}} one {{one}} two {{two}} few {{few}} many {{many}} * {{other}}	int 21	"other"	
ja	.input {$n :number} .match $n zero {{zero}} one {{one}} two {{two}} few {{few}} many {{many}} * {{other}}	int 1000	"other"	
ja	.input {$n :number} .match $n zero {{zero}} one {{one}} two {{two}} few {{few}} many {{many}} * {{other}}	float 1.5	"other"	
ja	.input {$n :number} .match $n zero {{zero}} one {{one}} two {{two}} few {{few}} many {{many}} * {{other}}	decimal 1234.5	"other"	
ja	.input {$n :number} .match $n zero {{zero}} one {{one}} two {{two}} few {{few}} many {{many}} * {{other}}	decimal -1234567.891	"other"	
ja	.input {$n :number} .match $n zero {{zero}} one {{one}} two {{two}} few {{few}} many {{many}} * {{other}}	decimal 0.001	"other"	
ja	.input {$n :number} .match $n zero {{zero}} one {{one}} two {{two}} few {{few}} many {{many}} * {{other}}	decimal 12345678901234567890	"other"	
ja	.input {$n :number select=ordinal} .match $n zero {{zero}} one {{one}} two {{two}} few {{few}} many {{many}} * {{other}}	int 0	"other"	
ja	.input {$n :number select=ordinal} .match $n zero {{zero}} one {{one}} two {{two}} few {{few}} many {{many}} * {{other}}	int 1	"other"	
ja	.input {$n :number select=ordinal} .match $n zero {{zero}} one {{one}} two {{two}} few {{few}} many {{many}} * {{other}}	int -1	"other"	
ja	.input {$n :number select=ordinal} .match $n zero {{zero}} one {{one}} two {{two}} few {{few}} many {{many}} * {{other}}	int 2	"other"	
ja	.input {$n :number select=ordinal} .match $n zero {{zero}} one {{one}} two {{two}} few {{few}} many {{many}} * {{other}}	int 5	"other"	
ja	.input {$n :number select=ordinal} .match $n zero {{zero}} one {{one}} two {{two}} few {{few}} many {{many}} * {{other}}	int 21	"other"	
ja	.input {$n :number select=ordinal} .match $n zero {{zero}} one {{one}} two {{two}} few {{few}} many {{many}} * {{other}}	int 1000	"other"	
ja	.input {$n :number select=ordinal} .match $n zero {{zero}} one {{one}} two {{two}} few {{few}} many {{many}} * {{other}}	float 1.5	"other"	
ja	.input {$n :number select=ordinal} .match $n zero {{zero}} one {{one}} two {{two}} few {{few}} many {{many}} * {{other}}	decimal 1234.5	"other"	
ja	.input {$n :number select=ordinal} .match $n zero {{zero}} one {{one}} two {{two}} few {{few}} many {{many}} * {{other}}	decimal -1234567.891	"other"	
ja	.input {$n :number select=ordinal} .match $n zero {{zero}} one {{one}} two {{two}} few {{few}} many {{many}} * {{other}}	decimal 0.001	"other"	
ja	.input {$n :number select=ordinal} .match $n zero {{zero}} one {{one}} two {{two}} few {{few}} many {{many}} * {{other}}	decimal 12345678901234567890	"other"	
hi	{$n}	int 0	"0"	
hi	{$n}	int 1	"1"	
hi	{$n}	int -1	"-1"	
hi	{$n}	int 2	"2"	
hi	{$n}	int 5	"5"	
hi	{$n}	int 21	"21"	
hi	{$n}	int 1000	"1,000"	
hi	{$n}	float 1.5	"1.5"	
hi	{$n}	decimal 1234.5	"1,234.5"	
hi	{$n}	decimal -1234567.891	"-12,34,567.891"	
hi	{$n}	decimal 0.001	"0.001"	
hi	{$n}	decimal 12345678901234567890	"1,23,45,67,89,01,23,45,67,890"	
hi	{$n :number}	int 0	"0"	
hi	{$n :number}	int 1	"1"	
hi	{$n :number}	int -1	"-1"	
hi	{$n :number}	int 2	"2"	
hi	{$n :number}	int 5	"5"	
hi	{$n :number}	int 21	"21"	
hi	{$n :number}	int 1000	"1,000"	
hi	{$n :number}	float 1.5	"1.5"	
hi	{$n :number}	decimal 1234.5	"1,234.5"	
hi	{$n :number}	decimal -1234567.891	"-12,34,567.891"	
hi	{$n :number}	decimal 0.001	"0.001"	
hi	{$n :number}	decimal 12345678901234567890	"1,23,45,67,89,01,23,45,67,890"	
hi	{$n :number minimumFractionDigits=2}	int 0	"0.00"	
hi	{$n :number minimumFractionDigits=2}	int 1	"1.00"	
hi	{$n :number minimumFractionDigits=2}	int -1	"-1.00"	
hi	{$n :number minimumFractionDigits=2}	int 2	"2.00"	
hi	{$n :number minimumFractionDigits=2}	int 5	"5.00"	
hi	{$n :number minimumFractionDigits=2}	int 21	"21.00"	
hi	{$n :number minimumFractionDigits=2}	int 1000	"1,000.00"	
hi	{$n :number minimumFractionDigits=2}	float 1.5	"1.50"	
hi	{$n :number minimumFractionDigits=2}	decimal 1234.5	"1,234.50"	
hi	{$n :number minimumFractionDigits=2}	decimal -1234567.891	"-12,34,567.891"	
hi	{$n :number minimumFractionDigits=2}	decimal 0.001	"0.001"	
hi	{$n :number minimumFractionDigits=2}	decimal 12345678901234567890	"1,23,45,67,89,01,23,45,67,890.00"	
hi	{$n :number maximumSignificantDigits=3}	int 0	"0"	
hi	{$n :number maximumSignificantDigits=3}	int 1	"1"	
hi	{$n :number maximumSignificantDigits=3}	int -1	"-1"	
hi	{$n :number maximumSignificantDigits=3}	int 2	"2"	
hi	{$n :number maximumSignificantDigits=3}	int 5	"5"	
hi	{$n :number maximumSignificantDigits=3}	int 21	"21"	
hi	{$n :number maximumSignificantDigits=3}	int 1000	"1,000"	
hi	{$n :number maximumSignificantDigits=3}	float 1.5	"1.5"	
hi	{$n :number maximumSignificantDigits=3}	decimal 1234.5	"1,230"	
hi	{$n :number maximumSignificantDigits=3}	decimal -1234567.891	"-12,30,000"	
hi	{$n :number maximumSignificantDigits=3}	decimal 0.001	"0.001"	
hi	{$n :number maximumSignificantDigits=3}	decimal 12345678901234567890	"1,23,00,00,00,00,00,00,00,000"	
hi	{$n :number useGrouping=always}	int 0	"0"	
hi	{$n :number useGrouping=always}	int 1	"1"	
hi	{$n :number useGrouping=always}	int -1	"-1"	
hi	{$n :number useGrouping=always}	int 2	"2"	
hi	{$n :number useGrouping=always}	int 5	"5"	
hi	{$n :number useGrouping=always}	int 21	"21"	
hi	{$n :number useGrouping=always}	int 1000	"1,000"	
hi	{$n :number useGrouping=always}	float 1.5	"1.5"	
hi	{$n :number useGrouping=always}	decimal 1234.5	"1,234.5"	
hi	{$n :number useGrouping=always}	decimal -1234567.891	"-12,34,567.891"	
hi	{$n :number useGrouping=always}	decimal 0.001	"0.001"	
hi	{$n :number useGrouping=always}	decimal 12345678901234567890	"1,23,45,67,89,01,23,45,67,890"	
hi	{$n :number useGrouping=never}	int 0	"0"	
hi	{$n :number useGrouping=never}	int 1	"1"	
hi	{$n :number useGrouping=never}	int -1	"-1"	
hi	{$n :number useGrouping=never}	int 2	"2"	
hi	{$n :number useGrouping=never}	int 5	"5"	
hi	{$n :number useGrouping=never}	int 21	"21"	
hi	{$n :number useGrouping=never}	int 1000	"1000"	
hi	{$n :number useGrouping=never}	float 1.5	"1.5"	
hi	{$n :number useGrouping=never}	decimal 1234.5	"1234.5"	
hi	{$n :number useGrouping=never}	decimal -1234567.891	"-1234567.891"	
hi	{$n :number useGrouping=never}	decimal 0.001	"0.001"	
hi	{$n :number useGrouping=never}	decimal 12345678901234567890	"12345678901234567890"	
hi	{$n :number signDisplay=always}	int 0	"+0"	
hi	{$n :number signDisplay=always}	int 1	"+1"	
hi	{$n :number signDisplay=always}	int -1	"-1"	
hi	{$n :number signDisplay=always}	int 2	"+2"	
hi	{$n :number signDisplay=always}	int 5	"+5"	
hi	{$n :number signDisplay=always}	int 21	"+21"	
hi	{$n :number signDisplay=always}	int 1000	"+1,000"	
hi	{$n :number signDisplay=always}	float 1.5	"+1.5"	
hi	{$n :number signDisplay=always}	decimal 1234.5	"+1,234.5"	
hi	{$n :number signDisplay=always}	decimal -1234567.891	"-12,34,567.891"	
hi	{$n :number signDisplay=always}	decimal 0.001	"+0.001"	
hi	{$n :number signDisplay=always}	decimal 12345678901234567890	"+1,23,45,67,89,01,23,45,67,890"	
hi	{$n :integer}	int 0	"0"	
hi	{$n :integer}	int 1	"1"	
hi	{$n :integer}	int -1	"-1"	
hi	{$n :integer}	int 2	"2"	
hi	{$n :integer}	int 5	"5"	
hi	{$n :integer}	int 21	"21"	
hi	{$n :integer}	int 1000	"1,000"	
hi	{$n :integer}	float 1.5	"2"	
hi	{$n :integer}	decimal 1234.5	"1,235"	
hi	{$n :integer}	decimal -1234567.891	"-12,34,568"	
hi	{$n :integer}	decimal 0.001	"0"	
hi	{$n :integer}	decimal 12345678901234567890	"1,23,45,67,89,01,23,45,67,890"	
hi	{$n :percent}	int 0	"0%"	
hi	{$n :percent}	int 1	"100%"	
hi	{$n :percent}	int -1	"-100%"	
hi	{$n :percent}	int 2	"200%"	
hi	{$n :percent}	int 5	"500%"	
hi	{$n :percent}	int 21	"2,100%"	
hi	{$n :percent}	int 1000	"1,00,000%"	
hi	{$n :percent}	float 1.5	"150%"	
hi	{$n :percent}	decimal 1234.5	"1,23,450%"	
hi	{$n :percent}	decimal -1234567.891	"-12,34,56,789%"	
hi	{$n :percent}	decimal 0.001	"0%"	
hi	{$n :percent}	decimal 12345678901234567890	"1,23,45,67,89,01,23,45,67,89,000%"	
hi	{$n :percent maximumFractionDigits=1}	int 0	"0%"	
hi	{$n :percent maximumFractionDigits=1}	int 1	"100%"	
hi	{$n :percent maximumFractionDigits=1}	int -1	"-100%"	
hi	{$n :percent maximumFractionDigits=1}	int 2	"200%"	
hi	{$n :percent maximumFractionDigits=1}	int 5	"500%"	
hi	{$n :percent maximumFractionDigits=1}	int 21	"2,100%"	
hi	{$n :percent maximumFractionDigits=1}	int 1000	"1,00,000%"	
hi	{$n :percent maximumFractionDigits=1}	float 1.5	"150%"	
hi	{$n :percent maximumFractionDigits=1}	decimal 1234.5	"1,23,450%"	
hi	{$n :percent maximumFractionDigits=1}	decimal -1234567.891	"-12,34,56,789.1%"	
hi	{$n :percent maximumFractionDigits=1}	decimal 0.001	"0.1%"	
hi	{$n :percent maximumFractionDigits=1}	decimal 12345678901234567890	"1,23,45,67,89,01,23,45,67,89,000%"	
hi	.input {$n :number} .match $n zero {{zero}} one {{one}} two {{two}} few {{few}} many {{many}} * {{other}}	int 0	"one"	
hi	.input {$n :number} .match $n zero {{zero}} one {{one}} two {{two}} few {{few}} many {{many}} * {{other}}	int 1	"one"	
hi	.input {$n :number} .match $n zero {{zero}} one {{one}} two {{two}} few {{few}} many {{many}} * {{other}}	int -1	"one"	
hi	.input {$n :number} .match $n zero {{zero}} one {{one}} two {{two}} few {{few}} many {{many}} * {{other}}	int 2	"other"	
hi	.input {$n :number} .match $n zero {{zero}} one {{one}} two {{two}} few {{few}} many {{many}} * {{other}}	int 5	"other"	
hi	.input {$n :number} .match $n zero {{zero}} one {{one}} two {{two}} few {{few}} many {{many}} * {{other}}	int 21	"other"	
hi	.input {$n :number} .match $n zero {{zero}} one {{one}} two {{two}} few {{few}} many {{many}} * {{other}}	int 1000	"other"	
hi	.input {$n :number} .match $n zero {{zero}} one {{one}} two {{two}} few {{few}} many {{many}} * {{other}}	float 1.5	"other"	
hi	.input {$n :number} .match $n zero {{zero}} one {{one}} two {{two}} few {{few}} many {{many}} * {{other}}	decimal 1234.5	"other"	
hi	.input {$n :number} .match $n zero {{zero}} one {{one}} two {{two}} few {{few}} many {{many}} * {{other}}	decimal -1234567.891	"other"	
hi	.input {$n :number} .match $n zero {{zero}} one {{one}} two {{two}} few {{few}} many {{many}} * {{other}}	decimal 0.001	"one"	
hi	.input {$n :number} .match $n zero {{zero}} one {{one}} two {{two}} few {{few}} many {{many}} * {{other}}	decimal 12345678901234567890	"other"	
hi	.input {$n :number select=ordinal} .match $n zero {{zero}} one {{one}} two {{two}} few {{few}} many {{many}} * {{other}}	int 0	"other"	
hi	.input {$n :number select=ordinal} .match $n zero {{zero}} one {{one}} two {{two}} few {{few}} many {{many}} * {{other}}	int 1	"one"	
hi	.input {$n :number select=ordinal} .match $n zero {{zero}} one {{one}} two {{two}} few {{few}} many {{many}} * {{other}}	int -1	"one"	
hi	.input {$n :number select=ordinal} .match $n zero {{zero}} one {{one}} two {{two}} few {{few}} many {{many}} * {{other}}	int 2	"two"	
hi	.input {$n :number select=ordinal} .match $n zero {{zero}} one {{one}} two {{two}} few {{few}} many {{many}} * {{other}}	int 5	"other"	
hi	.input {$n :number select=ordinal} .match $n zero {{zero}} one {{one}} two {{two}} few {{few}} many {{many}} * {{other}}	int 21	"other"	
hi	.input {$n :number select=ordinal} .match $n zero {{zero}} one {{one}} two {{two}} few {{few}} many {{many}} * {{other}}	int 1000	"other"	
hi	.input {$n :number select=ordinal} .match $n zero {{zero}} one {{one}} two {{two}} few {{few}} many {{many}} * {{other}}	float 1.5	"other"	
hi	.input {$n :number select=ordinal} .match $n zero {{zero}} one {{one}} two {{two}} few {{few}} many {{many}} * {{other}}	decimal 1234.5	"other"	
hi	.input {$n :number select=ordinal} .match $n zero {{zero}} one {{one}} two {{two}} few {{few}} many {{many}} * {{other}}	decimal -1234567.891	"other"	
hi	.input {$n :number select=ordinal} .match $n zero {{zero}} one {{one}} two {{two}} few {{few}} many {{many}} * {{other}}	decimal 0.001	"other"	
hi	.input {$n :number select=ordinal} .match $n zero {{zero}} one {{one}} two {{two}} few {{few}} many {{many}} * {{other}}	decimal 12345678901234567890	"other"	
ru	{$n}	int 0	"0"	
ru	{$n}	int 1	"1"	
ru	{$n}	int -1	"-1"	
ru	{$n}	int 2	"2"	
ru	{$n}	int 5	"5"	
ru	{$n}	int 21	"21"	
ru	{$n}	int 1000	"1\u00a0000"	
ru	{$n}	float 1.5	"1,5"	
ru	{$n}	decimal 1234.5	"1\u00a0234,5"	
ru	{$n}	decimal -1234567.891	"-1\u00a0234\u00a0567,891"	
ru	{$n}	decimal 0.001	"0,001"	
ru	{$n}	decimal 12345678901234567890	"12\u00a0345\u00a0678\u00a0901\u00a0234\u00a0567\u00a0890"	
ru	{$n :number}	int 0	"0"	
ru	{$n :number}	int 1	"1"	
ru	{$n :number}	int -1	"-1"	
ru	{$n :number}	int 2	"2"	
ru	{$n :number}	int 5	"5"	
ru	{$n :number}	int 21	"21"	
ru	{$n :number}	int 1000	"1\u00a0000"	
ru	{$n :number}	float 1.5	"1,5"	
ru	{$n :number}	decimal 1234.5	"1\u00a0234,5"	
ru	{$n :number}	decimal -1234567.891	"-1\u00a0234\u00a0567,891"	
ru	{$n :number}	decimal 0.001	"0,001"	
ru	{$n :number}	decimal 12345678901234567890	"12\u00a0345\u00a0678\u00a0901\u00a0234\u00a0567\u00a0890"	
ru	{$n :number minimumFractionDigits=2}	int 0	"0,00"	
ru	{$n :number minimumFractionDigits=2}	int 1	"1,00"	
ru	{$n :number minimumFractionDigits=2}	int -1	"-1,00"	
ru	{$n :number minimumFractionDigits=2}	int 2	"2,00"	
ru	{$n :number minimumFractionDigits=2}	int 5	"5,00"	
ru	{$n :number minimumFractionDigits=2}	int 21	"21,00"	
ru	{$n :number minimumFractionDigits=2}	int 1000	"1\u00a0000,00"	
ru	{$n :number minimumFractionDigits=2}	float 1.5	"1,50"	
ru	{$n :number minimumFractionDigits=2}	decimal 1234.5	"1\u00a0234,50"	
ru	{$n :number minimumFractionDigits=2}	decimal -1234567.891	"-1\u00a0234\u00a0567,891"	
ru	{$n :number minimumFractionDigits=2}	decimal 0.001	"0,001"	
ru	{$n :number minimumFractionDigits=2}	decimal 12345678901234567890	"12\u00a0345\u00a0678\u00a0901\u00a0234\u00a0567\u00a0890,00"	
ru	{$n :number maximumSignificantDigits=3}	int 0	"0"	
ru	{$n :number maximumSignificantDigits=3}	int 1	"1"	
ru	{$n :number maximumSignificantDigits=3}	int -1	"-1"	
ru	{$n :number maximumSignificantDigits=3}	int 2	"2"	
ru	{$n :number maximumSignificantDigits=3}	int 5	"5"	
ru	{$n :number maximumSignificantDigits=3}	int 21	"21"	
ru	{$n :number maximumSignificantDigits=3}	int 1000	"1\u00a0000"	
ru	{$n :number maximumSignificantDigits=3}	float 1.5	"1,5"	
ru	{$n :number maximumSignificantDigits=3}	decimal 1234.5	"1\u00a0230"	
ru	{$n :number maximumSignificantDigits=3}	decimal -1234567.891	"-1\u00a0230\u00a0000"	
ru	{$n :number maximumSignificantDigits=3}	decimal 0.001	"0,001"	
ru	{$n :number maximumSignificantDigits=3}	decimal 12345678901234567890	"12\u00a0300\u00a0000\u00a0000\u00a0000\u00a0000\u00a0000"	
ru	{$n :number useGrouping=always}	int 0	"0"	
ru	{$n :number useGrouping=always}	int 1	"1"	
ru	{$n :number useGrouping=always}	int -1	"-1"	
ru	{$n :number useGrouping=always}	int 2	"2"	
ru	{$n :number useGrouping=always}	int 5	"5"	
ru	{$n :number useGrouping=always}	int 21	"21"	
ru	{$n :number useGrouping=always}	int 1000	"1\u00a0000"	
ru	{$n :number useGrouping=always}	float 1.5	"1,5"	
ru	{$n :number useGrouping=always}	decimal 1234.5	"1\u00a0234,5"	
ru	{$n :number useGrouping=always}	decimal -1234567.891	"-1\u00a0234\u00a0567,891"	
ru	{$n :number useGrouping=always}	decimal 0.001	"0,001"	
ru	{$n :number useGrouping=always}	decimal 12345678901234567890	"12\u00a0345\u00a0678\u00a0901\u00a0234\u00a0567\u00a0890"	
ru	{$n :number useGrouping=never}	int 0	"0"	
ru	{$n :number useGrouping=never}	int 1	"1"	
ru	{$n :number useGrouping=never}	int -1	"-1"	
ru	{$n :number useGrouping=never}	int 2	"2"	
ru	{$n :number useGrouping=never}	int 5	"5"	
ru	{$n :number useGrouping=never}	int 21	"21"	
ru	{$n :number useGrouping=never}	int 1000	"1000"	
ru	{$n :number useGrouping=never}	float 1.5	"1,5"	
ru	{$n :number useGrouping=never}	decimal 1234.5	"1234,5"	
ru	{$n :number useGrouping=never}	decimal -1234567.891	"-1234567,891"	
ru	{$n :number useGrouping=never}	decimal 0.001	"0,001"	
ru	{$n :number useGrouping=never}	decimal 12345678901234567890	"12345678901234567890"	
ru	{$n :number signDisplay=always}	int 0	"+0"	
ru	{$n :number signDisplay=always}	int 1	"+1"	
ru	{$n :number signDisplay=always}	int -1	"-1"	
ru	{$n :number signDisplay=always}	int 2	"+2"	
ru	{$n :number signDisplay=always}	int 5	"+5"	
ru	{$n :number signDisplay=always}	int 21	"+21"	
ru	{$n :number signDisplay=always}	int 1000	"+1\u00a0000"	
ru	{$n :number signDisplay=always}	float 1.5	"+1,5"	
ru	{$n :number signDisplay=always}	decimal 1234.5	"+1\u00a0234,5"	
ru	{$n :number signDisplay=always}	decimal -1234567.891	"-1\u00a0234\u00a0567,891"	
ru	{$n :number signDisplay=always}	decimal 0.001	"+0,001"	
ru	{$n :number signDisplay=always}	decimal 12345678901234567890	"+12\u00a0345\u00a0678\u00a0901\u00a0234\u00a0567\u00a0890"	
ru	{$n :integer}	int 0	"0"	
ru	{$n :integer}	int 1	"1"	
ru	{$n :integer}	int -1	"-1"	
ru	{$n :integer}	int 2	"2"	
ru	{$n :integer}	int 5	"5"	
ru	{$n :integer}	int 21	"21"	
ru	{$n :integer}	int 1000	"1\u00a0000"	
ru	{$n :integer}	float 1.5	"2"	
ru	{$n :integer}	decimal 1234.5	"1\u00a0235"	
ru	{$n :integer}	decimal -1234567.891	"-1\u00a0234\u00a0568"	
ru	{$n :integer}	decimal 0.001	"0"	
ru	{$n :integer}	decimal 12345678901234567890	"12\u00a0345\u00a0678\u00a0901\u00a0234\u00a0567\u00a0890"	
ru	{$n :percent}	int 0	"0\u00a0%"	
ru	{$n :percent}	int 1	"100\u00a0%"	
ru	{$n :percent}	int -1	"-100\u00a0%"	
ru	{$n :percent}	int 2	"200\u00a0%"	
ru	{$n :percent}	int 5	"500\u00a0%"	
ru	{$n :percent}	int 21	"2\u00a0100\u00a0%"	
ru	{$n :percent}	int 1000	"100\u00a0000\u00a0%"	
ru	{$n :percent}	float 1.5	"150\u00a0%"	
ru	{$n :percent}	decimal 1234.5	"123\u00a0450\u00a0%"	
ru	{$n :percent}	decimal -1234567.891	"-123\u00a0456\u00a0789\u00a0%"	
ru	{$n :percent}	decimal 0.001	"0\u00a0%"	
ru	{$n :percent}	decimal 12345678901234567890	"1\u00a0234\u00a0567\u00a0890\u00a0123\u00a0456\u00a0789\u00a0000\u00a0%"	
ru	{$n :percent maximumFractionDigits=1}	int 0	"0\u00a0%"	
ru	{$n :percent maximumFractionDigits=1}	int 1	"100\u00a0%"	
ru	{$n :percent maximumFractionDigits=1}	int -1	"-100\u00a0%"	
ru	{$n :percent maximumFractionDigits=1}	int 2	"200\u00a0%"	
ru	{$n :percent maximumFractionDigits=1}	int 5	"500\u00a0%"	
ru	{$n :percent maximumFractionDigits=1}	int 21	"2\u00a0100\u00a0%"	
ru	{$n :percent maximumFractionDigits=1}	int 1000	"100\u00a0000\u00a0%"	
ru	{$n :percent maximumFractionDigits=1}	float 1.5	"150\u00a0%"	
ru	{$n :percent maximumFractionDigits=1}	decimal 1234.5	"123\u00a0450\u00a0%"	
ru	{$n :percent maximumFractionDigits=1}	decimal -1234567.891	"-123\u00a0456\u00a0789,1\u00a0%"	
ru	{$n :percent maximumFractionDigits=1}	decimal 0.001	"0,1\u00a0%"	
ru	{$n :percent maximumFractionDigits=1}	decimal 12345678901234567890	"1\u00a0234\u00a0567\u00a0890\u00a0123\u00a0456\u00a0789\u00a0000\u00a0%"	
ru	.input {$n :number} .match $n zero {{zero}} one {{one}} two {{two}} few {{few}} many {{many}} * {{other}}	int 0	"many"	
ru	.input {$n :number} .match $n zero {{zero}} one {{one}} two {{two}} few {{few}} many {{many}} * {{other}}	int 1	"one"	
ru	.input {$n :number} .match $n zero {{zero}} one {{one}} two {{two}} few {{few}} many {{many}} * {{other}}	int -1	"one"	
ru	.input {$n :number} .match $n zero {{zero}} one {{one}} two {{two}} few {{few}} many {{many}} * {{other}}	int 2	"few"	
ru	.input {$n :number} .match $n zero {{zero}} one {{one}} two {{two}} few {{few}} many {{many}} * {{other}}	int 5	"many"	
ru	.input {$n :number} .match $n zero {{zero}} one {{one}} two {{two}} few {{few}} many {{many}} * {{other}}	int 21	"one"	
ru	.input {$n :number} .match $n zero {{zero}} one {{one}} two {{two}} few {{few}} many {{many}} * {{other}}	int 1000	"many"	
ru	.input {$n :number} .match $n zero {{zero}} one {{one}} two {{two}} few {{few}} many {{many}} * {{other}}	float 1.5	"other"	
ru	.input {$n :number} .match $n zero {{zero}} one {{one}} two {{two}} few {{few}} many {{many}} * {{other}}	decimal 1234.5	"other"	
ru	.input {$n :number} .match $n zero {{zero}} one {{one}} two {{two}} few {{few}} many {{many}} * {{other}}	decimal -1234567.891	"other"	
ru	.input {$n :number} .match $n zero {{zero}} one {{one}} two {{two}} few {{few}} many {{many}} * {{other}}	decimal 0.001	"other"	
ru	.input {$n :number} .match $n zero {{zero}} one {{one}} two {{two}} few {{few}} many {{many}} * {{other}}	decimal 12345678901234567890	"many"	
ru	.input {$n :number select=ordinal} .match $n zero {{zero}} one {{one}} two {{two}} few {{few}} many {{many}} * {{other}}	int 0	"other"	
ru	.input {$n :number select=ordinal} .match $n zero {{zero}} one {{one}} two {{two}} few {{few}} many {{many}} * {{other}}	int 1	"other"	
ru	.input {$n :number select=ordinal} .match $n zero {{zero}} one {{one}} two {{two}} few {{few}} many {{many}} * {{other}}	int -1	"other"	
ru	.input {$n :number select=ordinal} .match $n zero {{zero}} one {{one}} two {{two}} few {{few}} many {{many}} * {{other}}	int 2	"other"	
ru	.input {$n :number select=ordinal} .match $n zero {{zero}} one {{one}} two {{two}} few {{few}} many {{many}} * {{other}}	int 5	"other"	
ru	.input {$n :number select=ordinal} .match $n zero {{zero}} one {{one}} two {{two}} few {{few}} many {{many}} * {{other}}	int 21	"other"	
ru	.input {$n :number select=ordinal} .match $n zero {{zero}} one {{one}} two {{two}} few {{few}} many {{many}} * {{other}}	int 1000	"other"	
ru	.input {$n :number select=ordinal} .match $n zero {{zero}} one {{one}} two {{two}} few {{few}} many {{many}} * {{other}}	float 1.5	"other"	
ru	.input {$n :number select=ordinal} .match $n zero {{zero}} one {{one}} two {{two}} few {{few}} many {{many}} * {{other}}	decimal 1234.5	"other"	
ru	.input {$n :number select=ordinal} .match $n zero {{zero}} one {{one}} two {{two}} few {{few}} many {{many}} * {{other}}	decimal -1234567.891	"other"	
ru	.input {$n :number select=ordinal} .match $n zero {{zero}} one {{one}} two {{two}} few {{few}} many {{many}} * {{other}}	decimal 0.001	"other"	
ru	.input {$n :number select=ordinal} .match $n zero {{zero}} one {{one}} two {{two}} few {{few}} many {{many}} * {{other}}	decimal 12345678901234567890	"other"	
pl	{$n}	int 0	"0"	
pl	{$n}	int 1	"1"	
pl	{$n}	int -1	"-1"	
pl	{$n}	int 2	"2"	
pl	{$n}	int 5	"5"	
pl	{$n}	int 21	"21"	
pl	{$n}	int 1000	"1000"	
pl	{$n}	float 1.5	"1,5"	
pl	{$n}	decimal 1234.5	"1234,5"	
pl	{$n}	decimal -1234567.891	"-1\u00a0234\u00a0567,891"	
pl	{$n}	decimal 0.001	"0,001"	
pl	{$n}	decimal 12345678901234567890	"12\u00a0345\u00a0678\u00a0901\u00a0234\u00a0567\u00a0890"	
pl	{$n :number}	int 0	"0"	
pl	{$n :number}	int 1	"1"	
pl	{$n :number}	int -1	"-1"	
pl	{$n :number}	int 2	"2"	
pl	{$n :number}	int 5	"5"	
pl	{$n :number}	int 21	"21"	
pl	{$n :number}	int 1000	"1000"	
pl	{$n :number}	float 1.5	"1,5"	
pl	{$n :number}	decimal 1234.5	"1234,5"	
pl	{$n :number}	decimal -1234567.891	"-1\u00a0234\u00a0567,891"	
pl	{$n :number}	decimal 0.001	"0,001"	
pl	{$n :number}	decimal 12345678901234567890	"12\u00a0345\u00a0678\u00a0901\u00a0234\u00a0567\u00a0890"	
pl	{$n :number minimumFractionDigits=2}	int 0	"0,00"	
pl	{$n :number minimumFractionDigits=2}	int 1	"1,00"	
pl	{$n :number minimumFractionDigits=2}	int -1	"-1,00"	
pl	{$n :number minimumFractionDigits=2}	int 2	"2,00"	
pl	{$n :number minimumFractionDigits=2}	int 5	"5,00"	
pl	{$n :number minimumFractionDigits=2}	int 21	"21,00"	
pl	{$n :number minimumFractionDigits=2}	int 1000	"1000,00"	
pl	{$n :number minimumFractionDigits=2}	float 1.5	"1,50"	
pl	{$n :number minimumFractionDigits=2}	decimal 1234.5	"1234,50"	
pl	{$n :number minimumFractionDigits=2}	decimal -1234567.891	"-1\u00a0234\u00a0567,891"	
pl	{$n :number minimumFractionDigits=2}	decimal 0.001	"0,001"	
pl	{$n :number minimumFractionDigits=2}	decimal 12345678901234567890	"12\u00a0345\u00a0678\u00a0901\u00a0234\u00a0567\u00a0890,00"	
pl	{$n :number maximumSignificantDigits=3}	int 0	"0"	
pl	{$n :number maximumSignificantDigits=3}	int 1	"1"	
pl	{$n :number maximumSignificantDigits=3}	int -1	"-1"	
pl	{$n :number maximumSignificantDigits=3}	int 2	"2"	
pl	{$n :number maximumSignificantDigits=3}	int 5	"5"	
pl	{$n :number maximumSignificantDigits=3}	int 21	"21"	
pl	{$n :number maximumSignificantDigits=3}	int 1000	"1000"	
pl	{$n :number maximumSignificantDigits=3}	float 1.5	"1,5"	
pl	{$n :number maximumSignificantDigits=3}	decimal 1234.5	"1230"	
pl	{$n :number maximumSignificantDigits=3}	decimal -1234567.891	"-1\u00a0230\u00a0000"	
pl	{$n :number maximumSignificantDigits=3}	decimal 0.001	"0,001"	
pl	{$n :number maximumSignificantDigits=3}	decimal 12345678901234567890	"12\u00a0300\u00a0000\u00a0000\u00a0000\u00a0000\u00a0000"	
pl	{$n :number useGrouping=always}	int 0	"0"	
pl	{$n :number useGrouping=always}	int 1	"1"	
pl	{$n :number useGrouping=always}	int -1	"-1"	
pl	{$n :number useGrouping=always}	int 2	"2"	
pl	{$n :number useGrouping=always}	int 5	"5"	
pl	{$n :number useGrouping=always}	int 21	"21"	
pl	{$n :number useGrouping=always}	int 1000	"1\u00a0000"	
pl	{$n :number useGrouping=always}	float 1.5	"1,5"	
pl	{$n :number useGrouping=always}	decimal 1234.5	"1\u00a0234,5"	
pl	{$n :number useGrouping=always}	decimal -1234567.891	"-1\u00a0234\u00a0567,891"	
pl	{$n :number useGrouping=always}	decimal 0.001	"0,001"	
pl	{$n :number useGrouping=always}	decimal 12345678901234567890	"12\u00a0345\u00a0678\u00a0901\u00a0234\u00a0567\u00a0890"	
pl	{$n :number useGrouping=never}	int 0	"0"	
pl	{$n :number useGrouping=never}	int 1	"1"	
pl	{$n :number useGrouping=never}	int -1	"-1"	
pl	{$n :number useGrouping=never}	int 2	"2"	
pl	{$n :number useGrouping=never}	int 5	"5"	
pl	{$n :number useGrouping=never}	int 21	"21"	
pl	{$n :number useGrouping=never}	int 1000	"1000"	
pl	{$n :number useGrouping=never}	float 1.5	"1,5"	
pl	{$n :number useGrouping=never}	decimal 1234.5	"1234,5"	
pl	{$n :number useGrouping=never}	decimal -1234567.891	"-1234567,891"	
pl	{$n :number useGrouping=never}	decimal 0.001	"0,001"	
pl	{$n :number useGrouping=never}	decimal 12345678901234567890	"12345678901234567890"	
pl	{$n :number signDisplay=always}	int 0	"+0"	
pl	{$n :number signDisplay=always}	int 1	"+1"	
pl	{$n :number signDisplay=always}	int -1	"-1"	
pl	{$n :number signDisplay=always}	int 2	"+2"	
pl	{$n :number signDisplay=always}	int 5	"+5"	
pl	{$n :number signDisplay=always}	int 21	"+21"	
pl	{$n :number signDisplay=always}	int 1000	"+1000"	
pl	{$n :number signDisplay=always}	float 1.5	"+1,5"	
pl	{$n :number signDisplay=always}	decimal 1234.5	"+1234,5"	
pl	{$n :number signDisplay=always}	decimal -1234567.891	"-1\u00a0234\u00a0567,891"	
pl	{$n :number signDisplay=always}	decimal 0.001	"+0,001"	
pl	{$n :number signDisplay=always}	decimal 12345678901234567890	"+12\u00a0345\u00a0678\u00a0901\u00a0234\u00a0567\u00a0890"	
pl	{$n :integer}	int 0	"0"	
pl	{$n :integer}	int 1	"1"	
pl	{$n :integer}	int -1	"-1"	
pl	{$n :integer}	int 2	"2"	
pl	{$n :integer}	int 5	"5"	
pl	{$n :integer}	int 21	"21"	
pl	{$n :integer}	int 1000	"1000"	
pl	{$n :integer}	float 1.5	"2"	
pl	{$n :integer}	decimal 1234.5	"1235"	
pl	{$n :integer}	decimal -1234567.891	"-1\u00a0234\u00a0568"	
pl	{$n :integer}	decimal 0.001	"0"	
pl	{$n :integer}	decimal 12345678901234567890	"12\u00a0345\u00a0678\u00a0901\u00a0234\u00a0567\u00a0890"	
pl	{$n :percent}	int 0	"0%"	
pl	{$n :percent}	int 1	"100%"	
pl	{$n :percent}	int -1	"-100%"	
pl	{$n :percent}	int 2	"200%"	
pl	{$n :percent}	int 5	"500%"	
pl	{$n :percent}	int 21	"2100%"	
pl	{$n :percent}	int 1000	"100\u00a0000%"	
pl	{$n :percent}	float 1.5	"150%"	
pl	{$n :percent}	decimal 1234.5	"123\u00a0450%"	
pl	{$n :percent}	decimal -1234567.891	"-123\u00a0456\u00a0789%"	
pl	{$n :percent}	decimal 0.001	"0%"	
pl	{$n :percent}	decimal 12345678901234567890	"1\u00a0234\u00a0567\u00a0890\u00a0123\u00a0456\u00a0789\u00a0000%"	
pl	{$n :percent maximumFractionDigits=1}	int 0	"0%"	
pl	{$n :percent maximumFractionDigits=1}	int 1	"100%"	
pl	{$n :percent maximumFractionDigits=1}	int -1	"-100%"	
pl	{$n :percent maximumFractionDigits=1}	int 2	"200%"	
pl	{$n :percent maximumFractionDigits=1}	int 5	"500%"	
pl	{$n :percent maximumFractionDigits=1}	int 21	"2100%"	
pl	{$n :percent maximumFractionDigits=1}	int 1000	"100\u00a0000%"	
pl	{$n :percent maximumFractionDigits=1}	float 1.5	"150%"	
pl	{$n :percent maximumFractionDigits=1}	decimal 1234.5	"123\u00a0450%"	
pl	{$n :percent maximumFractionDigits=1}	decimal -1234567.891	"-123\u00a0456\u00a0789,1%"	
pl	{$n :percent maximumFractionDigits=1}	decimal 0.001	"0,1%"	
pl	{$n :percent maximumFractionDigits=1}	decimal 12345678901234567890	"1\u00a0234\u00a0567\u00a0890\u00a0123\u00a0456\u00a0789\u00a0000%"	
pl	.input {$n :number} .match $n zero {{zero}} one {{one}} two {{two}} few {{few}} many {{many}} * {{other}}	int 0	"many"	
pl	.input {$n :number} .match $n zero {{zero}} one {{one}} two {{two}} few {{few}} many {{many}} * {{other}}	int 1	"one"	
pl	.input {$n :number} .match $n zero {{zero}} one {{one}} two {{two}} few {{few}} many {{many}} * {{other}}	int -1	"one"	
pl	.input {$n :number} .match $n zero {{zero}} one {{one}} two {{two}} few {{few}} many {{many}} * {{other}}	int 2	"few"	
pl	.input {$n :number} .match $n zero {{zero}} one {{one}} two {{two}} few {{few}} many {{many}} * {{other}}	int 5	"many"	
pl	.input {$n :number} .match $n zero {{zero}} one {{one}} two {{two}} few {{few}} many {{many}} * {{other}}	int 21	"many"	
pl	.input {$n :number} .match $n zero {{zero}} one {{one}} two {{two}} few {{few}} many {{many}} * {{other}}	int 1000	"many"	
pl	.input {$n :number} .match $n zero {{zero}} one {{one}} two {{two}} few {{few}} many {{many}} * {{other}}	float 1.5	"other"	
pl	.input {$n :number} .match $n zero {{zero}} one {{one}} two {{two}} few {{few}} many {{many}} * {{other}}	decimal 1234.5	"other"	
pl	.input {$n :number} .match $n zero {{zero}} one {{one}} two {{two}} few {{few}} many {{many}} * {{other}}	decimal -1234567.891	"other"	
pl	.input {$n :number} .match $n zero {{zero}} one {{one}} two {{two}} few {{few}} many {{many}} * {{other}}	decimal 0.001	"other"	
pl	.input {$n :number} .match $n zero {{zero}} one {{one}} two {{two}} few {{few}} many {{many}} * {{other}}	decimal 12345678901234567890	"many"	
pl	.input {$n :number select=ordinal} .match $n zero {{zero}} one {{one}} two {{two}} few {{few}} many {{many}} * {{other}}	int 0	"other"	
pl	.input {$n :number select=ordinal} .match $n zero {{zero}} one {{one}} two {{two}} few {{few}} many {{many}} * {{other}}	int 1	"other"	
pl	.input {$n :number select=ordinal} .match $n zero {{zero}} one {{one}} two {{two}} few {{few}} many {{many}} * {{other}}	int -1	"other"	
pl	.input {$n :number select=ordinal} .match $n zero {{zero}} one {{one}} two {{two}} few {{few}} many {{many}} * {{other}}	int 2	"other"	
pl	.input {$n :number select=ordinal} .match $n zero {{zero}} one {{one}} two {{two}} few {{few}} many {{many}} * {{other}}	int 5	"other"	
pl	.input {$n :number select=ordinal} .match $n zero {{zero}} one {{one}} two {{two}} few {{few}} many {{many}} * {{other}}	int 21	"other"	
pl	.input {$n :number select=ordinal} .match $n zero {{zero}} one {{one}} two {{two}} few {{few}} many {{many}} * {{other}}	int 1000	"other"	
pl	.input {$n :number select=ordinal} .match $n zero {{zero}} one {{one}} two {{two}} few {{few}} many {{many}} * {{other}}	float 1.5	"other"	
pl	.input {$n :number select=ordinal} .match $n zero {{zero}} one {{one}} two {{two}} few {{few}} many {{many}} * {{other}}	decimal 1234.5	"other"	
pl	.input {$n :number select=ordinal} .match $n zero {{zero}} one {{one}} two {{two}} few {{few}} many {{many}} * {{other}}	decimal -1234567.891	"other"	
pl	.input {$n :number select=ordinal} .match $n zero {{zero}} one {{one}} two {{two}} few {{few}} many {{many}} * {{other}}	decimal 0.001	"other"	
pl	.input {$n :number select=ordinal} .match $n zero {{zero}} one {{one}} two {{two}} few {{few}} many {{many}} * {{other}}	decimal 12345678901234567890	"other"	
cy	{$n}	int 0	"0"	
cy	{$n}	int 1	"1"	
cy	{$n}	int -1	"-1"	
cy	{$n}	int 2	"2"	
cy	{$n}	int 5	"5"	
cy	{$n}	int 21	"21"	
cy	{$n}	int 1000	"1,000"	
cy	{$n}	float 1.5	"1.5"	
cy	{$n}	decimal 1234.5	"1,234.5"	
cy	{$n}	decimal -1234567.891	"-1,234,567.891"	
cy	{$n}	decimal 0.001	"0.001"	
cy	{$n}	decimal 12345678901234567890	"12,345,678,901,234,567,890"	
cy	{$n :number}	int 0	"0"	
cy	{$n :number}	int 1	"1"	
cy	{$n :number}	int -1	"-1"	
cy	{$n :number}	int 2	"2"	
cy	{$n :number}	int 5	"5"	
cy	{$n :number}	int 21	"21"	
cy	{$n :number}	int 1000	"1,000"	
cy	{$n :number}	float 1.5	"1.5"	
cy	{$n :number}	decimal 1234.5	"1,234.5"	
cy	{$n :number}	decimal -1234567.891	"-1,234,567.891"	
cy	{$n :number}	decimal 0.001	"0.001"	
cy	{$n :number}	decimal 12345678901234567890	"12,345,678,901,234,567,890"	
cy	{$n :number minimumFractionDigits=2}	int 0	"0.00"	
cy	{$n :number minimumFractionDigits=2}	int 1	"1.00"	
cy	{$n :number minimumFractionDigits=2}	int -1	"-1.00"	
cy	{$n :number minimumFractionDigits=2}	int 2	"2.00"	
cy	{$n :number minimumFractionDigits=2}	int 5	"5.00"	
cy	{$n :number minimumFractionDigits=2}	int 21	"21.00"	
cy	{$n :number minimumFractionDigits=2}	int 1000	"1,000.00"	
cy	{$n :number minimumFractionDigits=2}	float 1.5	"1.50"	
cy	{$n :number minimumFractionDigits=2}	decimal 1234.5	"1,234.50"	
cy	{$n :number minimumFractionDigits=2}	decimal -1234567.891	"-1,234,567.891"	
cy	{$n :number minimumFractionDigits=2}	decimal 0.001	"0.001"	
cy	{$n :number minimumFractionDigits=2}	decimal 12345678901234567890	"12,345,678,901,234,567,890.00"	
cy	{$n :number maximumSignificantDigits=3}	int 0	"0"	
cy	{$n :number maximumSignificantDigits=3}	int 1	"1"	
cy	{$n :number maximumSignificantDigits=3}	int -1	"-1"	
cy	{$n :number maximumSignificantDigits=3}	int 2	"2"	
cy	{$n :number maximumSignificantDigits=3}	int 5	"5"	
cy	{$n :number maximumSignificantDigits=3}	int 21	"21"	
cy	{$n :number maximumSignificantDigits=3}	int 1000	"1,000"	
cy	{$n :number maximumSignificantDigits=3}	float 1.5	"1.5"	
cy	{$n :number maximumSignificantDigits=3}	decimal 1234.5	"1,230"	
cy	{$n :number maximumSignificantDigits=3}	decimal -1234567.891	"-1,230,000"	
cy	{$n :number maximumSignificantDigits=3}	decimal 0.001	"0.001"	
cy	{$n :number maximumSignificantDigits=3}	decimal 12345678901234567890	"12,300,000,000,000,000,000"	
cy	{$n :number useGrouping=always}	int 0	"0"	
cy	{$n :number useGrouping=always}	int 1	"1"	
cy	{$n :number useGrouping=always}	int -1	"-1"	
cy	{$n :number useGrouping=always}	int 2	"2"	
cy	{$n :number useGrouping=always}	int 5	"5"	
cy	{$n :number useGrouping=always}	int 21	"21"	
cy	{$n :number useGrouping=always}	int 1000	"1,000"	
cy	{$n :number useGrouping=always}	float 1.5	"1.5"	
cy	{$n :number useGrouping=always}	decimal 1234.5	"1,234.5"	
cy	{$n :number useGrouping=always}	decimal -1234567.891	"-1,234,567.891"	
cy	{$n :number useGrouping=always}	decimal 0.001	"0.001"	
cy	{$n :number useGrouping=always}	decimal 12345678901234567890	"12,345,678,901,234,567,890"	
cy	{$n :number useGrouping=never}	int 0	"0"	
cy	{$n :number useGrouping=never}	int 1	"1"	
cy	{$n :number useGrouping=never}	int -1	"-1"	
cy	{$n :number useGrouping=never}	int 2	"2"	
cy	{$n :number useGrouping=never}	int 5	"5"	
cy	{$n :number useGrouping=never}	int 21	"21"	
cy	{$n :number useGrouping=never}	int 1000	"1000"	
cy	{$n :number useGrouping=never}	float 1.5	"1.5"	
cy	{$n :number useGrouping=never}	decimal 1234.5	"1234.5"	
cy	{$n :number useGrouping=never}	decimal -1234567.891	"-1234567.891"	
cy	{$n :number useGrouping=never}	decimal 0.001	"0.001"	
cy	{$n :number useGrouping=never}	decimal 12345678901234567890	"12345678901234567890"	
cy	{$n :number signDisplay=always}	int 0	"+0"	
cy	{$n :number signDisplay=always}	int 1	"+1"	
cy	{$n :number signDisplay=always}	int -1	"-1"	
cy	{$n :number signDisplay=always}	int 2	"+2"	
cy	{$n :number signDisplay=always}	int 5	"+5"	
cy	{$n :number signDisplay=always}	int 21	"+21"	
cy	{$n :number signDisplay=always}	int 1000	"+1,000"	
cy	{$n :number signDisplay=always}	float 1.5	"+1.5"	
cy	{$n :number signDisplay=always}	decimal 1234.5	"+1,234.5"	
cy	{$n :number signDisplay=always}	decimal -1234567.891	"-1,234,567.891"	
cy	{$n :number signDisplay=always}	decimal 0.001	"+0.001"	
cy	{$n :number signDisplay=always}	decimal 12345678901234567890	"+12,345,678,901,234,567,890"	
cy	{$n :integer}	int 0	"0"	
cy	{$n :integer}	int 1	"1"	
cy	{$n :integer}	int -1	"-1"	
cy	{$n :integer}	int 2	"2"	
cy	{$n :integer}	int 5	"5"	
cy	{$n :integer}	int 21	"21"	
cy	{$n :integer}	int 1000	"1,000"	
cy	{$n :integer}	float 1.5	"2"	
cy	{$n :integer}	decimal 1234.5	"1,235"	
cy	{$n :integer}	decimal -1234567.891	"-1,234,568"	
cy	{$n :integer}	decimal 0.001	"0"	
cy	{$n :integer}	decimal 12345678901234567890	"12,345,678,901,234,567,890"	
cy	{$n :percent}	int 0	"0%"	
cy	{$n :percent}	int 1	"100%"	
cy	{$n :percent}	int -1	"-100%"	
cy	{$n :percent}	int 2	"200%"	
cy	{$n :percent}	int 5	"500%"	
cy	{$n :percent}	int 21	"2,100%"	
cy	{$n :percent}	int 1000	"100,000%"	
cy	{$n :percent}	float 1.5	"150%"	
cy	{$n :percent}	decimal 1234.5	"123,450%"	
cy	{$n :percent}	decimal -1234567.891	"-123,456,789%"	
cy	{$n :percent}	decimal 0.001	"0%"	
cy	{$n :percent}	decimal 12345678901234567890	"1,234,567,890,123,456,789,000%"	
cy	{$n :percent maximumFractionDigits=1}	int 0	"0%"	
cy	{$n :percent maximumFractionDigits=1}	int 1	"100%"	
cy	{$n :percent maximumFractionDigits=1}	int -1	"-100%"	
cy	{$n :percent maximumFractionDigits=1}	int 2	"200%"	
cy	{$n :percent maximumFractionDigits=1}	int 5	"500%"	
cy	{$n :percent maximumFractionDigits=1}	int 21	"2,100%"	
cy	{$n :percent maximumFractionDigits=1}	int 1000	"100,000%"	
cy	{$n :percent maximumFractionDigits=1}	float 1.5	"150%"	
cy	{$n :percent maximumFractionDigits=1}	decimal 1234.5	"123,450%"	
cy	{$n :percent maximumFractionDigits=1}	decimal -1234567.891	"-123,456,789.1%"	
cy	{$n :percent maximumFractionDigits=1}	decimal 0.001	"0.1%"	
cy	{$n :percent maximumFractionDigits=1}	decimal 12345678901234567890	"1,234,567,890,123,456,789,000%"	
cy	.input {$n :number} .match $n zero {{zero}} one {{one}} two {{two}} few {{few}} many {{many}} * {{other}}	int 0	"zero"	
cy	.input {$n :number} .match $n zero {{zero}} one {{one}} two {{two}} few {{few}} many {{many}} * {{other}}	int 1	"one"	
cy	.input {$n :number} .match $n zero {{zero}} one {{one}} two {{two}} few {{few}} many {{many}} * {{other}}	int -1	"one"	
cy	.input {$n :number} .match $n zero {{zero}} one {{one}} two {{two}} few {{few}} many {{many}} * {{other}}	int 2	"two"	
cy	.input {$n :number} .match $n zero {{zero}} one {{one}} two {{two}} few {{few}} many {{many}} * {{other}}	int 5	"other"	
cy	.input {$n :number} .match $n zero {{zero}} one {{one}} two {{two}} few {{few}} many {{many}} * {{other}}	int 21	"other"	
cy	.input {$n :number} .match $n zero {{zero}} one {{one}} two {{two}} few {{few}} many {{many}} * {{other}}	int 1000	"other"	
cy	.input {$n :number} .match $n zero {{zero}} one {{one}} two {{two}} few {{few}} many {{many}} * {{other}}	float 1.5	"other"	
cy	.input {$n :number} .match $n zero {{zero}} one {{one}} two {{two}} few {{few}} many {{many}} * {{other}}	decimal 1234.5	"other"	
cy	.input {$n :number} .match $n zero {{zero}} one {{one}} two {{two}} few {{few}} many {{many}} * {{other}}	decimal -1234567.891	"other"	
cy	.input {$n :number} .match $n zero {{zero}} one {{one}} two {{two}} few {{few}} many {{many}} * {{other}}	decimal 0.001	"other"	
cy	.input {$n :number} .match $n zero {{zero}} one {{one}} two {{two}} few {{few}} many {{many}} * {{other}}	decimal 12345678901234567890	"other"	
cy	.input {$n :number select=ordinal} .match $n zero {{zero}} one {{one}} two {{two}} few {{few}} many {{many}} * {{other}}	int 0	"zero"	
cy	.input {$n :number select=ordinal} .match $n zero {{zero}} one {{one}} two {{two}} few {{few}} many {{many}} * {{other}}	int 1	"one"	
cy	.input {$n :number select=ordinal} .match $n zero {{zero}} one {{one}} two {{two}} few {{few}} many {{many}} * {{other}}	int -1	"one"	
cy	.input {$n :number select=ordinal} .match $n zero {{zero}} one {{one}} two {{two}} few {{few}} many {{many}} * {{other}}	int 2	"two"	
cy	.input {$n :number select=ordinal} .match $n zero {{zero}} one {{one}} two {{two}} few {{few}} many {{many}} * {{other}}	int 5	"many"	
cy	.input {$n :number select=ordinal} .match $n zero {{zero}} one {{one}} two {{two}} few {{few}} many {{many}} * {{other}}	int 21	"other"	
cy	.input {$n :number select=ordinal} .match $n zero {{zero}} one {{one}} two {{two}} few {{few}} many {{many}} * {{other}}	int 1000	"other"	
cy	.input {$n :number select=ordinal} .match $n zero {{zero}} one {{one}} two {{two}} few {{few}} many {{many}} * {{other}}	float 1.5	"other"	
cy	.input {$n :number select=ordinal} .match $n zero {{zero}} one {{one}} two {{two}} few {{few}} many {{many}} * {{other}}	decimal 1234.5	"other"	
cy	.input {$n :number select=ordinal} .match $n zero {{zero}} one {{one}} two {{two}} few {{few}} many {{many}} * {{other}}	decimal -1234567.891	"other"	
cy	.input {$n :number select=ordinal} .match $n zero {{zero}} one {{one}} two {{two}} few {{few}} many {{many}} * {{other}}	decimal 0.001	"other"	
cy	.input {$n :number select=ordinal} .match $n zero {{zero}} one {{one}} two {{two}} few {{few}} many {{many}} * {{other}}	decimal 12345678901234567890	"other"	
ar-EG	{$n}	int 0	"٠"	
ar-EG	{$n}	int 1	"١"	
ar-EG	{$n}	int -1	"\u061c-١"	
ar-EG	{$n}	int 2	"٢"	
ar-EG	{$n}	int 5	"٥"	
ar-EG	{$n}	int 21	"٢١"	
ar-EG	{$n}	int 1000	"١٬٠٠٠"	
ar-EG	{$n}	float 1.5	"١٫٥"	
ar-EG	{$n}	decimal 1234.5	"١٬٢٣٤٫٥"	
ar-EG	{$n}	decimal -1234567.891	"\u061c-١٬٢٣٤٬٥٦٧٫٨٩١"	
ar-EG	{$n}	decimal 0.001	"٠٫٠٠١"	
ar-EG	{$n}	decimal 12345678901234567890	"١٢٬٣٤٥٬٦٧٨٬٩٠١٬٢٣٤٬٥٦٧٬٨٩٠"	
ar-EG	{$n :number}	int 0	"٠"	
ar-EG	{$n :number}	int 1	"١"	
ar-EG	{$n :number}	int -1	"\u061c-١"	
ar-EG	{$n :number}	int 2	"٢"	
ar-EG	{$n :number}	int 5	"٥"	
ar-EG	{$n :number}	int 21	"٢١"	
ar-EG	{$n :number}	int 1000	"١٬٠٠٠"	
ar-EG	{$n :number}	float 1.5	"١٫٥"	
ar-EG	{$n :number}	decimal 1234.5	"١٬٢٣٤٫٥"	
ar-EG	{$n :number}	decimal -1234567.891	"\u061c-١٬٢٣٤٬٥٦٧٫٨٩١"	
ar-EG	{$n :number}	decimal 0.001	"٠٫٠٠١"	
ar-EG	{$n :number}	decimal 12345678901234567890	"١٢٬٣٤٥٬٦٧٨٬٩٠١٬٢٣٤٬٥٦٧٬٨٩٠"	
ar-EG	{$n :number minimumFractionDigits=2}	int 0	"٠٫٠٠"	
ar-EG	{$n :number minimumFractionDigits=2}	int 1	"١٫٠٠"	
ar-EG	{$n :number minimumFractionDigits=2}	int -1	"\u061c-١٫٠٠"	
ar-EG	{$n :number minimumFractionDigits=2}	int 2	"٢٫٠٠"	
ar-EG	{$n :number minimumFractionDigits=2}	int 5	"٥٫٠٠"	
ar-EG	{$n :number minimumFractionDigits=2}	int 21	"٢١٫٠٠"	
ar-EG	{$n :number minimumFractionDigits=2}	int 1000	"١٬٠٠٠٫٠٠"	
ar-EG	{$n :number minimumFractionDigits=2}	float 1.5	"١٫٥٠"	
ar-EG	{$n :number minimumFractionDigits=2}	decimal 1234.5	"١٬٢٣٤٫٥٠"	
ar-EG	{$n :number minimumFractionDigits=2}	decimal -1234567.891	"\u061c-١٬٢٣٤٬٥٦٧٫٨٩١"	
ar-EG	{$n :number minimumFractionDigits=2}	decimal 0.001	"٠٫٠٠١"	
ar-EG	{$n :number minimumFractionDigits=2}	decimal 12345678901234567890	"١٢٬٣٤٥٬٦٧٨٬٩٠١٬٢٣٤٬٥٦٧٬٨٩٠٫٠٠"	
ar-EG	{$n :number maximumSignificantDigits=3}	int 0	"٠"	
ar-EG	{$n :number maximumSignificantDigits=3}	int 1	"١"	
ar-EG	{$n :number maximumSignificantDigits=3}	int -1	"\u061c-١"	
ar-EG	{$n :number maximumSignificantDigits=3}	int 2	"٢"	
ar-EG	{$n :number maximumSignificantDigits=3}	int 5	"٥"	
ar-EG	{$n :number maximumSignificantDigits=3}	int 21	"٢١"	
ar-EG	{$n :number maximumSignificantDigits=3}	int 1000	"١٬٠٠٠"	
ar-EG	{$n :number maximumSignificantDigits=3}	float 1.5	"١٫٥"	
ar-EG	{$n :number maximumSignificantDigits=3}	decimal 1234.5	"١٬٢٣٠"	
ar-EG	{$n :number maximumSignificantDigits=3}	decimal -1234567.891	"\u061c-١٬٢٣٠٬٠٠٠"	
ar-EG	{$n :number maximumSignificantDigits=3}	decimal 0.001	"٠٫٠٠١"	
ar-EG	{$n :number maximumSignificantDigits=3}	decimal 12345678901234567890	"١٢٬٣٠٠٬٠٠٠٬٠٠٠٬٠٠٠٬٠٠٠٬٠٠٠"	
ar-EG	{$n :number useGrouping=always}	int 0	"٠"	
ar-EG	{$n :number useGrouping=always}	int 1	"١"	
ar-EG	{$n :number useGrouping=always}	int -1	"\u061c-١"	
ar-EG	{$n :number useGrouping=always}	int 2	"٢"	
ar-EG	{$n :number useGrouping=always}	int 5	"٥"	
ar-EG	{$n :number useGrouping=always}	int 21	"٢١"	
ar-EG	{$n :number useGrouping=always}	int 1000	"١٬٠٠٠"	
ar-EG	{$n :number useGrouping=always}	float 1.5	"١٫٥"	
ar-EG	{$n :number useGrouping=always}	decimal 1234.5	"١٬٢٣٤٫٥"	
ar-EG	{$n :number useGrouping=always}	decimal -1234567.891	"\u061c-١٬٢٣٤٬٥٦٧٫٨٩١"	
ar-EG	{$n :number useGrouping=always}	decimal 0.001	"٠٫٠٠١"	
ar-EG	{$n :number useGrouping=always}	decimal 12345678901234567890	"١٢٬٣٤٥٬٦٧٨٬٩٠١٬٢٣٤٬٥٦٧٬٨٩٠"	
ar-EG	{$n :number useGrouping=never}	int 0	"٠"	
ar-EG	{$n :number useGrouping=never}	int 1	"١"	
ar-EG	{$n :number useGrouping=never}	int -1	"\u061c-١"	
ar-EG	{$n :number useGrouping=never}	int 2	"٢"	
ar-EG	{$n :number useGrouping=never}	int 5	"٥"	
ar-EG	{$n :number useGrouping=never}	int 21	"٢١"	
ar-EG	{$n :number useGrouping=never}	int 1000	"١٠٠٠"	
ar-EG	{$n :number useGrouping=never}	float 1.5	"١٫٥"	
ar-EG	{$n :number useGrouping=never}	decimal 1234.5	"١٢٣٤٫٥"	
ar-EG	{$n :number useGrouping=never}	decimal -1234567.891	"\u061c-١٢٣٤٥٦٧٫٨٩١"	
ar-EG	{$n :number useGrouping=never}	decimal 0.001	"٠٫٠٠١"	
ar-EG	{$n :number useGrouping=never}	decimal 12345678901234567890	"١٢٣٤٥٦٧٨٩٠١٢٣٤٥٦٧٨٩٠"	
ar-EG	{$n :number signDisplay=always}	int 0	"\u061c+٠"	
ar-EG	{$n :number signDisplay=always}	int 1	"\u061c+١"	
ar-EG	{$n :number signDisplay=always}	int -1	"\u061c-١"	
ar-EG	{$n :number signDisplay=always}	int 2	"\u061c+٢"	
ar-EG	{$n :number signDisplay=always}	int 5	"\u061c+٥"	
ar-EG	{$n :number signDisplay=always}	int 21	"\u061c+٢١"	
ar-EG	{$n :number signDisplay=always}	int 1000	"\u061c+١٬٠٠٠"	
ar-EG	{$n :number signDisplay=always}	float 1.5	"\u061c+١٫٥"	
ar-EG	{$n :number signDisplay=always}	decimal 1234.5	"\u061c+١٬٢٣٤٫٥"	
ar-EG	{$n :number signDisplay=always}	decimal -1234567.891	"\u061c-١٬٢٣٤٬٥٦٧٫٨٩١"	
ar-EG	{$n :number signDisplay=always}	decimal 0.001	"\u061c+٠٫٠٠١"	
ar-EG	{$n :number signDisplay=always}	decimal 12345678901234567890	"\u061c+١٢٬٣٤٥٬٦٧٨٬٩٠١٬٢٣٤٬٥٦٧٬٨٩٠"	
ar-EG	{$n :integer}	int 0	"٠"	
ar-EG	{$n :integer}	int 1	"١"	
ar-EG	{$n :integer}	int -1	"\u061c-١"	
ar-EG	{$n :integer}	int 2	"٢"	
ar-EG	{$n :integer}	int 5	"٥"	
ar-EG	{$n :integer}	int 21	"٢١"	
ar-EG	{$n :integer}	int 1000	"١٬٠٠٠"	
ar-EG	{$n :integer}	float 1.5	"٢"	
ar-EG	{$n :integer}	decimal 1234.5	"١٬٢٣٥"	
ar-EG	{$n :integer}	decimal -1234567.891	"\u061c-١٬٢٣٤٬٥٦٨"	
ar-EG	{$n :integer}	decimal 0.001	"٠"	
ar-EG	{$n :integer}	decimal 12345678901234567890	"١٢٬٣٤٥٬٦٧٨٬٩٠١٬٢٣٤٬٥٦٧٬٨٩٠"	
ar-EG	{$n :percent}	int 0	"٠٪\u061c"	
ar-EG	{$n :percent}	int 1	"١٠٠٪\u061c"	
ar-EG	{$n :percent}	int -1	"\u061c-١٠٠٪\u061c"	
ar-EG	{$n :percent}	int 2	"٢٠٠٪\u061c"	
ar-EG	{$n :percent}	int 5	"٥٠٠٪\u061c"	
ar-EG	{$n :percent}	int 21	"٢٬١٠٠٪\u061c"	
ar-EG	{$n :percent}	int 1000	"١٠٠٬٠٠٠٪\u061c"	
ar-EG	{$n :percent}	float 1.5	"١٥٠٪\u061c"	
ar-EG	{$n :percent}	decimal 1234.5	"١٢٣٬٤٥٠٪\u061c"	
ar-EG	{$n :percent}	decimal -1234567.891	"\u061c-١٢٣٬٤٥٦٬٧٨٩٪\u061c"	
ar-EG	{$n :percent}	decimal 0.001	"٠٪\u061c"	
ar-EG	{$n :percent}	decimal 12345678901234567890	"١٬٢٣٤٬٥٦٧٬٨٩٠٬١٢٣٬٤٥٦٬٧٨٩٬٠٠٠٪\u061c"	
ar-EG	{$n :percent maximumFractionDigits=1}	int 0	"٠٪\u061c"	
ar-EG	{$n :percent maximumFractionDigits=1}	int 1	"١٠٠٪\u061c"	
ar-EG	{$n :percent maximumFractionDigits=1}	int -1	"\u061c-١٠٠٪\u061c"	
ar-EG	{$n :percent maximumFractionDigits=1}	int 2	"٢٠٠٪\u061c"	
ar-EG	{$n :percent maximumFractionDigits=1}	int 5	"٥٠٠٪\u061c"	
ar-EG	{$n :percent maximumFractionDigits=1}	int 21	"٢٬١٠٠٪\u061c"	
ar-EG	{$n :percent maximumFractionDigits=1}	int 1000	"١٠٠٬٠٠٠٪\u061c"	
ar-EG	{$n :percent maximumFractionDigits=1}	float 1.5	"١٥٠٪\u061c"	
ar-EG	{$n :percent maximumFractionDigits=1}	decimal 1234.5	"١٢٣٬٤٥٠٪\u061c"	
ar-EG	{$n :percent maximumFractionDigits=1}	decimal -1234567.891	"\u061c-١٢٣٬٤٥٦٬٧٨٩٫١٪\u061c"	
ar-EG	{$n :percent maximumFractionDigits=1}	decimal 0.001	"٠٫١٪\u061c"	
ar-EG	{$n :percent maximumFractionDigits=1}	decimal 12345678901234567890	"١٬٢٣٤٬٥٦٧٬٨٩٠٬١٢٣٬٤٥٦٬٧٨٩٬٠٠٠٪\u061c"	
ar-EG	.input {$n :number} .match $n zero {{zero}} one {{one}} two {{two}} few {{few}} many {{many}} * {{other}}	int 0	"zero"	
ar-EG	.input {$n :number} .match $n zero {{zero}} one {{one}} two {{two}} few {{few}} many {{many}} * {{other}}	int 1	"one"	
ar-EG	.input {$n :number} .match $n zero {{zero}} one {{one}} two {{two}} few {{few}} many {{many}} * {{other}}	int -1	"one"	
ar-EG	.input {$n :number} .match $n zero {{zero}} one {{one}} two {{two}} few {{few}} many {{many}} * {{other}}	int 2	"two"	
ar-EG	.input {$n :number} .match $n zero {{zero}} one {{one}} two {{two}} few {{few}} many {{many}} * {{other}}	int 5	"few"	
ar-EG	.input {$n :number} .match $n zero {{zero}} one {{one}} two {{two}} few {{few}} many {{many}} * {{other}}	int 21	"many"	
ar-EG	.input {$n :number} .match $n zero {{zero}} one {{one}} two {{two}} few {{few}} many {{many}} * {{other}}	int 1000	"other"	
ar-EG	.input {$n :number} .match $n zero {{zero}} one {{one}} two {{two}} few {{few}} many {{many}} * {{other}}	float 1.5	"other"	
ar-EG	.input {$n :number} .match $n zero {{zero}} one {{one}} two {{two}} few {{few}} many {{many}} * {{other}}	decimal 1234.5	"other"	
ar-EG	.input {$n :number} .match $n zero {{zero}} one {{one}} two {{two}} few {{few}} many {{many}} * {{other}}	decimal -1234567.891	"other"	
ar-EG	.input {$n :number} .match $n zero {{zero}} one {{one}} two {{two}} few {{few}} many {{many}} * {{other}}	decimal 0.001	"other"	
ar-EG	.input {$n :number} .match $n zero {{zero}} one {{one}} two {{two}} few {{few}} many {{many}} * {{other}}	decimal 12345678901234567890	"many"	
ar-EG	.input {$n :number select=ordinal} .match $n zero {{zero}} one {{one}} two {{two}} few {{few}} many {{many}} * {{other}}	int 0	"other"	
ar-EG	.input {$n :number select=ordinal} .match $n zero {{zero}} one {{one}} two {{two}} few {{few}} many {{many}} * {{other}}	int 1	"other"	
ar-EG	.input {$n :number select=ordinal} .match $n zero {{zero}} one {{one}} two {{two}} few {{few}} many {{many}} * {{other}}	int -1	"other"	
ar-EG	.input {$n :number select=ordinal} .match $n zero {{zero}} one {{one}} two {{two}} few {{few}} many {{many}} * {{other}}	int 2	"other"	
ar-EG	.input {$n :number select=ordinal} .match $n zero {{zero}} one {{one}} two {{two}} few {{few}} many {{many}} * {{other}}	int 5	"other"	
ar-EG	.input {$n :number select=ordinal} .match $n zero {{zero}} one {{one}} two {{two}} few {{few}} many {{many}} * {{other}}	int 21	"other"	
ar-EG	.input {$n :number select=ordinal} .match $n zero {{zero}} one {{one}} two {{two}} few {{few}} many {{many}} * {{other}}	int 1000	"other"	
ar-EG	.input {$n :number select=ordinal} .match $n zero {{zero}} one {{one}} two {{two}} few {{few}} many {{many}} * {{other}}	float 1.5	"other"	
ar-EG	.input {$n :number select=ordinal} .match $n zero {{zero}} one {{one}} two {{two}} few {{few}} many {{many}} * {{other}}	decimal 1234.5	"other"	
ar-EG	.input {$n :number select=ordinal} .match $n zero {{zero}} one {{one}} two {{two}} few {{few}} many {{many}} * {{other}}	decimal -1234567.891	"other"	
ar-EG	.input {$n :number select=ordinal} .match $n zero {{zero}} one {{one}} two {{two}} few {{few}} many {{many}} * {{other}}	decimal 0.001	"other"	
ar-EG	.input {$n :number select=ordinal} .match $n zero {{zero}} one {{one}} two {{two}} few {{few}} many {{many}} * {{other}}	decimal 12345678901234567890	"other"	
hi-u-nu-deva	{$n}	int 0	"०"	
hi-u-nu-deva	{$n}	int 1	"१"	
hi-u-nu-deva	{$n}	int -1	"-१"	
hi-u-nu-deva	{$n}	int 2	"२"	
hi-u-nu-deva	{$n}	int 5	"५"	
hi-u-nu-deva	{$n}	int 21	"२१"	
hi-u-nu-deva	{$n}	int 1000	"१,०००"	
hi-u-nu-deva	{$n}	float 1.5	"१.५"	
hi-u-nu-deva	{$n}	decimal 1234.5	"१,२३४.५"	
hi-u-nu-deva	{$n}	decimal -1234567.891	"-१२,३४,५६७.८९१"	
hi-u-nu-deva	{$n}	decimal 0.001	"०.००१"	
hi-u-nu-deva	{$n}	decimal 12345678901234567890	"१,२३,४५,६७,८९,०१,२३,४५,६७,८९०"	
hi-u-nu-deva	{$n :number}	int 0	"०"	
hi-u-nu-deva	{$n :number}	int 1	"१"	
hi-u-nu-deva	{$n :number}	int -1	"-१"	
hi-u-nu-deva	{$n :number}	int 2	"२"	
hi-u-nu-deva	{$n :number}	int 5	"५"	
hi-u-nu-deva	{$n :number}	int 21	"२१"	
hi-u-nu-deva	{$n :number}	int 1000	"१,०००"	
hi-u-nu-deva	{$n :number}	float 1.5	"१.५"	
hi-u-nu-deva	{$n :number}	decimal 1234.5	"१,२३४.५"	
hi-u-nu-deva	{$n :number}	decimal -1234567.891	"-१२,३४,५६७.८९१"	
hi-u-nu-deva	{$n :number}	decimal 0.001	"०.००१"	
hi-u-nu-deva	{$n :number}	decimal 12345678901234567890	"१,२३,४५,६७,८९,०१,२३,४५,६७,८९०"	
hi-u-nu-deva	{$n :number minimumFractionDigits=2}	int 0	"०.००"	
hi-u-nu-deva	{$n :number minimumFractionDigits=2}	int 1	"१.००"	
hi-u-nu-deva	{$n :number minimumFractionDigits=2}	int -1	"-१.००"	
hi-u-nu-deva	{$n :number minimumFractionDigits=2}	int 2	"२.००"	
hi-u-nu-deva	{$n :number minimumFractionDigits=2}	int 5	"५.००"	
hi-u-nu-deva	{$n :number minimumFractionDigits=2}	int 21	"२१.००"	
hi-u-nu-deva	{$n :number minimumFractionDigits=2}	int 1000	"१,०००.००"	
hi-u-nu-deva	{$n :number minimumFractionDigits=2}	float 1.5	"१.५०"	
hi-u-nu-deva	{$n :number minimumFractionDigits=2}	decimal 1234.5	"१,२३४.५०"	
hi-u-nu-deva	{$n :number minimumFractionDigits=2}	decimal -1234567.891	"-१२,३४,५६७.८९१"	
hi-u-nu-deva	{$n :number minimumFractionDigits=2}	decimal 0.001	"०.००१"	
hi-u-nu-deva	{$n :number minimumFractionDigits=2}	decimal 12345678901234567890	"१,२३,४५,६७,८९,०१,२३,४५,६७,८९०.००"	
hi-u-nu-deva	{$n :number maximumSignificantDigits=3}	int 0	"०"	
hi-u-nu-deva	{$n :number maximumSignificantDigits=3}	int 1	"१"	
hi-u-nu-deva	{$n :number maximumSignificantDigits=3}	int -1	"-१"	
hi-u-nu-deva	{$n :number maximumSignificantDigits=3}	int 2	"२"	
hi-u-nu-deva	{$n :number maximumSignificantDigits=3}	int 5	"५"	
hi-u-nu-deva	{$n :number maximumSignificantDigits=3}	int 21	"२१"	
hi-u-nu-deva	{$n :number maximumSignificantDigits=3}	int 1000	"१,०००"	
hi-u-nu-deva	{$n :number maximumSignificantDigits=3}	float 1.5	"१.५"	
hi-u-nu-deva	{$n :number maximumSignificantDigits=3}	decimal 1234.5	"१,२३०"	
hi-u-nu-deva	{$n :number maximumSignificantDigits=3}	decimal -1234567.891	"-१२,३०,०००"	
hi-u-nu-deva	{$n :number maximumSignificantDigits=3}	decimal 0.001	"०.००१"	
hi-u-nu-deva	{$n :number maximumSignificantDigits=3}	decimal 12345678901234567890	"१,२३,००,००,००,००,००,००,००,०००"	
hi-u-nu-deva	{$n :number useGrouping=always}	int 0	"०"	
hi-u-nu-deva	{$n :number useGrouping=always}	int 1	"१"	
hi-u-nu-deva	{$n :number useGrouping=always}	int -1	"-१"	
hi-u-nu-deva	{$n :number useGrouping=always}	int 2	"२"	
hi-u-nu-deva	{$n :number useGrouping=always}	int 5	"५"	
hi-u-nu-deva	{$n :number useGrouping=always}	int 21	"२१"	
hi-u-nu-deva	{$n :number useGrouping=always}	int 1000	"१,०००"	
hi-u-nu-deva	{$n :number useGrouping=always}	float 1.5	"१.५"	
hi-u-nu-deva	{$n :number useGrouping=always}	decimal 1234.5	"१,२३४.५"	
hi-u-nu-deva	{$n :number useGrouping=always}	decimal -1234567.891	"-१२,३४,५६७.८९१"	
hi-u-nu-deva	{$n :number useGrouping=always}	decimal 0.001	"०.००१"	
hi-u-nu-deva	{$n :number useGrouping=always}	decimal 12345678901234567890	"१,२३,४५,६७,८९,०१,२३,४५,६७,८९०"	
hi-u-nu-deva	{$n :number useGrouping=never}	int 0	"०"	
hi-u-nu-deva	{$n :number useGrouping=never}	int 1	"१"	
hi-u-nu-deva	{$n :number useGrouping=never}	int -1	"-१"	
hi-u-nu-deva	{$n :number useGrouping=never}	int 2	"२"	
hi-u-nu-deva	{$n :number useGrouping=never}	int 5	"५"	
hi-u-nu-deva	{$n :number useGrouping=never}	int 21	"२१"	
hi-u-nu-deva	{$n :number useGrouping=never}	int 1000	"१०००"	
hi-u-nu-deva	{$n :number useGrouping=never}	float 1.5	"१.५"	
hi-u-nu-deva	{$n :number useGrouping=never}	decimal 1234.5	"१२३४.५"	
hi-u-nu-deva	{$n :number useGrouping=never}	decimal -1234567.891	"-१२३४५६७.८९१"	
hi-u-nu-deva	{$n :number useGrouping=never}	decimal 0.001	"०.००१"	
hi-u-nu-deva	{$n :number useGrouping=never}	decimal 12345678901234567890	"१२३४५६७८९०१२३४५६७८९०"	
hi-u-nu-deva	{$n :number signDisplay=always}	int 0	"+०"	
hi-u-nu-deva	{$n :number signDisplay=always}	int 1	"+१"	
hi-u-nu-deva	{$n :number signDisplay=always}	int -1	"-१"	
hi-u-nu-deva	{$n :number signDisplay=always}	int 2	"+२"	
hi-u-nu-deva	{$n :number signDisplay=always}	int 5	"+५"	
hi-u-nu-deva	{$n :number signDisplay=always}	int 21	"+२१"	
hi-u-nu-deva	{$n :number signDisplay=always}	int 1000	"+१,०००"	
hi-u-nu-deva	{$n :number signDisplay=always}	float 1.5	"+१.५"	
hi-u-nu-deva	{$n :number signDisplay=always}	decimal 1234.5	"+१,२३४.५"	
hi-u-nu-deva	{$n :number signDisplay=always}	decimal -1234567.891	"-१२,३४,५६७.८९१"	
hi-u-nu-deva	{$n :number signDisplay=always}	decimal 0.001	"+०.००१"	
hi-u-nu-deva	{$n :number signDisplay=always}	decimal 12345678901234567890	"+१,२३,४५,६७,८९,०१,२३,४५,६७,८९०"	
hi-u-nu-deva	{$n :integer}	int 0	"०"	
hi-u-nu-deva	{$n :integer}	int 1	"१"	
hi-u-nu-deva	{$n :integer}	int -1	"-१"	
hi-u-nu-deva	{$n :integer}	int 2	"२"	
hi-u-nu-deva	{$n :integer}	int 5	"५"	
hi-u-nu-deva	{$n :integer}	int 21	"२१"	
hi-u-nu-deva	{$n :integer}	int 1000	"१,०००"	
hi-u-nu-deva	{$n :integer}	float 1.5	"२"	
hi-u-nu-deva	{$n :integer}	decimal 1234.5	"१,२३५"	
hi-u-nu-deva	{$n :integer}	decimal -1234567.891	"-१२,३४,५६८"	
hi-u-nu-deva	{$n :integer}	decimal 0.001	"०"	
hi-u-nu-deva	{$n :integer}	decimal 12345678901234567890	"१,२३,४५,६७,८९,०१,२३,४५,६७,८९०"	
hi-u-nu-deva	{$n :percent}	int 0	"०%"	
hi-u-nu-deva	{$n :percent}	int 1	"१००%"	
hi-u-nu-deva	{$n :percent}	int -1	"-१००%"	
hi-u-nu-deva	{$n :percent}	int 2	"२००%"	
hi-u-nu-deva	{$n :percent}	int 5	"५००%"	
hi-u-nu-deva	{$n :percent}	int 21	"२,१००%"	
hi-u-nu-deva	{$n :percent}	int 1000	"१,००,०००%"	
hi-u-nu-deva	{$n :percent}	float 1.5	"१५०%"	
hi-u-nu-deva	{$n :percent}	decimal 1234.5	"१,२३,४५०%"	
hi-u-nu-deva	{$n :percent}	decimal -1234567.891	"-१२,३४,५६,७८९%"	
hi-u-nu-deva	{$n :percent}	decimal 0.001	"०%"	
hi-u-nu-deva	{$n :percent}	decimal 12345678901234567890	"१,२३,४५,६७,८९,०१,२३,४५,६७,८९,०००%"	
hi-u-nu-deva	{$n :percent maximumFractionDigits=1}	int 0	"०%"	
hi-u-nu-deva	{$n :percent maximumFractionDigits=1}	int 1	"१००%"	
hi-u-nu-deva	{$n :percent maximumFractionDigits=1}	int -1	"-१००%"	
hi-u-nu-deva	{$n :percent maximumFractionDigits=1}	int 2	"२००%"	
hi-u-nu-deva	{$n :percent maximumFractionDigits=1}	int 5	"५००%"	
hi-u-nu-deva	{$n :percent maximumFractionDigits=1}	int 21	"२,१००%"	
hi-u-nu-deva	{$n :percent maximumFractionDigits=1}	int 1000	"१,००,०००%"	
hi-u-nu-deva	{$n :percent maximumFractionDigits=1}	float 1.5	"१५०%"	
hi-u-nu-deva	{$n :percent maximumFractionDigits=1}	decimal 1234.5	"१,२३,४५०%"	
hi-u-nu-deva	{$n :percent maximumFractionDigits=1}	decimal -1234567.891	"-१२,३४,५६,७८९.१%"	
hi-u-nu-deva	{$n :percent maximumFractionDigits=1}	decimal 0.001	"०.१%"	
hi-u-nu-deva	{$n :percent maximumFractionDigits=1}	decimal 12345678901234567890	"१,२३,४५,६७,८९,०१,२३,४५,६७,८९,०००%"	
hi-u-nu-deva	.input {$n :number} .match $n zero {{zero}} one {{one}} two {{two}} few {{few}} many {{many}} * {{other}}	int 0	"one"	
hi-u-nu-deva	.input {$n :number} .match $n zero {{zero}} one {{one}} two {{two}} few {{few}} many {{many}} * {{other}}	int 1	"one"	
hi-u-nu-deva	.input {$n :number} .match $n zero {{zero}} one {{one}} two {{two}} few {{few}} many {{many}} * {{other}}	int -1	"one"	
hi-u-nu-deva	.input {$n :number} .match $n zero {{zero}} one {{one}} two {{two}} few {{few}} many {{many}} * {{other}}	int 2	"other"	
hi-u-nu-deva	.input {$n :number} .match $n zero {{zero}} one {{one}} two {{two}} few {{few}} many {{many}} * {{other}}	int 5	"other"	
hi-u-nu-deva	.input {$n :number} .match $n zero {{zero}} one {{one}} two {{two}} few {{few}} many {{many}} * {{other}}	int 21	"other"	
hi-u-nu-deva	.input {$n :number} .match $n zero {{zero}} one {{one}} two {{two}} few {{few}} many {{many}} * {{other}}	int 1000	"other"	
hi-u-nu-deva	.input {$n :number} .match $n zero {{zero}} one {{one}} two {{two}} few {{few}} many {{many}} * {{other}}	float 1.5	"other"	
hi-u-nu-deva	.input {$n :number} .match $n zero {{zero}} one {{one}} two {{two}} few {{few}} many {{many}} * {{other}}	decimal 1234.5	"other"	
hi-u-nu-deva	.input {$n :number} .match $n zero {{zero}} one {{one}} two {{two}} few {{few}} many {{many}} * {{other}}	decimal -1234567.891	"other"	
hi-u-nu-deva	.input {$n :number} .match $n zero {{zero}} one {{one}} two {{two}} few {{few}} many {{many}} * {{other}}	decimal 0.001	"one"	
hi-u-nu-deva	.input {$n :number} .match $n zero {{zero}} one {{one}} two {{two}} few {{few}} many {{many}} * {{other}}	decimal 12345678901234567890	"other"	
hi-u-nu-deva	.input {$n :number select=ordinal} .match $n zero {{zero}} one {{one}} two {{two}} few {{few}} many {{many}} * {{other}}	int 0	"other"	
hi-u-nu-deva	.input {$n :number select=ordinal} .match $n zero {{zero}} one {{one}} two {{two}} few {{few}} many {{many}} * {{other}}	int 1	"one"	
hi-u-nu-deva	.input {$n :number select=ordinal} .match $n zero {{zero}} one {{one}} two {{two}} few {{few}} many {{many}} * {{other}}	int -1	"one"	
hi-u-nu-deva	.input {$n :number select=ordinal} .match $n zero {{zero}} one {{one}} two {{two}} few {{few}} many {{many}} * {{other}}	int 2	"two"	
hi-u-nu-deva	.input {$n :number select=ordinal} .match $n zero {{zero}} one {{one}} two {{two}} few {{few}} many {{many}} * {{other}}	int 5	"other"	
hi-u-nu-deva	.input {$n :number select=ordinal} .match $n zero {{zero}} one {{one}} two {{two}} few {{few}} many {{many}} * {{other}}	int 21	"other"	
hi-u-nu-deva	.input {$n :number select=ordinal} .match $n zero {{zero}} one {{one}} two {{two}} few {{few}} many {{many}} * {{other}}	int 1000	"other"	
hi-u-nu-deva	.input {$n :number select=ordinal} .match $n zero {{zero}} one {{one}} two {{two}} few {{few}} many {{many}} * {{other}}	float 1.5	"other"	
hi-u-nu-deva	.input {$n :number select=ordinal} .match $n zero {{zero}} one {{one}} two {{two}} few {{few}} many {{many}} * {{other}}	decimal 1234.5	"other"	
hi-u-nu-deva	.input {$n :number select=ordinal} .match $n zero {{zero}} one {{one}} two {{two}} few {{few}} many {{many}} * {{other}}	decimal -1234567.891	"other"	
hi-u-nu-deva	.input {$n :number select=ordinal} .match $n zero {{zero}} one {{one}} two {{two}} few {{few}} many {{many}} * {{other}}	decimal 0.001	"other"	
hi-u-nu-deva	.input {$n :number select=ordinal} .match $n zero {{zero}} one {{one}} two {{two}} few {{few}} many {{many}} * {{other}}	decimal 12345678901234567890	"other"	
